lat,lon,rank_abi,rank_aoi,rqi
27.8912,-82.5415,,,
31.852,-86.6482,,,
32.4112,-88.5346,,,
32.5248,-87.8398,,,
33.0661,-95.505,,,
33.1682,-90.8359,,,
33.7858,-102.3692,,,
34.0335,-102.7651,,,
34.2591,-101.2661,,,
34.2689,-91.34,,,
34.3526,-102.8867,,,
34.4253,-102.9926,,,
34.5901,97.3153,,,
34.9825,-97.5207,,,
34.9825,-97.5205,,,
34.9826,-97.5206,,,
34.9836,-97.5256,,,
35.1269,-89.8003,,,
35.1808,-97.4396,,,
35.181,-97.4354,,,
35.1811,-97.4382,,,
35.1818,-97.4392,,,
35.1818,-97.4377,,,
35.1861,-97.4457,,,
35.2394,-97.4644,,,
35.5353,-98.2388,,,
35.6445,-97.4721,,,
35.8076,-98.4223,,,
35.841,-99.4473,,,
36.2121,-102.1337,,,
36.7262,-102.5356,,,
36.9386,-97.3436,,,
37.0776,-96.958,,,
37.2195,-103.6117,,,
37.8053,-100.3202,,,
38.6144,-100.5058,,,
40.1047,-100.6056,,,
41.2382,-95.8934,,,
42.0234,-97.4378,,,
42.3572,-97.5946,,,
45.0224,-104.406,,,
32.4977,-87.8499,,,
32.7118,-102.7157,,,
32.9477,-102.8127,,,
33.216,-96.4472,,,
33.3552,-91.0391,,,
33.3639,-91.2622,,,
33.4077,-102.4884,,,
33.5877,-88.6609,,,
33.601,-102.3512,,,
33.6577,-101.1972,,,
33.8362,-103.3361,,,
34.0171,-102.0844,,,
34.1748,-97.1526,,,
34.4701,-103.1258,,,
34.6512,-99.5269,,,
34.8479,-87.6919,,,
34.9824,-97.5207,,,
34.9824,-97.5206,,,
34.9834,-97.5256,,,
34.9835,-97.5255,,,
35.1812,-97.4387,,,
35.1814,-97.4393,,,
35.1816,-97.4391,,,
35.1816,-97.439,,,
35.1816,-97.438,,,
35.1817,-97.4393,,,
35.1817,-97.4392,,,
35.1817,-97.4391,,,
35.2394,-97.4642,,,
35.2455,-97.4758,,,
35.5818,-90.7275,,,
35.6891,-98.3511,,,
36.0578,-89.3845,,,
36.1035,-99.7571,,,
36.1383,-99.7446,,,
36.389,-97.9446,,,
36.9392,-97.3439,,,
38.1818,-87.7823,,,
38.6744,-100.5056,,,
38.7347,-89.9143,,,
40.7433,-104.0689,,,
41.1075,-100.766,,,
41.4366,-100.3382,,,
41.9816,-100.5418,,,
43.376,-92.8104,,,
44.4874,-102.8238,,,
34.79425,-103.77755,1,1,1.0
34.82255,-103.74229,2,2,1.0
34.80883,-103.77591,3,3,0.8
34.79427,-103.79516,4,4,0.8
34.8088,-103.75701,5,5,0.8
34.82267,-103.63631,1,1,1.0
34.8227,-103.65387,2,2,0.8
34.82286,-103.67047,3,3,0.8
34.82272,-103.61867,4,4,0.8
34.79371,-103.63634,5,5,1.0
34.8946,-103.44225,1,1,1.0
34.82204,-103.44267,2,2,1.0
34.8366,-103.44266,3,3,0.8
34.82207,-103.47784,4,4,0.8
34.82219,-103.51293,5,5,0.8
34.89441,-103.35427,1,1,1.0
34.8786,-103.31925,2,2,0.8
34.86521,-103.31944,3,3,0.8
34.87985,-103.35296,4,4,0.8
34.90892,-103.35407,5,5,0.8
34.90827,-103.161,1,1,0.8
34.90826,-103.10824,2,2,1.0
34.90825,-103.14345,3,3,0.8
34.9083,-103.17863,4,4,0.8
34.90812,-103.19615,5,5,0.8
34.90885,-102.8153,1,1,0.8
34.93063,-102.81554,2,2,0.8
34.94496,-102.81568,3,3,0.8
34.8871,-102.81503,4,4,0.8
34.87266,-102.81491,5,5,0.8
34.94621,-102.4034,1,1,0.8
34.96076,-102.4032,2,2,0.8
34.97188,-102.40308,3,3,0.8
34.91581,-102.4039,4,4,0.8
34.98291,-102.40293,5,5,0.8
34.95201,-102.11076,1,1,1.0
34.93299,-102.15189,2,2,0.8
34.92719,-102.16407,3,3,0.8
34.93794,-102.14137,4,4,0.8
34.9604,-102.09303,5,5,1.0
34.98111,-102.00772,2,1,0.8
34.97858,-102.01933,1,2,0.8
34.98417,-101.9948,3,3,0.8
34.98558,-101.98384,5,4,0.8
34.97263,-102.04339,4,5,0.8
34.98503,-101.83924,1,1,0.8
34.98516,-101.81196,2,2,0.8
34.94095,-101.84841,3,3,0.8
34.98524,-101.79399,4,4,0.8
34.98531,-101.77609,5,5,0.8
34.98559,-101.73963,2,1,0.8
34.98573,-101.70327,1,2,0.8
34.98574,-101.71454,3,3,0.2
34.98562,-101.72847,4,4,0.2
34.98732,-101.36209,1,1,0.8
34.97287,-101.36194,2,2,0.8
35.01662,-101.36237,3,3,0.8
34.95829,-101.36181,4,4,0.8
35.03137,-101.36252,5,5,0.8
35.03314,-101.16138,2,1,0.8
35.03266,-101.14844,1,2,0.8
35.03446,-101.19491,4,3,0.8
35.03142,-101.11548,5,4,0.8
35.03061,-101.09575,3,5,0.8
34.98917,-101.00854,1,1,0.8
34.99444,-101.01938,3,2,0.8
35.00567,-101.04254,2,3,0.8
35.02261,-101.07774,5,4,0.8
34.98227,-100.99596,4,5,0.8
34.98029,-100.89229,1,1,0.8
34.98933,-100.89347,2,2,0.8
34.97072,-100.89213,3,3,0.2
35.02972,-100.58321,1,1,0.8
35.01216,-100.58036,2,2,0.8
35.02162,-100.22189,1,1,1.0
35.05225,-100.23787,2,2,0.8
35.03776,-100.23043,4,3,0.8
34.99359,-100.22085,3,4,0.8
35.00873,-100.22075,5,5,0.8
34.98704,-99.97607,1,1,1.0
34.98697,-99.99154,2,2,0.8
34.97809,-99.97607,3,3,0.2
35.1037,-99.83527,1,1,0.8
35.11694,-99.83539,2,2,0.8
35.05606,-99.90383,3,3,0.2
35.08161,-99.90617,4,4,0.2
35.10229,-99.80688,5,5,0.2
35.05881,-99.6771,1,1,0.8
35.05962,-99.65971,2,2,0.8
35.07229,-99.69478,4,3,0.8
35.00218,-99.64312,5,4,1.0
35.05864,-99.69485,3,5,1.0
35.0166,-99.50172,1,1,1.0
35.02973,-99.48344,3,2,1.0
35.08792,-99.50085,2,3,0.8
35.01054,-99.51705,5,4,1.0
35.08449,-99.51868,4,5,1.0
35.07323,-99.35986,1,1,1.0
35.07326,-99.30757,3,2,1.0
35.07326,-99.343,2,3,1.0
35.05588,-99.34292,4,4,0.8
35.07317,-99.3253,5,5,0.8
35.07313,-99.18421,1,1,1.0
35.07319,-99.20184,2,2,0.8
35.05858,-99.18419,3,3,0.8
35.11666,-99.20887,5,4,0.8
35.05857,-99.13144,4,5,0.8
35.07811,-99.06078,1,1,1.0
35.07303,-99.02596,4,2,0.8
35.11657,-99.06067,3,3,1.0
35.07306,-99.00828,2,4,0.8
35.11661,-99.09602,5,5,1.0
35.07887,-98.81439,1,1,1.0
35.0511,-98.78963,2,2,1.0
35.07299,-98.79661,5,3,0.8
35.05844,-98.79686,3,4,0.8
35.02932,-98.88485,4,5,0.8
35.09474,-98.67394,1,1,1.0
35.09463,-98.70882,3,2,0.8
35.09469,-98.69137,2,3,1.0
35.073,-98.69139,4,4,0.8
35.14634,-98.72326,5,5,1.0
35.07263,-98.53303,1,1,1.0
35.08711,-98.53293,3,2,1.0
35.08711,-98.55925,2,3,1.0
35.07268,-98.5594,4,4,0.8
35.08694,-98.48007,5,5,0.8
35.04359,-98.35694,2,1,1.0
35.09267,-98.30215,4,2,1.0
35.04364,-98.40956,3,3,1.0
35.05812,-98.40956,1,4,1.0
35.05808,-98.35695,5,5,0.8
35.13643,-98.12646,1,1,0.8
35.11724,-98.26721,2,2,0.8
35.12208,-98.25358,3,3,0.2
35.05101,-98.14596,4,4,0.2
35.11299,-98.25114,5,5,0.2
35.08697,-98.02272,2,1,0.8
35.13123,-97.96137,1,2,1.0
35.10152,-98.02271,4,3,0.8
35.11673,-98.05473,5,4,0.8
35.14553,-98.02128,3,5,0.8
35.16023,-97.82921,2,1,1.0
35.12976,-97.8349,1,2,0.8
35.11668,-97.83809,3,3,0.8
35.07318,-97.7939,5,4,0.8
35.12324,-97.88178,4,5,0.2
35.07321,-97.71386,1,1,0.2
35.14514,-96.96688,1,1,0.8
35.07276,-96.92057,3,1,0.2
35.14514,-96.93024,1,2,0.2
35.10438,-96.92194,2,3,0.2
35.15605,-96.93196,4,4,0.2
35.04337,-96.67916,1,1,0.8
35.09108,-96.67872,2,2,0.2
35.08424,-96.66993,3,3,0.2
35.06024,-96.75787,4,4,0.2
35.0868,-96.48723,2,1,0.2
35.14523,-96.57443,1,2,0.2
35.0868,-96.52738,3,3,0.2
35.14527,-96.60714,4,4,0.2
35.13037,-96.35326,3,1,0.8
35.11585,-96.35328,2,2,0.8
35.14481,-96.40072,1,3,0.8
35.10559,-96.35327,5,4,0.2
35.08686,-96.33974,4,5,0.2
35.15941,-96.24772,1,1,0.8
35.16859,-96.24774,2,2,0.2
35.04848,-96.2476,3,3,0.2
34.94945,-103.75987,1,1,0.8
34.91185,-103.76023,2,2,0.2
35.04237,-103.61315,1,1,0.8
35.04165,-103.54379,2,2,0.8
35.04176,-103.59001,3,3,0.2
35.04181,-103.55885,4,4,0.2
35.03177,-103.54271,5,5,0.2
34.95544,-103.3663,1,1,0.8
34.97081,-103.3666,2,2,0.8
34.98524,-103.35953,3,3,0.8
34.95329,-103.35357,4,4,0.2
35.02669,-103.10196,1,1,0.8
35.04234,-103.10205,3,2,0.2
35.05148,-103.10205,4,3,0.2
34.95311,-103.10122,2,4,0.8
35.03265,-102.7462,1,1,0.8
35.03238,-102.78137,2,2,0.8
35.03278,-102.7283,3,3,0.8
35.03224,-102.79913,4,4,0.8
35.03292,-102.71094,5,5,0.8
35.04289,-102.65777,1,1,0.8
35.05339,-102.65762,2,2,0.8
35.03327,-102.65791,3,3,0.8
35.06532,-102.65744,4,4,0.8
35.05648,-102.40205,1,1,0.8
35.07117,-102.4019,2,2,0.8
35.0417,-102.40223,4,3,0.8
35.02713,-102.40239,3,4,0.8
35.09354,-102.40162,5,5,0.8
35.12141,-101.76867,1,1,0.8
35.12076,-101.79525,2,2,0.8
35.12032,-101.80682,3,3,0.8
35.13511,-101.74465,4,4,0.8
35.12029,-101.81938,5,5,0.8
35.1339,-101.42596,1,1,0.8
35.13916,-101.44398,2,2,0.8
35.14693,-101.47076,3,3,0.8
35.14871,-101.36388,4,4,0.8
35.15212,-101.48865,5,5,0.8
35.08202,-101.28408,1,1,0.8
35.07555,-101.26728,2,2,0.8
35.09064,-101.30652,3,3,0.8
35.07148,-101.25672,4,4,0.8
35.06148,-101.24399,5,5,0.8
35.18264,-100.90767,1,1,1.0
35.13039,-100.89513,2,2,0.8
35.16831,-100.90336,3,3,0.8
35.18335,-100.94743,4,4,0.8
35.18371,-100.96441,5,5,0.8
35.18774,-100.81182,1,1,0.8
35.18038,-100.82653,2,2,0.8
35.19401,-100.80361,3,3,0.8
35.20477,-100.78656,4,4,0.8
35.19746,-100.60971,1,1,0.8
35.12334,-100.23765,1,1,0.8
35.10033,-100.23782,2,2,0.8
35.16248,-100.25503,3,3,0.2
35.22664,-100.10918,1,1,0.8
35.22665,-100.13035,2,2,0.8
35.18949,-99.94147,2,1,0.8
35.18972,-99.95917,1,2,0.8
35.16045,-99.90578,3,3,0.8
35.2046,-99.92968,4,4,0.8
35.17495,-99.87101,5,5,0.8
35.18844,-99.74768,1,1,1.0
35.20453,-99.80466,4,2,1.0
35.16052,-99.85325,2,3,1.0
35.20449,-99.75295,5,4,0.8
35.16058,-99.81795,3,5,0.8
35.17503,-99.6409,1,1,1.0
35.17512,-99.62432,2,2,1.0
35.17498,-99.65952,4,3,1.0
35.16327,-99.62427,3,4,0.8
35.17495,-99.67709,5,5,1.0
35.18957,-99.44848,1,1,1.0
35.17508,-99.3956,3,2,1.0
35.16029,-99.36017,5,3,1.0
35.17496,-99.43086,2,4,1.0
35.18956,-99.43089,4,5,0.8
35.2045,-99.30755,2,1,1.0
35.16032,-99.25451,1,2,1.0
35.16037,-99.30748,3,3,1.0
35.20451,-99.29389,4,4,0.8
35.16039,-99.28976,5,5,0.8
35.20433,-99.13515,1,1,1.0
35.18934,-99.13105,3,2,1.0
35.16035,-99.11352,2,3,1.0
35.20437,-99.09967,4,4,1.0
35.20435,-99.11345,5,5,0.8
35.1754,-98.89866,2,1,1.0
35.21888,-98.99373,1,2,1.0
35.18935,-99.00787,4,3,1.0
35.16005,-99.02571,5,4,1.0
35.16007,-98.95506,3,5,1.0
35.22598,-98.76459,2,1,0.8
35.20432,-98.85256,1,2,1.0
35.21879,-98.81728,3,3,0.8
35.24057,-98.85256,5,4,1.0
35.24765,-98.76462,4,5,0.8
35.20417,-98.60405,1,1,1.0
35.1878,-98.61805,5,2,1.0
35.18966,-98.60077,3,3,1.0
35.2543,-98.62365,4,4,1.0
35.2332,-98.6061,2,5,1.0
35.20412,-98.42386,1,1,1.0
35.20486,-98.41213,2,2,1.0
35.23311,-98.42967,4,3,1.0
35.23305,-98.41206,5,4,1.0
35.18963,-98.42485,3,5,1.0
35.26175,-98.26243,1,1,1.0
35.2762,-98.26237,3,2,1.0
35.16069,-98.31082,2,3,1.0
35.18581,-98.2141,4,4,0.8
35.17512,-98.33706,5,5,0.8
35.21813,-98.10788,2,1,0.2
35.21826,-98.16549,1,2,0.8
35.1669,-98.09128,3,3,0.2
35.15752,-98.09127,4,4,0.2
35.20368,-97.9183,1,1,1.0
35.20366,-97.88172,2,2,0.8
35.22638,-97.95369,5,3,0.2
35.20366,-97.89559,3,4,0.2
35.20368,-97.99863,4,5,0.2
35.24722,-97.81227,1,1,1.0
35.18924,-97.81144,5,2,1.0
35.20373,-97.79378,3,3,0.8
35.20367,-97.85673,2,4,1.0
35.25902,-97.838,4,5,1.0
35.20651,-97.02242,1,1,0.2
35.18835,-96.70791,1,1,1.0
35.17392,-96.74627,4,2,0.8
35.18648,-96.7353,2,3,0.8
35.18843,-96.72269,3,4,0.8
35.22477,-96.74064,5,5,0.2
35.27558,-96.60032,2,1,0.8
35.29003,-96.63576,1,2,0.8
35.26035,-96.60029,3,3,0.2
35.29479,-96.60043,5,4,0.2
35.26578,-96.55421,4,5,0.2
35.23189,-96.4766,1,1,1.0
35.21736,-96.47659,2,2,0.8
35.20289,-96.49433,3,3,0.8
35.23188,-96.49434,4,4,1.0
35.18832,-96.40596,5,5,0.8
35.23192,-96.3527,1,1,0.8
35.28272,-96.28202,2,2,0.8
35.18848,-96.28836,4,3,0.2
35.17394,-96.30022,3,4,0.8
35.23192,-96.33673,5,5,0.2
35.08525,-103.61352,3,1,0.8
35.11429,-103.61358,1,2,0.8
35.07067,-103.61356,4,3,0.8
35.12446,-103.61355,2,4,0.8
35.05965,-103.61353,5,5,0.8
35.14454,-103.43739,1,1,0.8
35.17315,-103.52497,3,2,0.8
35.17324,-103.50027,2,3,0.8
35.159,-103.46235,4,4,0.2
35.15167,-103.45077,5,5,0.2
35.1227,-103.38392,1,1,0.8
35.07956,-103.33131,3,2,0.8
35.18642,-103.33141,2,3,0.8
35.17047,-103.33154,4,4,0.2
35.14009,-103.42649,5,5,0.2
35.12228,-103.24894,1,1,0.8
35.13835,-103.20739,2,2,0.8
35.1709,-103.10842,5,3,0.8
35.10359,-103.10205,4,4,0.8
35.14941,-103.17511,3,5,0.2
35.17448,-103.09739,1,1,0.8
35.15132,-102.65666,1,1,0.8
35.16584,-102.65657,2,2,0.8
35.13674,-102.65675,3,3,0.8
35.1223,-102.65684,4,4,0.8
35.10779,-102.65693,5,5,0.8
35.17801,-102.40063,1,1,0.8
35.15858,-102.4005,2,2,0.8
35.1952,-102.40854,3,3,0.8
35.14419,-102.40066,4,4,0.8
35.22649,-102.33359,5,5,0.8
35.20919,-102.19039,1,1,0.8
35.2091,-102.20197,2,2,0.8
35.20941,-102.21394,3,3,0.8
35.20432,-102.14965,4,4,0.8
35.20061,-102.13428,5,5,0.8
35.19008,-102.01619,1,1,0.8
35.19124,-102.0573,2,2,0.8
35.19156,-102.0703,3,3,0.8
35.19214,-102.09665,4,4,0.8
35.19046,-102.03191,5,5,0.2
35.18858,-101.6538,1,1,0.8
35.18619,-101.63607,2,2,0.8
35.1847,-101.62499,3,3,0.8
35.21088,-101.6143,4,4,0.8
35.23904,-101.61825,5,5,0.8
35.2206,-101.57283,1,1,1.0
35.22113,-101.51319,2,2,0.8
35.22082,-101.53835,3,3,0.8
35.22128,-101.50109,4,4,0.8
35.22093,-101.55231,5,5,0.8
35.2169,-101.3825,1,1,1.0
35.20763,-101.34984,2,2,0.8
35.20978,-101.36469,4,3,0.8
35.23685,-101.38254,3,4,0.8
35.20756,-101.38184,5,5,0.8
35.20743,-101.14884,1,1,1.0
35.20767,-101.19698,2,2,0.8
35.20756,-101.2141,3,3,0.8
35.20761,-101.16519,4,4,0.8
35.20771,-101.23171,5,5,0.8
35.24074,-100.9745,1,1,0.8
35.22643,-100.97522,2,2,0.8
35.2559,-100.97353,3,3,0.8
35.21719,-100.9751,4,4,0.8
35.27044,-100.97355,5,5,0.8
35.18385,-100.86713,1,1,0.8
35.18263,-100.85342,2,2,0.8
35.18052,-100.84125,3,3,0.8
35.21247,-100.77628,4,4,0.2
35.18077,-100.8778,5,5,0.2
35.2146,-100.74338,1,1,1.0
35.2163,-100.68842,2,2,0.8
35.21411,-100.77382,4,3,0.8
35.21248,-100.72537,3,4,0.8
35.22674,-100.64242,5,5,0.2
35.22681,-100.53859,1,1,0.8
35.28471,-100.60951,3,2,0.8
35.22709,-100.49613,2,3,0.8
35.2268,-100.56355,4,4,0.2
35.22718,-100.52697,5,5,0.2
35.22711,-100.43206,1,1,0.8
35.22685,-100.40399,2,2,0.2
35.22685,-100.41863,3,3,0.2
35.22673,-100.17313,2,1,0.8
35.27831,-100.23624,1,2,0.8
35.31376,-100.23618,5,3,0.8
35.2909,-100.2362,3,4,0.8
35.22667,-100.1599,4,5,0.8
35.22693,-100.04413,1,1,0.2
35.22691,-100.05761,2,2,0.2
35.22691,-100.07175,3,3,0.2
35.32071,-99.95832,5,4,0.2
35.22695,-100.03199,4,5,0.2
35.26256,-99.87654,1,1,1.0
35.25243,-99.85893,2,2,0.8
35.2772,-99.85891,3,3,0.8
35.27718,-99.84126,4,4,0.8
35.2772,-99.80584,5,5,0.8
35.30586,-99.73532,2,1,1.0
35.30589,-99.71763,1,2,1.0
35.24451,-99.75293,4,3,1.0
35.34933,-99.71748,5,4,1.0
35.30581,-99.69984,3,5,0.8
35.29138,-99.55854,1,1,1.0
35.27678,-99.55863,3,2,0.8
35.29134,-99.47036,2,3,1.0
35.26237,-99.55434,4,4,0.8
35.24788,-99.50573,5,5,0.8
35.29134,-99.32573,1,1,1.0
35.34934,-99.32923,3,2,1.0
35.33482,-99.32927,2,3,1.0
35.30586,-99.32924,5,4,0.8
35.24794,-99.3647,4,5,0.8
35.29141,-99.20569,1,1,1.0
35.33494,-99.24094,5,2,1.0
35.3349,-99.22343,3,3,1.0
35.29137,-99.18802,2,4,1.0
35.30593,-99.20566,4,5,0.8
35.29128,-99.08186,1,1,1.0
35.30597,-99.06396,2,2,1.0
35.26227,-99.08191,3,3,1.0
35.30581,-99.08718,4,4,0.8
35.27676,-99.08197,5,5,0.8
35.2913,-98.88798,1,1,1.0
35.29126,-98.90567,2,2,1.0
35.27675,-98.88793,3,3,1.0
35.29128,-98.92335,4,4,1.0
35.32038,-98.83488,5,5,0.8
35.31983,-98.72928,1,1,1.0
35.34878,-98.72927,3,2,1.0
35.26212,-98.71189,4,3,1.0
35.29089,-98.71178,2,4,1.0
35.29082,-98.69412,5,5,1.0
35.34862,-98.57038,1,1,1.0
35.29073,-98.50027,2,2,1.0
35.29072,-98.48261,3,3,1.0
35.36301,-98.46505,4,4,1.0
35.27636,-98.48243,5,5,0.8
35.2934,-98.39444,1,1,1.0
35.34868,-98.4474,2,2,1.0
35.33415,-98.44742,3,3,1.0
35.30521,-98.4122,4,4,0.8
35.31983,-98.41217,5,5,0.8
35.33419,-98.16601,2,1,1.0
35.31959,-98.13052,3,2,0.8
35.33809,-98.19248,1,3,0.8
35.33408,-98.1825,4,4,0.2
35.36822,-98.25405,5,5,0.2
35.3343,-98.02536,3,1,0.8
35.37608,-98.09601,2,2,1.0
35.36336,-98.07871,1,3,1.0
35.33446,-98.041,4,4,0.2
35.30533,-98.06386,5,5,0.2
35.30524,-97.86542,1,1,1.0
35.30516,-97.87697,3,2,0.2
35.26766,-97.84769,2,3,0.2
35.30516,-97.89028,5,4,0.2
35.31441,-97.86545,4,5,0.2
35.34445,-96.75925,2,1,0.8
35.34809,-96.74155,4,2,0.8
35.34814,-96.72386,1,3,0.8
35.38429,-96.74162,5,4,0.8
35.38535,-96.67144,3,5,1.0
35.36265,-96.60061,1,1,1.0
35.34809,-96.5976,3,2,0.2
35.34812,-96.60875,2,3,0.2
35.36261,-96.58539,5,4,0.2
35.38386,-96.50911,4,5,0.2
35.40435,-96.37656,1,1,1.0
35.38828,-96.29966,3,2,0.2
35.37274,-96.29967,4,3,0.2
35.40922,-96.35287,2,4,0.8
35.41687,-96.3793,5,5,0.2
35.27967,-96.19365,1,1,0.8
35.28445,-96.18327,2,2,0.2
35.40447,-96.01682,1,1,0.2
35.23554,-103.59604,1,1,0.8
35.21719,-103.63144,2,2,0.8
35.22653,-103.61345,3,3,0.8
35.24488,-103.57799,4,4,0.8
35.20487,-103.65486,5,5,0.8
35.30259,-103.44398,1,1,0.8
35.29314,-103.46026,2,2,0.2
35.28773,-103.47388,3,3,0.2
35.17334,-103.48684,4,4,0.2
35.21552,-103.26097,1,1,0.8
35.21547,-103.29596,2,2,0.8
35.21556,-103.27845,3,3,0.8
35.2155,-103.33133,4,4,1.0
35.23008,-103.33131,5,5,0.8
35.21558,-103.17879,1,1,0.8
35.26376,-102.74443,1,1,0.8
35.25494,-102.76753,2,2,0.2
35.25961,-102.75621,4,3,0.2
35.25082,-102.77844,3,4,0.2
35.26875,-102.72927,5,5,0.2
35.27041,-102.56515,1,1,0.8
35.26733,-102.54907,2,2,0.8
35.23832,-102.65615,3,3,0.8
35.27337,-102.59788,4,4,0.2
35.26329,-102.52742,5,5,0.2
35.28208,-102.40438,1,1,0.8
35.30037,-102.3875,2,2,0.8
35.25576,-102.48756,3,3,0.8
35.31381,-102.37593,4,4,0.8
35.25771,-102.49962,5,5,0.2
35.35342,-101.83156,1,1,0.8
35.28826,-101.70682,2,2,0.8
35.29695,-101.69627,3,3,0.8
35.36316,-101.83171,5,4,0.2
35.34329,-101.8315,4,5,0.2
35.34295,-101.6462,1,1,0.8
35.3281,-101.65847,2,2,0.8
35.36009,-101.64014,3,3,0.8
35.31006,-101.68039,4,4,0.8
35.26994,-101.59414,5,5,0.8
35.31945,-101.43497,1,1,0.8
35.31385,-101.45278,2,2,0.8
35.32495,-101.41719,3,3,0.8
35.31011,-101.38174,4,4,0.8
35.29743,-101.50571,5,5,0.8
35.37144,-101.31089,1,1,0.8
35.37973,-101.29303,2,2,0.8
35.3839,-101.27511,4,3,0.8
35.36318,-101.3286,3,4,0.8
35.39228,-101.2572,5,5,0.8
35.35763,-100.97354,3,1,0.8
35.37211,-100.97354,1,2,0.8
35.34311,-100.97354,2,3,0.8
35.3867,-100.97354,4,4,0.8
35.32858,-100.97354,5,5,0.8
35.38585,-100.71535,1,1,0.8
35.38122,-100.7016,2,2,0.2
35.36514,-100.61343,1,1,0.8
35.34812,-100.60965,4,2,0.8
35.37797,-100.6969,2,3,0.8
35.37212,-100.68063,3,4,0.8
35.37007,-100.62295,5,5,0.2
35.40101,-100.24176,1,1,0.8
35.40981,-100.25193,2,2,0.2
35.44452,-100.1297,1,1,0.8
35.44452,-100.11211,4,2,0.8
35.44453,-100.14506,3,3,0.8
35.44449,-100.09211,2,4,0.8
35.44452,-100.08068,5,5,0.8
35.42979,-99.99961,3,1,1.0
35.45149,-99.97499,4,2,0.8
35.34971,-99.91173,1,3,1.0
35.36425,-99.90165,2,4,0.8
35.33524,-99.92928,5,5,0.8
35.39318,-99.8375,1,1,1.0
35.42214,-99.78786,5,2,0.8
35.36447,-99.80579,3,3,1.0
35.36384,-99.71743,4,4,1.0
35.3931,-99.80567,2,5,1.0
35.4071,-99.61144,2,1,1.0
35.3782,-99.63782,3,2,1.0
35.39099,-99.64685,1,3,1.0
35.40721,-99.629,5,4,0.8
35.45065,-99.62514,4,5,1.0
35.42199,-99.50546,1,1,1.0
35.42184,-99.52327,2,2,1.0
35.40728,-99.52329,3,3,1.0
35.45096,-99.47003,4,4,0.8
35.48005,-99.43494,5,5,0.8
35.42142,-99.3292,1,1,1.0
35.37828,-99.32925,2,2,1.0
35.364,-99.27602,5,3,1.0
35.39286,-99.31141,3,4,0.8
35.39283,-99.32924,4,5,1.0
35.39288,-99.15251,2,1,1.0
35.42188,-99.13475,1,2,0.8
35.40449,-99.15251,3,3,0.8
35.39294,-99.13476,4,4,1.0
35.46523,-99.08148,5,5,1.0
35.3927,-98.94068,5,1,1.0
35.39272,-98.9235,1,2,1.0
35.42165,-98.94056,3,3,0.8
35.4072,-98.94068,4,4,0.8
35.37815,-98.92354,2,5,1.0
35.45042,-98.78235,1,1,1.0
35.40724,-98.83483,2,2,1.0
35.40657,-98.72915,3,3,1.0
35.39276,-98.83482,5,4,1.0
35.43625,-98.85251,4,5,1.0
35.4211,-98.67649,1,1,1.0
35.3917,-98.64111,3,2,0.8
35.42081,-98.64797,2,3,0.8
35.44994,-98.65855,5,4,1.0
35.46442,-98.67625,4,5,1.0
35.42066,-98.47366,1,1,1.0
35.44969,-98.4736,2,2,1.0
35.47879,-98.44728,5,3,0.8
35.47876,-98.42962,3,4,0.8
35.40625,-98.46523,4,5,0.8
35.45096,-98.32395,1,1,1.0
35.43436,-98.25453,3,2,0.8
35.4201,-98.21904,5,3,0.8
35.44914,-98.28926,2,4,1.0
35.44958,-98.30634,4,5,0.8
35.39894,-98.14919,1,1,1.0
35.46453,-98.13172,3,2,1.0
35.40604,-98.18444,2,3,1.0
35.47906,-98.07875,4,4,0.8
35.40616,-98.16682,5,5,0.8
35.43511,-98.00801,1,1,0.8
35.42062,-98.00797,2,2,0.8
35.4926,-97.08872,1,1,1.0
35.46356,-97.07119,2,2,0.8
35.49258,-97.11328,5,3,0.2
35.47812,-97.08881,3,4,0.8
35.4491,-97.04178,4,5,0.8
35.43445,-97.00059,1,1,0.8
35.449,-97.00061,2,2,1.0
35.44901,-97.02213,3,3,0.2
35.4249,-97.00061,5,4,0.2
35.50678,-96.95066,4,5,0.2
35.43393,-96.75351,2,1,1.0
35.46304,-96.77124,1,2,0.8
35.43391,-96.73585,5,3,0.8
35.43406,-96.77123,4,4,0.8
35.43416,-96.78892,3,5,1.0
35.43382,-96.68313,3,1,0.8
35.41934,-96.66541,4,2,0.8
35.43389,-96.64801,2,3,0.8
35.43378,-96.6652,1,4,1.0
35.49925,-96.60733,5,5,0.2
35.49366,-96.43233,1,1,0.8
35.48935,-96.52968,2,2,0.8
35.41318,-96.43833,3,3,0.2
35.4241,-96.42559,4,4,0.2
35.47868,-96.29968,1,1,0.8
35.49318,-96.2997,2,2,0.8
35.46722,-96.29968,3,3,0.2
35.53435,-96.29965,5,4,0.2
35.42816,-96.36292,4,5,0.2
35.43512,-96.19375,1,1,1.0
35.50762,-96.17643,2,2,0.8
35.46599,-96.17633,4,3,0.2
35.44374,-96.17634,3,4,0.2
35.42754,-96.09063,5,5,0.2
35.26731,-103.52516,1,1,0.8
35.33174,-103.36234,1,1,0.8
35.40388,-103.37069,2,2,0.8
35.41084,-103.36174,3,3,0.8
35.31505,-103.3423,4,4,0.8
35.32305,-103.35179,5,5,0.2
35.38817,-102.31905,2,1,0.8
35.39599,-102.30835,3,2,0.8
35.3785,-102.32776,1,3,0.8
35.40353,-102.29702,5,4,0.8
35.34373,-102.36168,4,5,0.8
35.45523,-102.25504,1,1,0.8
35.46595,-102.24774,2,2,0.8
35.43929,-102.25901,3,3,0.2
35.42659,-101.84792,1,1,0.8
35.41819,-101.8428,2,2,0.2
35.38373,-101.83259,3,3,0.2
35.46072,-101.63566,4,1,0.8
35.48835,-101.63679,1,2,0.8
35.41004,-101.63593,2,3,0.8
35.42629,-101.63528,3,4,0.8
35.44224,-101.63541,5,5,0.2
35.42735,-101.3817,1,1,0.8
35.39804,-101.38159,2,2,0.8
35.41269,-101.38162,3,3,0.8
35.47741,-101.38516,5,4,0.2
35.45969,-101.3823,4,5,0.2
35.41336,-101.2213,1,1,0.8
35.45491,-101.13176,2,2,0.8
35.40744,-101.23252,3,3,0.2
35.50018,-101.03377,1,1,1.0
35.47935,-101.07885,2,2,1.0
35.49347,-101.04827,3,3,0.8
35.48755,-101.0607,4,4,0.8
35.50854,-101.01553,5,5,0.8
35.50451,-100.91892,1,1,1.0
35.49655,-100.89575,3,2,0.8
35.53422,-100.87577,4,3,0.8
35.53845,-100.86379,5,4,0.8
35.491,-100.86548,2,5,0.8
35.54843,-100.72202,1,1,0.8
35.54895,-100.69535,4,2,0.8
35.54859,-100.73982,2,3,0.8
35.54909,-100.67765,3,4,0.8
35.54884,-100.70782,5,5,0.2
35.51756,-100.54391,1,1,0.8
35.51761,-100.58945,2,2,0.8
35.5175,-100.48602,3,3,0.8
35.5216,-100.60638,5,4,0.2
35.51758,-100.55506,4,5,0.2
35.4696,-100.35031,2,1,0.8
35.47871,-100.37154,3,2,0.8
35.46108,-100.33005,1,3,0.8
35.53195,-100.30343,5,4,0.8
35.47426,-100.36129,4,5,0.8
35.44458,-100.21213,1,1,0.8
35.47824,-100.28119,2,2,0.8
35.44456,-100.20031,3,3,0.2
35.44454,-100.17278,5,4,0.2
35.44458,-100.2295,4,5,0.2
35.44455,-100.06033,1,1,0.2
35.48029,-99.91137,1,1,1.0
35.52388,-99.91123,2,2,0.8
35.50936,-99.89344,4,3,0.8
35.56685,-99.90853,5,4,0.8
35.50929,-99.87626,3,5,0.8
35.51207,-99.66424,5,1,0.8
35.49412,-99.66403,2,2,0.8
35.53777,-99.66782,4,3,0.8
35.46547,-99.73503,3,4,1.0
35.50876,-99.73482,1,5,1.0
35.52347,-99.46985,1,1,0.8
35.52364,-99.50364,2,2,0.2
35.52344,-99.48927,3,3,0.2
35.58072,-99.37694,1,1,1.0
35.55161,-99.30629,3,2,1.0
35.50321,-99.31152,4,3,0.8
35.49427,-99.37306,2,4,1.0
35.55172,-99.3641,5,5,0.8
35.49435,-99.16999,1,1,0.8
35.4814,-99.16998,2,2,0.2
35.55162,-99.26776,3,3,0.2
35.50876,-99.13022,4,4,0.2
35.53763,-99.04609,1,1,0.8
35.55154,-99.06387,4,2,0.8
35.58061,-99.11101,5,3,1.0
35.55158,-99.09319,3,4,0.8
35.5516,-99.11146,2,5,1.0
35.52019,-98.83483,1,1,1.0
35.58057,-98.86263,2,2,1.0
35.56604,-98.8271,5,3,0.8
35.58055,-98.84491,3,4,0.8
35.60954,-98.88038,4,5,1.0
35.566,-98.72975,1,1,0.8
35.55153,-98.78206,2,2,1.0
35.52235,-98.78209,3,3,1.0
35.53678,-98.78209,5,4,0.8
35.56602,-98.77387,4,5,1.0
35.5319,-98.53552,3,1,1.0
35.58062,-98.57906,1,2,1.0
35.5661,-98.54012,2,3,0.8
35.52948,-98.46489,4,4,1.0
35.5951,-98.59675,5,5,1.0
35.53656,-98.42954,1,1,0.8
35.53652,-98.41832,2,2,0.2
35.52916,-98.4068,5,3,0.2
35.5291,-98.43592,3,4,0.2
35.53659,-98.44202,4,5,0.2
35.5368,-98.16695,1,1,1.0
35.52242,-98.13177,3,2,1.0
35.58037,-98.22477,2,3,1.0
35.59457,-98.22478,5,4,0.8
35.5369,-98.1318,4,5,1.0
35.6095,-98.06569,2,1,1.0
35.52948,-98.11414,1,2,1.0
35.55128,-98.11407,4,3,1.0
35.62396,-98.0657,3,4,1.0
35.50802,-98.07879,5,5,0.8
35.57108,-97.83391,1,1,1.0
35.58022,-97.83388,2,2,0.8
35.59472,-97.83391,3,3,0.8
35.6094,-97.92338,4,4,0.8
35.61608,-97.83387,5,5,0.2
35.53603,-97.17704,1,1,1.0
35.53607,-97.19919,3,2,0.2
35.52502,-97.18712,2,3,0.8
35.52159,-97.20097,4,4,0.2
35.59391,-96.99915,2,1,0.8
35.55044,-97.03481,3,2,0.8
35.58473,-97.0882,1,3,0.8
35.53585,-97.00038,4,4,0.8
35.57085,-96.99923,5,5,0.2
35.59364,-96.86757,2,1,0.2
35.60861,-96.88387,1,2,0.8
35.59923,-96.88388,3,3,0.2
35.55725,-96.89035,4,4,0.2
35.54797,-96.89434,5,5,0.2
35.56463,-96.67691,1,1,0.8
35.55569,-96.68093,3,2,0.2
35.60564,-96.66221,4,3,0.2
35.60843,-96.75315,2,4,0.2
35.60844,-96.74146,5,5,0.2
35.58349,-96.56574,1,1,0.2
35.59555,-96.38794,2,1,0.8
35.581,-96.38801,1,2,0.8
35.61005,-96.3879,3,3,0.8
35.56648,-96.36659,5,4,0.2
35.6437,-96.38759,4,5,0.2
35.59533,-96.24965,3,1,0.2
35.55963,-96.26381,1,2,0.2
35.53966,-96.26468,4,3,0.2
35.56624,-96.27143,5,4,0.2
35.54891,-96.26479,2,5,0.2
35.45485,-103.46759,1,1,0.8
35.4266,-103.44796,2,2,0.8
35.41869,-103.44248,3,3,0.8
35.46515,-103.47474,5,4,0.2
35.44056,-103.45766,4,5,0.2
35.45324,-103.30727,2,1,0.8
35.43972,-103.32462,1,2,0.8
35.42469,-103.34396,3,3,0.8
35.44623,-103.31624,4,4,0.2
35.43158,-103.3351,5,5,0.2
35.47543,-102.24861,1,1,0.2
35.57889,-102.2829,2,2,0.2
35.52335,-101.91825,1,1,0.8
35.61576,-101.96007,2,2,0.8
35.60623,-101.95969,3,3,0.2
35.50908,-101.90776,4,4,0.2
35.59724,-101.9596,5,5,0.2
35.49591,-101.63877,1,1,0.8
35.58754,-101.62503,2,2,0.2
35.50598,-101.64133,3,3,0.8
35.54884,-101.40207,1,1,0.2
35.5776,-101.41295,2,2,0.2
35.53806,-101.40308,5,3,0.2
35.52898,-101.40376,3,4,0.2
35.5935,-101.40871,4,5,0.2
35.62443,-101.2741,1,1,1.0
35.64012,-101.30781,4,2,0.8
35.62981,-101.28702,2,3,0.8
35.62053,-101.26015,3,4,0.8
35.60242,-101.22215,5,5,0.2
35.5318,-101.11422,1,1,0.8
35.59302,-101.20273,2,2,0.8
35.53199,-101.09648,3,3,0.8
35.5321,-101.0831,4,4,0.8
35.53884,-101.13198,5,5,0.8
35.60626,-100.95432,1,1,0.8
35.62086,-100.95432,2,2,0.8
35.63544,-100.9544,3,3,0.8
35.64476,-100.95445,4,4,0.8
35.65992,-100.94765,5,5,0.8
35.57785,-100.78289,1,1,0.8
35.58521,-100.76781,2,2,0.8
35.5475,-100.84521,3,3,1.0
35.58997,-100.75805,4,4,0.8
35.56414,-100.81107,5,5,0.8
35.54375,-100.63299,1,1,0.8
35.54917,-100.6653,2,2,0.8
35.54923,-100.64741,3,3,0.2
35.63555,-100.7161,4,4,0.2
35.5368,-100.61953,5,5,0.2
35.57955,-100.31229,1,1,0.8
35.61947,-100.34009,3,2,0.8
35.56105,-100.30357,2,3,0.8
35.58794,-100.31635,4,4,0.2
35.57107,-100.30812,5,5,0.2
35.65379,-99.99703,1,1,1.0
35.68272,-99.92563,4,2,0.8
35.65374,-99.96148,2,3,1.0
35.65378,-99.9791,3,4,0.8
35.61039,-99.94404,5,5,0.8
35.58113,-99.80216,2,1,0.8
35.62477,-99.8729,1,2,1.0
35.61006,-99.77357,5,3,0.2
35.60603,-99.81054,4,4,0.2
35.59657,-99.81101,3,5,0.2
35.67226,-99.55339,1,1,0.8
35.60276,-99.60917,2,2,0.2
35.59961,-99.58925,3,3,0.2
35.67207,-99.46543,2,1,0.8
35.62357,-99.43,1,2,1.0
35.68079,-99.44797,3,3,0.8
35.71134,-99.48221,4,4,0.8
35.67364,-99.53514,5,5,0.2
35.63874,-99.34155,1,1,1.0
35.62425,-99.34162,2,2,0.8
35.68227,-99.37681,3,3,0.8
35.61336,-99.30593,5,4,0.2
35.63526,-99.24159,4,5,0.2
35.63867,-99.14637,2,1,1.0
35.63867,-99.12847,1,2,0.8
35.60962,-99.07541,3,3,1.0
35.59513,-99.11097,5,4,1.0
35.63865,-99.11047,4,5,1.0
35.68202,-98.96312,2,1,1.0
35.66748,-98.9513,1,2,0.8
35.60956,-98.96014,3,3,1.0
35.69333,-98.9689,4,4,0.8
35.68212,-99.00445,5,5,1.0
35.66753,-98.8272,1,1,1.0
35.66763,-98.84489,3,2,1.0
35.62404,-98.82721,4,3,1.0
35.71106,-98.81565,5,4,1.0
35.63851,-98.77393,2,5,1.0
35.66749,-98.6322,5,1,0.8
35.66765,-98.68551,1,2,1.0
35.69666,-98.68555,4,3,1.0
35.63855,-98.63219,3,4,0.8
35.63853,-98.64999,2,5,1.0
35.63668,-98.50787,1,1,1.0
35.65281,-98.50812,2,2,1.0
35.72519,-98.50826,4,3,0.8
35.6528,-98.47259,3,4,0.8
35.65275,-98.45491,5,5,0.8
35.69618,-98.31325,2,1,0.8
35.69636,-98.24257,5,2,1.0
35.68171,-98.31323,4,3,0.8
35.72519,-98.24263,1,4,1.0
35.65281,-98.36643,3,5,0.8
35.66731,-98.11862,1,1,1.0
35.65291,-98.11859,2,2,1.0
35.66729,-98.1364,4,3,0.8
35.66727,-98.17178,3,4,1.0
35.66725,-98.15411,5,5,0.8
35.66763,-97.95944,3,1,1.0
35.66765,-97.94132,4,2,0.8
35.67147,-97.9057,2,3,0.8
35.6677,-97.9236,1,4,0.8
35.67914,-97.92396,5,5,0.8
35.65355,-97.86089,1,1,1.0
35.72596,-97.85639,2,2,0.2
35.65763,-97.87178,3,3,0.2
35.68205,-97.62068,2,1,1.0
35.69816,-97.62198,1,2,1.0
35.71114,-97.59525,4,3,1.0
35.71105,-97.65637,5,4,1.0
35.69653,-97.6336,3,5,1.0
35.67546,-97.10576,1,1,0.8
35.74623,-97.08,2,2,0.2
35.68369,-96.82265,1,1,0.2
35.67157,-96.66232,1,1,1.0
35.67938,-96.65387,2,2,0.2
35.64088,-96.66238,4,3,0.2
35.66205,-96.66237,3,4,0.2
35.74091,-96.45865,2,1,0.8
35.6246,-96.45018,1,2,0.8
35.71185,-96.46012,3,3,0.2
35.70092,-96.38719,4,4,0.2
35.72652,-96.40015,5,5,0.2
35.57119,-103.65084,1,1,0.8
35.57548,-103.66079,2,2,0.2
35.58125,-103.6693,3,3,0.2
35.58838,-103.67879,4,4,0.2
35.54282,-103.58489,3,1,0.8
35.55689,-103.61759,1,2,0.8
35.56334,-103.63254,2,3,0.8
35.54819,-103.59739,4,4,0.2
35.5544,-103.17474,2,1,0.8
35.53293,-103.20466,1,2,0.8
35.53921,-103.19568,3,3,0.2
35.52312,-103.21737,4,4,0.2
35.64116,-103.05483,1,1,0.2
35.64775,-102.32861,1,1,0.8
35.69155,-102.22564,1,1,0.8
35.69138,-102.16067,2,2,0.8
35.69147,-102.17989,3,3,0.2
35.69271,-102.20331,4,4,0.2
35.69084,-102.05274,1,1,0.8
35.69078,-102.0369,2,2,0.8
35.69094,-102.08077,3,3,0.8
35.69071,-102.01839,4,4,0.8
35.69104,-102.1074,5,5,0.8
35.69044,-101.96496,1,1,1.0
35.66073,-101.95941,2,2,0.8
35.6758,-101.96507,3,3,0.8
35.64069,-101.95957,4,4,0.8
35.6306,-101.95967,5,5,0.8
35.6301,-101.51564,1,1,0.8
35.63647,-101.49773,2,2,0.8
35.65027,-101.32617,1,1,0.8
35.70835,-100.93275,1,1,0.8
35.72296,-100.93536,2,2,0.8
35.68837,-100.93168,3,3,0.8
35.73745,-100.93821,5,4,0.8
35.67612,-100.93671,4,5,0.8
35.76601,-100.47504,1,1,0.8
35.79067,-100.39431,1,1,0.8
35.66615,-100.36317,3,2,0.8
35.79994,-100.39646,2,3,1.0
35.67742,-100.36681,4,4,0.8
35.80369,-100.3833,5,5,0.2
35.79367,-100.21913,3,1,0.8
35.79368,-100.20143,2,2,0.8
35.79368,-100.18554,1,3,0.8
35.79363,-100.24607,5,4,0.8
35.79361,-100.26075,4,5,0.8
35.80313,-100.0498,1,1,0.8
35.80062,-100.07657,3,2,0.8
35.69721,-99.99666,2,3,0.8
35.71174,-99.99661,5,4,0.8
35.79976,-100.0944,4,5,0.8
35.71172,-99.92536,3,1,1.0
35.69722,-99.92549,2,2,1.0
35.81294,-99.88965,1,3,1.0
35.72625,-99.92564,4,4,0.8
35.79798,-99.85394,5,5,0.8
35.79788,-99.72306,2,1,1.0
35.78493,-99.71211,1,2,1.0
35.79792,-99.74753,4,3,0.8
35.78347,-99.6943,3,4,0.8
35.78355,-99.65888,5,5,0.8
35.75474,-99.48207,2,1,1.0
35.77626,-99.4873,4,2,0.8
35.78363,-99.62346,3,3,0.8
35.79368,-99.57143,5,4,1.0
35.78385,-99.58954,1,5,0.8
35.78331,-99.3588,1,1,0.8
35.80229,-99.35869,2,2,1.0
35.81218,-99.32319,3,3,0.8
35.78348,-99.30542,4,4,1.0
35.79793,-99.30535,5,5,0.8
35.75461,-99.21716,1,1,1.0
35.76887,-99.25238,2,2,1.0
35.76914,-99.27006,4,3,0.8
35.76902,-99.23481,3,4,1.0
35.74,-99.14629,5,5,1.0
35.81223,-99.03988,2,1,1.0
35.78345,-99.11058,4,2,0.8
35.73993,-99.10175,5,3,0.8
35.73985,-99.00459,3,4,1.0
35.73985,-99.02229,1,5,1.0
35.75445,-98.8981,1,1,1.0
35.7689,-98.91582,2,2,1.0
35.79793,-98.91584,4,3,1.0
35.73991,-98.89813,5,4,1.0
35.75437,-98.93371,3,5,1.0
35.76292,-98.68529,5,1,1.0
35.72534,-98.68536,3,2,1.0
35.76887,-98.79192,4,3,0.8
35.72533,-98.7032,1,4,1.0
35.71096,-98.72092,2,5,1.0
35.7832,-98.54337,1,1,1.0
35.78308,-98.56129,2,2,0.8
35.82669,-98.54332,3,3,0.8
35.84125,-98.55454,5,4,1.0
35.84133,-98.57009,4,5,0.8
35.81222,-98.34867,1,1,0.8
35.84114,-98.34858,2,2,1.0
35.79755,-98.34879,5,3,0.8
35.82666,-98.34867,3,4,0.8
35.85565,-98.36648,4,5,0.8
35.84103,-98.20692,2,1,1.0
35.84106,-98.1895,1,2,1.0
35.8411,-98.17172,3,3,0.8
35.73975,-98.26045,4,4,0.8
35.85661,-98.18956,5,5,0.8
35.79796,-98.06599,1,1,0.8
35.79794,-98.03048,2,2,0.8
35.79802,-98.01269,5,3,0.8
35.79801,-98.08363,3,4,0.8
35.78349,-98.0482,4,5,0.8
35.81306,-97.86971,1,1,0.8
35.85661,-97.86971,2,2,1.0
35.82759,-97.86984,3,3,0.8
35.7696,-97.90124,5,4,0.8
35.79864,-97.86972,4,5,0.8
35.7983,-97.74566,1,1,1.0
35.84204,-97.76308,2,2,1.0
35.84211,-97.71001,3,3,0.8
35.82731,-97.76318,4,4,0.8
35.84191,-97.74542,5,5,0.8
35.75242,-97.58488,1,1,0.8
35.84696,-97.47838,2,2,0.2
35.79928,-97.38773,1,1,0.2
35.86947,-97.22974,1,1,0.8
35.86904,-97.184,3,2,0.2
35.86898,-97.20931,2,3,0.2
35.86953,-97.04354,1,1,0.2
35.75975,-97.01781,2,2,0.2
35.87188,-97.01862,4,3,0.2
35.75037,-97.01771,3,4,0.2
35.8404,-96.845,1,1,0.8
35.84054,-96.80575,2,2,0.8
35.77008,-96.8769,3,3,0.2
35.84341,-96.87648,4,4,0.2
35.84052,-96.82599,5,5,0.2
35.78218,-96.72741,1,1,0.2
35.8407,-96.65777,2,2,0.2
35.79454,-96.73408,3,3,0.2
35.8543,-96.66325,4,4,0.2
35.80662,-96.54136,1,1,1.0
35.85707,-96.56576,2,2,0.8
35.75711,-96.51223,3,3,0.2
35.82883,-96.45597,4,4,0.2
35.78461,-96.38717,1,1,1.0
35.75568,-96.38716,2,2,1.0
35.77008,-96.39067,3,3,0.2
35.75535,-96.35645,5,4,0.2
35.82477,-96.32236,4,5,0.2
35.81342,-96.0529,2,1,0.2
35.79894,-96.05406,1,2,0.2
35.79905,-96.0765,4,3,0.2
35.78982,-96.06875,3,4,0.2
35.79248,-96.08624,5,5,0.2
35.72529,-103.12582,1,1,0.8
35.71607,-103.12624,2,2,0.2
35.73653,-103.12577,3,3,0.2
35.7739,-103.12533,4,4,0.2
35.66089,-103.12568,5,5,0.2
35.73112,-102.92563,1,1,0.8
35.71001,-102.95896,2,2,0.2
35.71575,-102.94997,3,3,0.2
35.79477,-102.84927,1,1,0.8
35.77244,-102.86835,2,2,0.8
35.78711,-102.85579,3,3,0.2
35.77308,-102.33224,1,1,0.8
35.73345,-102.31752,2,2,0.8
35.81486,-102.35632,3,3,0.8
35.75507,-102.32183,4,4,0.2
35.76395,-102.32697,5,5,0.2
35.76473,-101.95595,1,1,0.8
35.80294,-101.96015,3,2,0.8
35.74629,-101.96442,2,3,0.8
35.7307,-101.96486,5,4,0.8
35.7556,-101.96213,4,5,0.2
35.84982,-101.64447,1,1,0.8
35.84892,-101.63334,2,2,0.8
35.85014,-101.66847,3,3,0.8
35.84749,-101.6161,4,4,0.8
35.85011,-101.68219,5,5,0.8
35.77958,-101.42604,1,1,0.8
35.8294,-101.54871,2,2,0.8
35.78967,-101.43,3,3,0.2
35.78176,-100.92925,1,1,0.8
35.80769,-100.92012,2,2,0.8
35.79902,-100.92728,3,3,0.8
35.77021,-100.93165,5,4,0.2
35.81641,-100.91554,4,5,0.8
35.84678,-100.89797,1,1,0.2
35.81224,-100.39944,1,1,1.0
35.82129,-100.39758,2,2,0.8
35.77514,-100.45803,3,3,0.8
35.8029,-100.41013,4,4,1.0
35.78364,-100.44306,5,5,0.8
35.79361,-100.27564,1,1,0.8
35.798,-100.35441,3,2,0.8
35.79807,-100.36657,4,3,0.8
35.79514,-100.3014,5,4,0.2
35.79361,-100.29025,2,5,0.8
35.79362,-100.12102,2,1,0.8
35.79369,-100.17022,1,2,0.8
35.79365,-100.14805,3,3,0.8
35.79933,-100.09957,4,4,0.2
35.84216,-99.96135,1,1,1.0
35.84208,-99.92545,2,2,1.0
35.8131,-99.94344,3,3,1.0
35.84208,-99.94333,5,4,0.8
35.81308,-99.92553,4,5,1.0
35.84173,-99.87198,1,1,1.0
35.84188,-99.88985,3,2,1.0
35.89713,-99.73622,4,3,1.0
35.80917,-99.80035,2,4,1.0
35.82693,-99.85403,5,5,1.0
35.8974,-99.6563,1,1,0.2
35.89745,-99.67443,2,2,0.2
35.89747,-99.64305,4,3,0.2
35.89732,-99.70664,5,4,0.2
35.89742,-99.68667,3,5,0.2
35.88443,-99.4647,1,1,1.0
35.88437,-99.42927,2,2,1.0
35.92743,-99.48766,4,3,0.8
35.89171,-99.39332,5,4,0.8
35.92774,-99.43435,3,5,1.0
35.84113,-99.323,4,1,1.0
35.8122,-99.30536,1,2,1.0
35.8414,-99.2522,5,3,1.0
35.84154,-99.23468,2,4,1.0
35.85587,-99.25205,3,5,0.8
35.84117,-99.19907,3,1,0.8
35.85583,-99.06189,2,2,0.8
35.82698,-99.14618,1,3,1.0
35.8269,-99.16361,4,4,0.8
35.84011,-99.1804,5,5,1.0
35.88472,-98.9691,1,1,1.0
35.89918,-98.97205,2,2,0.8
35.91345,-98.9736,5,3,0.8
35.85577,-98.93351,4,4,1.0
35.87024,-98.93345,3,5,1.0
35.84134,-98.83378,1,1,1.0
35.93177,-98.8493,2,2,0.8
35.92774,-98.86705,3,3,0.8
35.85693,-98.82844,5,4,0.2
35.91339,-98.87588,4,5,0.2
35.90625,-98.66739,1,1,1.0
35.89876,-98.65921,2,2,0.8
35.87102,-98.62902,4,3,0.8
35.88501,-98.64425,3,4,0.8
35.85584,-98.61248,5,5,0.8
35.95748,-98.47575,2,1,1.0
35.95644,-98.4596,3,2,0.8
35.97132,-98.47634,4,3,1.0
35.90236,-98.45786,1,4,1.0
35.89875,-98.44713,5,5,0.2
35.85571,-98.3486,1,1,1.0
35.97133,-98.28139,2,2,1.0
35.9568,-98.28133,3,3,0.8
35.97128,-98.29923,4,4,0.8
35.94225,-98.28129,5,5,0.8
35.91305,-98.12109,1,1,0.8
35.9016,-98.12101,2,2,0.8
35.88449,-98.18981,3,3,1.0
35.85547,-98.11854,5,4,1.0
35.88492,-98.1185,4,5,0.8
35.91307,-97.96095,1,1,1.0
35.89848,-97.93778,2,2,1.0
35.91301,-97.97852,3,3,0.8
35.87075,-97.99476,4,4,1.0
35.88538,-97.98903,5,5,1.0
35.91254,-97.80044,1,1,0.8
35.89801,-97.79854,5,2,0.8
35.85641,-97.79848,2,3,1.0
35.91266,-97.83613,3,4,0.8
35.91261,-97.81824,4,5,0.8
35.89861,-97.6567,1,1,1.0
35.95651,-97.63978,2,2,1.0
35.97102,-97.63981,4,3,0.8
35.85738,-97.63878,5,4,0.8
35.89852,-97.67451,3,5,0.8
35.94223,-97.47927,2,1,0.8
35.96357,-97.44313,5,2,0.8
35.94933,-97.51496,3,3,0.8
35.95645,-97.53306,4,4,0.8
35.94152,-97.46163,1,5,1.0
35.93458,-97.31317,1,1,1.0
35.913,-97.33142,2,2,0.8
35.87003,-97.30034,4,3,0.8
35.92179,-97.32398,5,4,0.2
35.95649,-97.36544,3,5,0.8
35.98593,-97.10507,2,1,0.8
35.94931,-97.06919,1,2,0.8
35.94305,-97.10505,3,3,0.2
35.86919,-97.12098,5,4,0.2
35.86898,-97.16506,4,5,0.2
35.92753,-97.01624,1,1,1.0
35.91305,-97.01626,2,2,0.8
35.89851,-97.01824,3,3,0.8
35.9275,-97.03176,5,4,0.2
35.95666,-96.92814,4,5,0.2
35.97118,-96.83793,2,1,1.0
35.92768,-96.87391,1,2,0.8
35.95916,-96.87368,4,3,0.8
35.94217,-96.8738,3,4,0.8
35.97118,-96.82372,5,5,0.2
35.95645,-96.66011,3,1,0.8
35.97117,-96.66045,1,2,1.0
35.88428,-96.66381,4,3,0.8
35.86979,-96.66363,2,4,0.8
35.90111,-96.40247,1,1,1.0
35.89096,-96.37717,2,2,0.8
35.88643,-96.38733,3,3,0.8
35.87572,-96.43064,5,4,0.2
35.89686,-96.43856,4,5,0.2
35.90113,-96.35181,1,1,1.0
35.90593,-96.32219,2,2,0.8
35.89857,-96.36987,3,3,1.0
35.88905,-96.32901,5,4,0.2
35.97987,-96.33904,4,5,0.2
35.79675,-103.87415,1,1,0.8
35.79682,-103.85632,2,2,0.8
35.79665,-103.89688,5,3,0.2
35.79687,-103.84221,4,4,0.2
35.80377,-103.98472,3,5,0.2
35.79566,-103.83112,1,1,0.8
35.84116,-103.41022,1,1,0.8
35.85588,-103.35495,2,2,0.8
35.84283,-103.35695,3,3,0.8
35.84121,-103.37716,4,4,0.2
35.85595,-103.34279,5,5,0.2
35.856,-103.2319,2,1,0.8
35.85597,-103.1966,1,2,0.8
35.85597,-103.32591,4,3,0.8
35.85599,-103.21237,3,4,0.2
35.85598,-103.18414,5,5,0.2
35.79657,-103.12713,1,1,1.0
35.85594,-103.16103,4,2,1.0
35.7978,-103.09758,2,3,0.8
35.79746,-103.0515,3,4,0.8
35.79767,-103.08632,5,5,0.8
35.81179,-102.83009,1,1,0.8
35.80275,-102.84084,2,2,0.2
35.86214,-102.77016,1,1,0.8
35.87335,-102.7568,2,2,0.8
35.84878,-102.78457,3,3,0.8
35.89444,-102.73165,4,4,0.8
35.83846,-102.79837,5,5,0.8
35.85224,-102.37789,1,1,0.8
35.83414,-102.36744,2,2,0.8
35.86695,-102.33326,3,3,0.8
35.93527,-102.42586,4,4,0.8
35.86668,-102.24855,1,1,0.8
35.86664,-102.23589,2,2,0.8
35.86657,-102.21293,3,3,0.8
35.86652,-102.19458,4,4,0.8
35.86689,-102.2979,5,5,0.8
35.86599,-102.07051,1,1,0.8
35.86609,-102.08844,2,2,0.8
35.86591,-102.05282,3,3,0.8
35.86614,-102.10159,4,4,0.8
35.86582,-102.03488,5,5,0.8
35.86501,-101.9101,1,1,0.8
35.86479,-101.87459,2,2,0.8
35.86431,-101.86185,3,3,0.8
35.8643,-101.84647,4,4,0.8
35.92326,-101.98215,5,5,0.8
35.85778,-101.75767,1,1,1.0
35.87134,-101.73972,2,2,0.8
35.86421,-101.77408,3,3,0.8
35.85088,-101.73976,4,4,0.8
35.85011,-101.71353,5,5,0.8
35.84483,-101.58284,1,1,0.8
35.83811,-101.56637,2,2,0.2
35.91714,-101.43829,1,1,1.0
35.92894,-101.41272,2,2,0.8
35.92168,-101.4281,3,3,0.8
35.95059,-101.39915,4,4,0.8
35.90635,-101.4452,5,5,0.8
35.93368,-100.84705,1,1,0.8
35.92365,-100.84486,2,2,0.2
35.94408,-100.84699,3,3,0.2
35.97848,-100.34551,1,1,0.8
35.99107,-100.4706,2,2,0.8
35.98492,-100.32836,3,3,0.2
36.0113,-100.26395,1,1,1.0
36.02581,-100.23681,2,2,0.8
36.03474,-100.22268,4,3,0.8
36.02634,-100.27018,3,4,0.8
35.99018,-100.31435,5,5,0.8
36.01353,-99.98802,1,1,0.8
35.95625,-99.86358,1,1,1.0
36.01397,-99.91736,4,2,0.8
35.94152,-99.86274,3,3,1.0
35.9663,-99.86313,2,4,0.8
36.0136,-99.93905,5,5,0.2
35.99875,-99.75606,2,1,0.8
36.01335,-99.75609,1,2,0.8
35.92588,-99.75522,4,3,0.8
36.02798,-99.75614,3,4,0.8
36.04679,-99.75645,5,5,0.2
35.95608,-99.48147,1,1,0.2
35.97136,-99.38092,1,1,0.8
35.97123,-99.43424,3,2,0.8
35.95683,-99.43429,2,3,1.0
35.94221,-99.43435,5,4,0.8
35.95663,-99.45199,4,5,0.8
35.95673,-99.20478,1,1,1.0
36.02939,-99.23999,2,2,0.8
36.07229,-99.22176,3,3,0.8
36.03022,-99.25749,4,4,0.8
36.02173,-99.16463,5,5,0.8
36.07376,-99.06194,1,1,0.2
35.93313,-99.06734,2,2,0.2
35.97129,-98.9734,1,1,0.8
35.98269,-98.90694,2,2,0.2
35.98573,-98.8827,3,3,0.2
35.98276,-98.91853,4,4,0.2
35.98562,-98.86599,5,5,0.2
36.02909,-98.70762,1,1,1.0
35.98557,-98.70756,5,2,0.8
36.0436,-98.70765,4,3,0.8
35.98565,-98.7514,2,4,0.8
36.02914,-98.72534,3,5,0.8
35.99993,-98.5832,1,1,1.0
36.08083,-98.54778,4,2,1.0
36.01401,-98.47631,3,3,1.0
36.04337,-98.54774,5,4,0.8
36.05756,-98.49044,2,5,1.0
36.05785,-98.35279,4,1,0.8
36.05806,-98.33487,1,2,0.8
36.02899,-98.31693,2,3,0.8
36.04351,-98.31697,3,4,0.8
36.05803,-98.31721,5,5,0.8
36.02884,-98.19253,2,1,0.8
36.01439,-98.19249,1,2,0.8
35.99991,-98.19262,3,3,0.8
36.05785,-98.19269,5,4,0.8
35.98542,-98.19257,4,5,0.8
36.01434,-98.1214,1,1,0.8
35.97104,-98.06805,2,2,0.8
35.99988,-98.12126,4,3,0.8
35.97101,-98.08582,5,4,0.8
35.971,-98.05021,3,5,0.8
36.04429,-97.89913,1,1,0.8
36.02904,-97.80055,2,2,1.0
36.00011,-97.80021,3,3,1.0
36.00033,-97.85427,4,4,0.8
36.07344,-97.94383,5,5,1.0
36.02922,-97.71139,1,1,0.8
36.01476,-97.71141,2,2,0.8
36.00021,-97.71138,3,3,0.8
36.05794,-97.80047,4,4,1.0
36.05796,-97.76541,5,5,0.8
36.01459,-97.5684,1,1,0.8
36.01457,-97.55077,2,2,0.8
36.08698,-97.586,3,3,0.8
36.05808,-97.60407,5,4,0.8
36.04342,-97.58623,4,5,0.8
36.02859,-97.40763,1,1,1.0
36.02861,-97.42553,2,2,0.8
36.02903,-97.45594,4,3,0.2
36.02885,-97.44354,3,4,0.8
36.03408,-97.34529,5,5,0.2
36.04353,-97.22948,1,1,0.8
36.07246,-97.2295,2,2,0.8
35.9839,-97.19427,3,3,0.8
35.98505,-97.17647,4,4,0.8
36.02355,-97.22937,5,5,0.2
36.04348,-97.03357,4,1,0.8
36.02894,-97.05934,5,2,0.8
36.01449,-97.06876,2,3,0.8
36.02899,-97.08673,3,4,1.0
36.04353,-97.01829,1,5,0.8
36.04386,-96.87346,1,1,0.8
36.10168,-96.87743,5,2,0.8
35.97131,-96.87358,3,3,1.0
36.07318,-96.90877,4,4,0.8
35.98586,-96.9051,2,5,1.0
36.08699,-96.76692,1,1,0.8
36.02927,-96.71064,2,2,0.2
36.07869,-96.49454,3,1,0.2
36.04044,-96.5767,1,2,0.2
35.99986,-96.51475,2,3,0.2
36.03435,-96.38717,1,1,0.2
35.98772,-96.39716,3,2,0.2
35.99789,-96.36275,2,3,0.2
35.85143,-104.06624,1,1,0.8
35.84005,-104.05116,4,2,0.8
35.86313,-104.08386,2,3,0.8
35.8252,-104.03015,3,4,0.8
35.87555,-104.10152,5,5,0.8
35.99865,-103.34775,1,1,0.8
35.99864,-103.3233,3,2,0.2
35.99865,-103.33542,2,3,0.2
35.92851,-103.16537,2,1,0.8
35.96515,-103.19598,1,2,0.8
35.91402,-103.16067,4,3,0.8
35.98689,-103.19609,5,4,0.8
35.89073,-103.16092,3,5,0.8
35.96641,-102.64517,1,1,0.8
35.97813,-102.63185,2,2,0.8
35.94016,-102.67711,3,3,0.8
35.99866,-102.6073,4,4,0.8
35.9275,-102.69222,5,5,0.8
35.99392,-102.45977,1,1,0.8
35.98531,-102.4548,2,2,0.8
35.97417,-102.44837,3,3,0.8
35.96461,-102.44284,4,4,0.8
35.94445,-102.43118,5,5,0.8
35.99602,-101.99617,1,1,0.8
35.98145,-101.99349,2,2,0.8
35.96683,-101.99077,3,3,0.8
35.95225,-101.98752,4,4,0.8
35.93901,-101.9851,5,5,0.8
36.02333,-101.46223,1,1,0.8
35.99381,-101.46236,3,2,0.8
35.9821,-101.4624,2,3,0.8
36.08133,-101.44419,4,4,0.8
36.01426,-101.46225,5,5,0.2
36.03738,-101.32204,1,1,0.8
36.0229,-101.33493,2,2,0.8
36.08119,-101.28306,3,3,1.0
36.05571,-101.30576,4,4,0.8
36.00881,-101.34746,5,5,0.8
36.08215,-101.18036,1,1,0.8
36.08194,-101.19847,2,2,0.8
36.08177,-101.21641,3,3,0.8
36.08163,-101.23171,4,4,0.2
36.05682,-100.8484,1,1,0.8
36.04608,-100.84534,2,2,0.8
36.10051,-100.82196,3,3,0.8
36.1151,-100.82095,4,4,0.8
36.06819,-100.84613,5,5,0.2
36.12535,-100.63751,1,1,0.8
36.11431,-100.61955,2,2,0.8
36.10957,-100.60252,3,3,0.2
36.13455,-100.65133,4,4,0.2
36.1046,-100.58131,5,5,0.2
36.08667,-100.53117,1,1,1.0
36.11437,-100.5297,4,2,0.8
36.05593,-100.50394,2,3,0.8
36.06949,-100.51196,3,4,0.8
36.10001,-100.56346,5,5,0.8
36.0794,-100.27654,1,1,0.8
36.05601,-100.27654,2,2,0.8
36.12871,-100.27642,3,3,0.8
36.0996,-100.27648,4,4,0.8
36.1131,-100.27646,5,5,0.8
36.06406,-100.15912,1,1,0.8
36.05892,-100.17042,2,2,0.8
36.07805,-100.1272,4,3,0.8
36.07111,-100.14257,3,4,0.8
36.0459,-100.19898,5,5,0.8
36.13708,-99.97083,1,1,0.8
36.13714,-99.95349,2,2,0.8
36.13687,-99.91747,5,3,1.0
36.13689,-99.93554,4,4,0.8
36.13462,-99.98896,3,5,0.8
36.08626,-99.75716,1,1,0.8
36.07155,-99.88137,4,2,0.8
36.08569,-99.88139,3,3,0.8
36.13679,-99.84599,2,4,0.8
36.13672,-99.8637,5,5,0.8
36.13722,-99.63188,1,1,1.0
36.13737,-99.61384,2,2,1.0
36.1373,-99.64997,4,3,0.8
36.1373,-99.66781,3,4,0.8
36.13717,-99.68551,5,5,0.8
36.1446,-99.45374,2,1,0.8
36.14467,-99.56047,3,2,0.8
36.1446,-99.43566,4,3,0.8
36.1446,-99.47105,1,4,0.8
36.14463,-99.41799,5,5,0.8
36.14469,-99.34679,1,1,1.0
36.12094,-99.27505,2,2,0.8
36.10114,-99.26445,3,3,0.8
36.14437,-99.23952,4,4,1.0
36.16411,-99.34664,5,5,0.8
36.16241,-99.07994,2,1,1.0
36.08672,-99.13303,1,2,1.0
36.14444,-99.09763,3,3,1.0
36.15888,-99.09776,5,4,0.8
36.14441,-99.07989,4,5,1.0
36.1298,-98.99133,4,1,0.8
36.10085,-98.99577,2,2,0.8
36.15873,-98.96476,3,3,0.8
36.10097,-99.02646,5,4,0.8
36.10085,-98.95515,1,5,1.0
36.05786,-98.81532,1,1,1.0
36.08661,-98.8674,4,2,0.8
36.08657,-98.85341,2,3,1.0
36.09825,-98.86744,3,4,0.8
36.05781,-98.79639,5,5,0.8
36.11588,-98.61909,1,1,1.0
36.10007,-98.61401,3,2,1.0
36.15908,-98.58345,2,3,1.0
36.10106,-98.56938,4,4,1.0
36.15216,-98.60124,5,5,0.8
36.14965,-98.39384,2,1,1.0
36.10124,-98.54774,1,2,1.0
36.07811,-98.47667,4,3,0.2
36.1645,-98.54777,3,4,0.2
36.06656,-98.48229,5,5,0.2
36.16492,-98.31726,1,1,1.0
36.11595,-98.26394,2,2,0.8
36.11606,-98.24611,4,3,0.8
36.17391,-98.29973,3,4,0.8
36.07255,-98.31701,5,5,0.8
36.14449,-98.1216,1,1,0.8
36.13005,-98.1215,4,2,0.8
36.11601,-98.21021,2,3,1.0
36.11612,-98.06874,5,4,1.0
36.1592,-98.12179,3,5,0.8
36.11679,-97.97932,1,1,1.0
36.1164,-98.03291,3,2,1.0
36.11701,-97.96139,2,3,1.0
36.18857,-98.0331,4,4,1.0
36.15973,-97.88977,5,5,1.0
36.11615,-97.80007,1,1,1.0
36.13002,-97.80014,2,2,0.8
36.11635,-97.8178,4,3,0.8
36.1311,-97.85384,5,4,0.8
36.11654,-97.85382,3,5,1.0
36.11607,-97.62166,1,1,1.0
36.15948,-97.58615,3,2,1.0
36.11601,-97.58598,2,3,1.0
36.14501,-97.58608,4,4,0.8
36.13052,-97.58603,5,5,0.8
36.11602,-97.49747,1,1,0.8
36.11606,-97.47208,3,2,0.2
36.1159,-97.43507,4,3,0.2
36.11571,-97.40746,2,4,0.8
36.11605,-97.54053,5,5,0.2
36.17382,-97.28274,2,1,1.0
36.20248,-97.32791,1,2,1.0
36.11578,-97.28287,3,3,1.0
36.21707,-97.32796,4,4,0.8
36.20654,-97.28268,5,5,0.8
36.15926,-97.19844,1,1,0.8
36.12184,-97.18957,2,2,1.0
36.14879,-97.17646,3,3,0.2
36.18824,-97.12874,4,4,0.2
36.18829,-97.16509,5,5,0.2
36.13084,-96.97968,1,1,1.0
36.10778,-96.97999,2,2,1.0
36.11655,-96.96197,3,3,1.0
36.13126,-96.9219,4,4,1.0
36.11662,-96.92609,5,5,1.0
36.22471,-96.80205,1,1,1.0
36.12999,-96.83731,2,2,0.8
36.13005,-96.80493,5,3,0.2
36.1153,-96.80245,4,4,0.8
36.22479,-96.78421,3,5,1.0
36.15965,-96.69553,4,1,0.8
36.21792,-96.6599,2,2,0.8
36.11928,-96.60218,1,3,0.8
36.22521,-96.64232,3,4,0.8
36.11928,-96.58426,5,5,0.8
36.23163,-96.44814,1,1,0.8
36.1121,-96.39371,2,2,0.8
36.09023,-96.46511,4,3,0.2
36.21984,-96.47079,3,4,0.2
36.05798,-103.94077,1,1,0.8
36.05783,-103.90858,2,2,0.8
36.02966,-104.00953,3,3,0.8
36.05788,-103.92019,4,4,0.8
36.02915,-104.02301,5,5,0.8
35.99879,-103.41908,1,1,0.8
35.99899,-103.45752,2,2,0.8
35.99876,-103.40125,3,3,0.8
35.99903,-103.46884,4,4,0.8
35.99885,-103.43296,5,5,0.2
35.99866,-103.30447,1,1,0.8
36.02799,-103.20425,2,2,0.8
36.09439,-103.20398,3,3,0.2
36.14188,-102.95798,2,1,0.8
36.14167,-102.92764,1,2,0.8
36.14179,-102.94557,3,3,0.8
36.14155,-102.91358,4,4,0.2
36.14034,-102.77041,1,1,0.8
36.14018,-102.74484,2,2,0.8
36.14043,-102.788,3,3,0.8
36.14009,-102.73072,4,4,0.8
36.14054,-102.80599,5,5,0.8
36.10798,-102.58518,1,1,0.8
36.13952,-102.63535,3,2,1.0
36.12042,-102.60371,2,3,0.8
36.13096,-102.62104,4,4,0.8
36.13962,-102.65017,5,5,0.8
36.10993,-102.44839,1,1,0.8
36.12006,-102.43142,2,2,0.8
36.09892,-102.46685,3,3,0.8
36.0927,-102.47727,4,4,0.8
36.1379,-102.4015,5,5,0.8
36.13953,-102.0228,1,1,0.8
36.11088,-102.01742,2,2,0.8
36.15388,-102.02546,3,3,0.8
36.09637,-102.01471,4,4,0.8
36.08517,-102.01228,5,5,0.8
36.13206,-101.43924,2,1,0.8
36.1226,-101.44397,3,2,0.8
36.19105,-101.44359,4,3,0.8
36.14101,-101.44355,1,4,0.8
36.11056,-101.44403,5,5,0.8
36.15427,-101.22861,1,1,0.8
36.14279,-101.23623,2,2,0.8
36.12501,-101.24807,3,3,0.8
36.1976,-101.24935,4,4,0.8
36.19737,-101.26937,5,5,0.8
36.18776,-100.70501,1,1,0.8
36.20257,-100.71479,4,2,0.8
36.1879,-100.82071,2,3,0.8
36.17331,-100.82077,3,4,0.8
36.21701,-100.82063,5,5,0.8
36.16994,-100.52918,1,1,0.8
36.14357,-100.52945,2,2,0.8
36.17994,-100.52414,3,3,0.2
36.15617,-100.52935,4,4,0.2
36.14318,-100.27634,2,1,0.8
36.1723,-100.22197,1,2,0.8
36.17223,-100.17482,4,3,0.8
36.17231,-100.24473,3,4,0.8
36.17229,-100.20373,5,5,0.8
36.15768,-100.10446,1,1,0.8
36.14016,-100.06843,2,2,0.8
36.17214,-100.14362,3,3,0.8
36.17027,-100.12119,4,4,0.2
36.16402,-100.11289,5,5,0.2
36.18742,-99.88184,3,1,0.8
36.20201,-99.93532,4,2,0.8
36.15825,-99.88172,1,3,0.8
36.2023,-99.95316,2,4,0.8
36.17282,-99.88179,5,5,0.8
36.18792,-99.77519,1,1,0.8
36.27542,-99.7665,3,2,0.8
36.17339,-99.77519,2,3,0.8
36.27541,-99.78459,4,4,0.8
36.20243,-99.77855,5,5,0.2
36.27593,-99.53351,3,1,1.0
36.276,-99.55141,2,2,0.8
36.17312,-99.61342,4,3,0.8
36.2467,-99.62297,1,4,0.8
36.26119,-99.62308,5,5,0.8
36.24672,-99.38966,2,1,1.0
36.27543,-99.42569,1,2,0.8
36.28967,-99.38986,3,3,0.8
36.18825,-99.34645,5,4,0.8
36.27553,-99.44352,4,5,0.8
36.27602,-99.19792,2,1,1.0
36.232,-99.29293,1,2,0.8
36.25812,-99.16625,3,3,1.0
36.27605,-99.22891,4,4,1.0
36.27605,-99.21095,5,5,0.8
36.23116,-99.11027,1,1,1.0
36.23118,-99.08011,4,2,0.8
36.21657,-99.08001,2,3,1.0
36.22519,-99.09784,3,4,0.8
36.2167,-99.11559,5,5,0.8
36.26112,-98.92494,1,1,0.8
36.23072,-98.8495,2,2,0.8
36.23084,-98.83208,3,3,0.8
36.21641,-98.832,4,4,0.8
36.27554,-98.90152,5,5,0.2
36.23112,-98.77871,1,1,1.0
36.21683,-98.74311,3,2,0.8
36.21713,-98.69015,2,3,1.0
36.21666,-98.77863,5,4,1.0
36.21712,-98.67241,4,5,0.8
36.21651,-98.58338,1,1,1.0
36.21692,-98.61924,3,2,1.0
36.20208,-98.58339,2,3,1.0
36.22019,-98.57253,4,4,0.8
36.20234,-98.60147,5,5,0.8
36.23136,-98.38893,1,1,1.0
36.23099,-98.42384,2,2,1.0
36.23127,-98.40669,3,3,0.8
36.24621,-98.42393,5,4,0.8
36.26071,-98.4263,4,5,0.8
36.27569,-98.24706,1,1,1.0
36.28877,-98.24785,2,2,0.8
36.27507,-98.21195,5,3,0.8
36.21741,-98.26426,4,4,0.8
36.27497,-98.19408,3,5,0.8
36.24589,-98.08689,2,1,1.0
36.24593,-98.03309,1,2,1.0
36.24595,-98.05112,3,3,0.8
36.24594,-98.0688,4,4,0.8
36.27489,-98.06346,5,5,0.8
36.23191,-97.8895,1,1,0.8
36.27487,-97.81854,2,2,0.8
36.27495,-97.83653,3,3,0.8
36.27485,-97.85429,4,4,0.8
36.2749,-97.97455,5,5,0.2
36.26052,-97.71123,1,1,1.0
36.2604,-97.72922,4,2,0.8
36.27464,-97.78271,2,3,1.0
36.30401,-97.71127,3,4,1.0
36.26037,-97.7472,5,5,0.8
36.26046,-97.58637,1,1,1.0
36.28818,-97.55077,2,2,0.8
36.26038,-97.6041,3,3,0.8
36.27489,-97.58635,4,4,0.8
36.24596,-97.58604,5,5,0.8
36.27514,-97.37218,1,1,0.8
36.20271,-97.37184,2,2,0.8
36.27509,-97.38602,3,3,0.2
36.21287,-97.37185,4,4,0.2
36.27504,-97.42091,5,5,0.2
36.28981,-97.17526,1,1,1.0
36.3043,-97.17531,2,2,0.8
36.23202,-97.28268,3,3,0.8
36.241,-97.28268,4,4,0.8
36.28974,-97.1931,5,5,0.8
36.25318,-97.07151,1,1,1.0
36.33363,-97.01558,2,2,0.8
36.21332,-97.07714,4,3,1.0
36.21774,-97.01506,5,4,0.8
36.27542,-96.97847,3,5,0.8
36.27539,-96.83582,1,1,1.0
36.2255,-96.87234,3,2,0.8
36.22512,-96.8545,4,3,0.8
36.26094,-96.88947,2,4,0.8
36.31898,-96.85367,5,5,0.8
36.22414,-96.74814,1,1,0.8
36.26091,-96.78231,2,2,0.8
36.31477,-96.69224,4,3,0.2
36.30829,-96.75734,5,4,0.2
36.28626,-96.6832,3,5,0.2
36.28253,-96.53808,2,1,0.2
36.25425,-96.53226,1,2,0.2
36.29892,-96.60286,5,3,0.2
36.28969,-96.61817,3,4,0.2
36.23177,-96.5128,4,5,0.2
36.3037,-96.3398,2,1,0.2
36.32002,-96.34728,4,2,0.2
36.32762,-96.35578,5,3,0.2
36.29034,-96.3242,3,4,0.2
36.29667,-96.33229,1,5,0.2
36.33874,-96.22133,1,1,0.8
36.34324,-96.20571,2,2,0.2
36.07711,-103.90173,1,1,0.2
36.08626,-103.90167,2,2,0.2
36.15922,-103.34733,1,1,0.8
36.20231,-103.31139,2,2,0.8
36.18794,-103.18587,1,1,0.8
36.17335,-103.18595,4,2,0.8
36.21701,-103.18574,2,3,0.8
36.23149,-103.1857,3,4,0.8
36.14446,-103.13204,5,5,0.8
36.14404,-103.04065,1,1,0.8
36.14252,-103.0159,4,2,0.8
36.14461,-103.06056,2,3,0.8
36.14227,-103.00034,3,4,0.8
36.14459,-103.07844,5,5,0.8
36.14075,-102.84943,1,1,0.8
36.1413,-102.8816,2,2,0.8
36.14062,-102.82391,3,3,0.8
36.24811,-102.81759,4,4,0.8
36.24249,-102.80807,5,5,0.8
36.18481,-102.71123,1,1,0.8
36.19356,-102.72596,2,2,0.8
36.16725,-102.6818,3,3,0.8
36.20903,-102.75187,4,4,0.8
36.15601,-102.66299,5,5,0.8
36.21119,-102.50994,1,1,0.8
36.1991,-102.50987,2,2,0.8
36.22877,-102.51574,3,3,0.8
36.18237,-102.5098,4,4,0.8
36.24022,-102.5224,5,5,0.8
36.19066,-102.31217,1,1,0.8
36.17871,-102.33232,2,2,0.8
36.19696,-102.30158,3,3,0.8
36.17337,-102.34137,4,4,0.8
36.1588,-102.36576,5,5,0.8
36.26331,-102.18962,2,1,0.8
36.24093,-102.22744,1,2,0.8
36.23543,-102.23732,3,3,0.8
36.27481,-102.17017,4,4,0.8
36.28561,-102.1519,5,5,0.8
36.23865,-102.04091,1,1,0.8
36.24861,-102.04276,2,2,0.8
36.21232,-102.03601,3,3,0.8
36.27028,-102.04681,4,4,0.8
36.1978,-102.03329,5,5,0.8
36.27425,-101.60576,1,1,0.8
36.32717,-101.67873,2,2,0.8
36.3102,-101.6292,3,3,0.2
36.28183,-101.6118,4,4,0.2
36.27001,-101.51481,1,1,0.8
36.27005,-101.53277,2,2,0.8
36.26998,-101.49681,3,3,0.8
36.2701,-101.55061,4,4,0.8
36.26992,-101.47897,5,5,0.8
36.26898,-101.35281,1,1,0.8
36.25968,-101.34481,2,2,0.8
36.22803,-101.34416,3,3,1.0
36.28678,-101.35359,4,4,0.8
36.24956,-101.34459,5,5,0.8
36.2341,-101.14693,1,1,0.8
36.24276,-101.12909,2,2,0.8
36.22749,-101.16055,3,3,0.8
36.25737,-101.09894,4,4,0.8
36.29452,-101.02232,1,1,0.8
36.30438,-101.00191,2,2,0.8
36.28699,-101.03759,3,3,0.8
36.2819,-101.04744,4,4,0.8
36.27724,-101.05796,5,5,0.8
36.29989,-100.80611,1,1,1.0
36.28987,-100.81154,2,2,0.8
36.2789,-100.81143,3,3,0.8
36.2621,-100.81266,4,4,0.8
36.31889,-100.80257,5,5,0.8
36.29575,-100.52886,1,1,0.8
36.30814,-100.52885,2,2,0.8
36.36162,-100.52893,3,3,0.8
36.32728,-100.52884,4,4,0.8
36.37476,-100.52896,5,5,0.8
36.33629,-100.27609,1,1,0.8
36.27388,-100.27603,2,2,0.8
36.34653,-100.2761,3,3,0.8
36.36126,-100.27611,5,4,0.8
36.32443,-100.27608,4,5,0.8
36.34767,-99.8832,1,1,0.8
36.36222,-99.88323,2,2,0.8
36.4061,-99.83818,3,3,0.8
36.37673,-99.88326,4,4,0.8
36.33816,-99.88306,5,5,0.2
36.31906,-99.64127,1,1,0.8
36.31918,-99.65923,2,2,0.8
36.3191,-99.6233,3,3,1.0
36.33351,-99.62337,4,4,0.8
36.27562,-99.65911,5,5,0.8
36.37698,-99.53398,3,1,1.0
36.34815,-99.53382,1,2,0.8
36.33365,-99.53379,2,3,0.8
36.40533,-99.47997,4,4,1.0
36.30483,-99.53374,5,5,0.8
36.33389,-99.34341,4,1,1.0
36.39162,-99.31783,2,2,0.8
36.30495,-99.33593,1,3,1.0
36.39166,-99.29991,3,4,0.8
36.33859,-99.26384,5,5,0.8
36.39185,-99.1927,1,1,0.8
36.3774,-99.19247,3,2,0.8
36.36279,-99.08537,2,3,0.8
36.34684,-99.21039,5,4,0.2
36.40587,-99.19264,4,5,0.2
36.42041,-98.99633,1,1,1.0
36.4205,-99.01419,4,2,0.8
36.34778,-98.90773,3,3,1.0
36.3351,-98.91877,2,4,0.8
36.42036,-98.9784,5,5,0.8
36.39104,-98.88893,1,1,0.8
36.30448,-98.78245,2,2,0.8
36.3548,-98.87673,4,3,0.2
36.34905,-98.89321,3,4,0.2
36.36417,-98.89556,5,5,0.2
36.36201,-98.57979,1,1,0.2
36.36061,-98.47356,1,1,1.0
36.34763,-98.47772,2,2,1.0
36.36422,-98.46216,3,3,0.8
36.36245,-98.49801,4,4,0.8
36.33309,-98.47979,5,5,0.8
36.33305,-98.24787,1,1,1.0
36.34758,-98.24782,4,2,0.8
36.39082,-98.37267,3,3,0.8
36.30576,-98.31664,5,4,0.8
36.3186,-98.29382,2,5,0.8
36.39085,-98.14028,1,1,1.0
36.34746,-98.17611,2,2,0.8
36.40531,-98.1313,4,3,0.8
36.33298,-98.17603,3,4,0.8
36.4198,-98.15818,5,5,0.8
36.3911,-98.01515,1,1,1.0
36.37627,-98.03303,2,2,1.0
36.39077,-98.03312,4,3,1.0
36.41983,-98.0151,3,4,1.0
36.40527,-98.01518,5,5,0.8
36.39055,-97.72898,1,1,1.0
36.33254,-97.78305,2,2,0.8
36.31806,-97.78305,3,3,0.8
36.31849,-97.83678,4,4,0.8
36.36148,-97.74109,5,5,0.2
36.39038,-97.6398,1,1,0.8
36.37586,-97.5863,4,2,1.0
36.39774,-97.58642,2,3,1.0
36.39746,-97.65765,3,4,0.8
36.39746,-97.62215,5,5,0.8
36.39749,-97.49686,2,1,0.8
36.39761,-97.46122,3,2,0.8
36.3975,-97.47903,1,3,0.8
36.39748,-97.51455,5,4,0.8
36.39772,-97.44408,4,5,0.8
36.36216,-97.32689,4,1,0.8
36.3989,-97.28271,5,2,1.0
36.40002,-97.32725,1,3,1.0
36.37673,-97.28263,2,4,0.8
36.39932,-97.30061,3,5,0.8
36.38352,-97.06775,1,1,1.0
36.36232,-97.06773,5,2,0.8
36.39202,-97.14032,3,3,0.8
36.39142,-97.10342,4,4,0.8
36.39193,-97.17518,2,5,1.0
36.4058,-96.97858,2,1,0.8
36.40573,-96.94273,1,2,0.8
36.40572,-96.99656,3,3,0.8
36.35799,-97.03209,5,4,1.0
36.40578,-96.96057,4,5,0.8
36.40574,-96.8,1,1,1.0
36.42032,-96.80005,3,2,0.8
36.37698,-96.83555,2,3,1.0
36.40583,-96.83552,5,4,1.0
36.40573,-96.81751,4,5,0.8
36.35502,-96.69241,1,1,1.0
36.37696,-96.64591,2,2,0.2
36.37704,-96.63325,3,3,0.2
36.34726,-96.6024,4,4,0.2
36.4136,-96.47123,1,1,0.8
36.41285,-96.4595,2,2,0.2
36.42241,-96.48557,3,3,0.2
36.41444,-96.44732,5,4,0.2
36.34243,-96.41576,4,5,0.2
36.35365,-96.21014,1,1,1.0
36.3831,-96.31258,2,2,0.2
36.36806,-96.21323,3,3,0.2
36.38299,-96.10722,1,1,1.0
36.36773,-96.1262,3,2,1.0
36.38613,-96.11823,2,3,1.0
36.4249,-96.1394,4,4,0.2
36.41131,-96.03596,5,5,0.2
36.22441,-103.82966,1,1,0.8
36.26755,-103.82984,2,2,0.8
36.24515,-103.82977,3,3,0.2
36.23427,-103.82969,4,4,0.2
36.25577,-103.82982,5,5,0.2
36.31942,-103.65145,1,1,1.0
36.32033,-103.59565,2,2,0.8
36.32005,-103.61812,3,3,0.8
36.31968,-103.64018,4,4,0.2
36.32862,-103.65133,5,5,0.2
36.2558,-103.31126,1,1,0.8
36.24562,-103.31118,2,2,0.8
36.27463,-103.2918,4,3,0.2
36.27469,-103.26528,3,4,0.2
36.26825,-103.31137,5,5,0.2
36.27497,-103.18546,1,1,1.0
36.30401,-103.185,2,2,0.8
36.28799,-103.18526,4,3,0.2
36.26434,-103.18554,3,4,0.2
36.27485,-103.19701,5,5,0.2
36.32075,-102.93988,1,1,0.8
36.31464,-102.92958,2,2,0.8
36.32879,-102.95346,3,3,0.8
36.33622,-102.96603,4,4,0.8
36.29248,-102.89222,5,5,0.8
36.26393,-102.8442,1,1,0.8
36.2723,-102.85828,2,2,0.8
36.27795,-102.86735,3,3,0.2
36.30896,-102.5372,2,1,0.8
36.29869,-102.53726,3,2,0.8
36.35299,-102.53672,1,3,0.8
36.34162,-102.53695,4,4,0.2
36.28871,-102.53732,5,5,0.2
36.36626,-102.53645,1,1,0.8
36.37129,-102.11052,1,1,0.8
36.38611,-102.12462,2,2,0.8
36.30668,-102.11621,3,3,0.8
36.39603,-102.13451,4,4,0.8
36.29807,-102.13083,5,5,0.8
36.32848,-101.93759,1,1,0.8
36.32845,-101.95483,2,2,0.8
36.39141,-101.97258,3,3,0.8
36.32851,-101.9189,4,4,0.8
36.32842,-101.97276,5,5,0.8
36.32802,-101.76921,1,1,0.8
36.32819,-101.78744,2,2,0.8
36.32831,-101.80178,3,3,0.8
36.32787,-101.75088,4,4,0.8
36.3284,-101.81457,5,5,0.8
36.32073,-101.64736,1,1,0.8
36.32682,-101.66083,2,2,0.8
36.31412,-101.63324,3,3,0.8
36.38662,-101.40633,1,1,0.8
36.37364,-101.40644,2,2,0.8
36.40112,-101.40623,3,3,0.8
36.41607,-101.42382,4,4,0.8
36.35761,-101.40657,5,5,0.8
36.39353,-101.35251,1,1,0.8
36.38381,-101.3526,2,2,0.8
36.4101,-101.35235,3,3,0.8
36.37157,-101.35271,4,4,0.8
36.42225,-101.35222,5,5,0.8
36.35725,-100.89243,1,1,0.8
36.36251,-100.88158,2,2,0.8
36.341,-100.92611,3,3,0.8
36.35032,-100.90682,4,4,0.2
36.43687,-100.72556,1,1,0.8
36.4411,-100.71245,2,2,0.8
36.46381,-100.8028,3,3,0.8
36.44685,-100.69434,4,4,0.8
36.45598,-100.60386,1,1,0.8
36.45592,-100.58576,2,2,0.8
36.45603,-100.62196,3,3,0.8
36.45577,-100.64007,4,4,0.8
36.41993,-100.52907,5,5,0.8
36.44858,-100.42791,1,1,0.8
36.4486,-100.44067,2,2,0.8
36.4487,-100.45913,3,3,0.8
36.4454,-100.4867,4,4,0.8
36.44859,-100.40458,5,5,0.8
36.4339,-100.24232,2,1,0.8
36.43512,-100.27585,1,2,1.0
36.4394,-100.2886,4,3,0.8
36.43389,-100.2273,3,4,0.8
36.43393,-100.25418,5,5,0.8
36.43384,-100.07715,1,1,0.8
36.43379,-100.0612,2,2,0.8
36.43379,-100.08913,3,3,0.2
36.49989,-100.11293,4,4,0.8
36.43379,-100.10164,5,5,0.2
36.40572,-99.88317,1,1,1.0
36.43496,-99.96389,2,2,0.8
36.47872,-99.88325,3,3,1.0
36.49303,-99.9101,5,4,0.8
36.49324,-99.88317,4,5,1.0
36.47886,-99.74854,2,1,1.0
36.45284,-99.74872,1,2,0.8
36.47859,-99.78449,5,3,0.8
36.43503,-99.76674,3,4,0.8
36.44654,-99.76641,4,5,0.8
36.43852,-99.51731,1,1,1.0
36.44885,-99.53401,2,2,0.8
36.44839,-99.51762,3,3,0.8
36.46279,-99.51495,4,4,0.8
36.47725,-99.5148,5,5,0.8
36.52054,-99.38933,1,1,1.0
36.49204,-99.5022,2,2,1.0
36.50592,-99.38934,3,3,0.8
36.52021,-99.42542,4,4,0.8
36.47689,-99.38929,5,5,0.8
36.46403,-99.28175,1,1,1.0
36.47849,-99.19238,2,2,1.0
36.46412,-99.17451,3,3,0.8
36.47855,-99.17439,5,4,0.8
36.45877,-99.31707,4,5,1.0
36.43513,-99.139,2,1,1.0
36.46421,-99.15693,1,2,1.0
36.43516,-99.15718,3,3,0.8
36.46418,-99.13942,5,4,0.8
36.43481,-99.12117,4,5,0.8
36.42159,-98.88893,1,1,1.0
36.42016,-98.94257,2,2,0.8
36.42027,-98.96233,4,3,0.2
36.42019,-98.93125,5,4,0.2
36.41858,-98.87039,3,5,0.2
36.52109,-98.74653,2,1,0.8
36.50661,-98.69355,3,2,0.8
36.50649,-98.67572,1,3,0.8
36.53561,-98.74822,4,4,0.8
36.50743,-98.74631,5,5,0.2
36.50652,-98.62311,1,1,1.0
36.50661,-98.56939,4,2,0.8
36.50659,-98.5873,3,3,0.8
36.50652,-98.60525,5,4,0.8
36.50666,-98.5515,2,5,0.8
36.47758,-98.42642,1,1,0.8
36.46304,-98.42641,2,2,0.8
36.53563,-98.35474,3,3,1.0
36.47783,-98.35476,4,4,0.8
36.53561,-98.3906,5,5,0.8
36.49236,-98.2474,1,1,0.8
36.50676,-98.24756,5,2,0.8
36.44887,-98.2475,3,3,0.8
36.47787,-98.24739,2,4,0.8
36.46335,-98.24746,4,5,1.0
36.47769,-98.08676,1,1,1.0
36.4777,-98.06878,2,2,0.8
36.49221,-98.08666,3,3,0.8
36.50666,-98.08659,4,4,0.8
36.47764,-98.10438,5,5,0.8
36.48698,-97.94397,1,1,1.0
36.55044,-97.87294,3,2,1.0
36.51401,-97.83666,4,3,0.8
36.49233,-97.88652,2,4,0.8
36.55035,-97.88952,5,5,0.8
36.506,-97.65801,1,1,0.8
36.51809,-97.65807,2,2,0.8
36.5349,-97.65809,3,3,0.8
36.56423,-97.72897,4,4,0.8
36.56413,-97.71111,5,5,0.8
36.53479,-97.5864,1,1,1.0
36.53468,-97.56852,2,2,0.8
36.5348,-97.5334,4,3,0.8
36.49068,-97.58649,3,4,0.8
36.53485,-97.51552,5,5,0.8
36.50623,-97.41452,1,1,0.8
36.50666,-97.33649,2,2,0.8
36.47714,-97.44392,3,3,0.8
36.46283,-97.44395,4,4,0.8
36.49241,-97.3306,5,5,0.8
36.53585,-97.28272,1,1,1.0
36.5488,-97.28274,2,2,1.0
36.52174,-97.17508,4,3,0.8
36.55043,-97.24688,5,4,0.8
36.50692,-97.28277,3,5,1.0
36.48034,-97.0671,1,1,1.0
36.50715,-97.07548,3,2,0.8
36.5505,-97.07698,2,3,1.0
36.53608,-97.07703,4,4,0.8
36.46378,-97.10368,5,5,0.8
36.47818,-96.80004,2,1,0.8
36.50713,-96.96088,1,2,1.0
36.44928,-96.83545,3,3,0.8
36.50714,-96.93808,4,4,0.2
36.49076,-96.96084,5,5,0.2
36.55244,-96.67508,1,1,1.0
36.5072,-96.79529,2,2,1.0
36.46353,-96.6745,3,3,0.8
36.48814,-96.65661,4,4,0.8
36.55061,-96.65725,5,5,0.8
36.55063,-96.58709,1,1,0.8
36.46443,-96.60409,2,2,0.2
36.44769,-96.55702,3,3,0.2
36.57382,-96.36078,1,1,0.8
36.56344,-96.3583,2,2,0.2
36.53931,-96.36385,3,3,0.2
36.5718,-96.21747,1,1,0.8
36.5647,-96.2278,2,2,0.8
36.54096,-96.26834,3,3,0.2
36.56092,-96.23824,4,4,0.2
36.5456,-96.25804,5,5,0.2
36.54069,-96.01492,1,1,1.0
36.56442,-96.01305,2,2,0.8
36.54986,-96.07961,5,3,0.2
36.53953,-96.00286,4,4,0.2
36.53051,-95.9945,3,5,0.2
36.36176,-104.04071,1,1,0.8
36.30515,-104.08089,4,2,0.8
36.30528,-104.10736,2,3,0.8
36.3054,-104.13421,5,4,0.8
36.36381,-104.05298,3,5,0.2
36.39463,-103.64901,1,1,0.8
36.31958,-103.67838,2,2,0.8
36.31938,-103.6914,3,3,0.2
36.4126,-103.64906,4,4,0.2
36.33556,-103.51439,1,1,0.2
36.3801,-103.40418,1,1,0.8
36.36975,-103.43339,3,2,0.8
36.39451,-103.3059,2,3,0.8
36.37827,-103.42059,4,4,0.2
36.4082,-103.18165,1,1,0.2
36.411,-103.27323,2,2,0.2
36.4055,-103.28416,3,3,0.2
36.3946,-103.05468,1,1,0.8
36.40222,-103.0834,2,2,0.8
36.39817,-103.06879,3,3,0.2
36.40589,-103.09725,4,4,0.2
36.44722,-102.54012,1,1,0.8
36.50151,-102.53525,2,2,1.0
36.41095,-102.54063,3,3,0.8
36.49029,-102.53677,5,4,0.8
36.46594,-102.53969,4,5,0.8
36.50146,-102.38581,1,1,1.0
36.50144,-102.35605,2,2,0.8
36.51847,-102.38719,3,3,0.8
36.50146,-102.39721,4,4,0.2
36.50147,-102.40873,5,5,0.2
36.46732,-102.20657,1,1,0.8
36.45834,-102.19668,2,2,0.8
36.5042,-102.24854,3,3,1.0
36.44404,-102.18237,4,4,0.8
36.48727,-102.22958,5,5,0.8
36.50116,-102.06312,1,1,0.8
36.5157,-102.06828,2,2,0.8
36.53022,-102.06823,3,3,0.8
36.50147,-101.95994,4,4,0.8
36.51129,-101.96049,5,5,0.2
36.50125,-101.87054,1,1,0.8
36.45788,-101.85921,2,2,0.8
36.50123,-101.85259,3,3,0.8
36.50124,-101.88852,4,4,0.8
36.44908,-101.87431,5,5,0.8
36.50108,-101.70873,1,1,0.8
36.50097,-101.63681,2,2,1.0
36.50104,-101.67277,3,3,0.8
36.50117,-101.74468,4,4,0.8
36.53033,-101.73509,5,5,0.8
36.50231,-101.49254,1,1,1.0
36.50038,-101.47771,2,2,1.0
36.49959,-101.50808,3,3,0.8
36.51518,-101.49305,4,4,0.8
36.48852,-101.47737,5,5,0.8
36.50059,-101.35944,1,1,0.8
36.48782,-101.35182,2,2,0.8
36.52605,-101.36737,3,3,0.8
36.50055,-101.33133,4,4,0.8
36.50052,-101.29034,5,5,1.0
36.51493,-101.18772,1,1,1.0
36.51495,-101.16529,2,2,0.8
36.57291,-101.18792,3,3,0.8
36.5439,-101.1828,4,4,0.2
36.55205,-101.18785,5,5,0.2
36.52932,-101.00797,3,1,0.8
36.54385,-100.97207,4,2,0.8
36.57289,-101.00806,5,3,0.8
36.49991,-100.94075,2,4,0.8
36.51478,-101.00805,1,5,0.8
36.52928,-100.81034,1,1,1.0
36.52925,-100.84639,2,2,0.8
36.54383,-100.81033,3,3,1.0
36.55985,-100.82646,4,4,1.0
36.55814,-100.81507,5,5,1.0
36.54383,-100.72062,1,1,1.0
36.52923,-100.68443,3,2,0.8
36.54382,-100.70257,4,3,0.8
36.51472,-100.68438,5,4,0.8
36.54381,-100.6845,2,5,1.0
36.54374,-100.52268,1,1,1.0
36.51468,-100.52254,2,2,1.0
36.55821,-100.52272,3,3,1.0
36.5292,-100.52262,4,4,0.8
36.5437,-100.50477,5,5,0.8
36.49997,-100.3106,1,1,0.8
36.60174,-100.37934,3,2,0.8
36.61617,-100.36146,4,3,0.8
36.54369,-100.41487,5,4,0.8
36.54364,-100.43289,2,5,1.0
36.57246,-100.10922,1,1,1.0
36.55793,-100.10923,2,2,0.8
36.53986,-100.10923,3,3,0.8
36.52884,-100.10921,4,4,0.8
36.51436,-100.10919,5,5,0.8
36.57238,-100.02174,4,1,0.8
36.50794,-100.0037,2,2,0.8
36.57243,-100.07572,3,3,0.8
36.57233,-100.05784,1,4,1.0
36.5869,-100.05701,5,5,0.8
36.59324,-99.89058,1,1,1.0
36.50765,-99.8832,3,2,0.8
36.52202,-99.88334,2,3,0.8
36.58426,-99.89064,4,4,0.2
36.62233,-99.86591,5,5,0.2
36.60045,-99.692,2,1,0.8
36.57969,-99.7485,1,2,0.8
36.60048,-99.67404,3,3,0.8
36.5365,-99.74842,4,4,0.8
36.55714,-99.74844,5,5,0.2
36.53548,-99.54046,1,1,1.0
36.53144,-99.52554,2,2,1.0
36.60843,-99.43969,3,3,0.8
36.54215,-99.55106,4,4,1.0
36.59413,-99.42561,5,5,0.8
36.54984,-99.3894,1,1,1.0
36.59373,-99.38815,3,2,1.0
36.55015,-99.33551,2,3,0.8
36.55066,-99.31812,5,4,0.8
36.5507,-99.2995,4,5,0.8
36.52195,-99.19226,2,1,0.8
36.53642,-99.19221,1,2,0.8
36.56425,-98.83611,3,1,0.8
36.59466,-98.77393,1,2,0.8
36.59468,-98.79189,2,3,0.8
36.59471,-98.80346,4,4,0.2
36.54442,-98.87427,5,5,0.2
36.60891,-98.66635,5,1,0.8
36.65232,-98.66636,1,2,1.0
36.62335,-98.66632,3,3,0.8
36.63781,-98.66623,2,4,0.8
36.65239,-98.64827,4,5,0.8
36.65214,-98.46842,1,1,1.0
36.65225,-98.52259,2,2,1.0
36.57898,-98.51632,4,3,0.8
36.62322,-98.46863,3,4,0.8
36.63774,-98.46863,5,5,0.8
36.59083,-98.26555,1,1,0.8
36.57903,-98.2657,2,2,0.8
36.60862,-98.40498,4,3,0.8
36.53556,-98.31885,5,4,0.8
36.5356,-98.33672,3,5,0.8
36.62262,-98.18136,1,1,0.8
36.63722,-98.18147,2,2,0.8
36.66611,-98.14547,3,3,0.8
36.64074,-98.07345,4,4,0.8
36.57914,-98.17602,5,5,0.8
36.60805,-98.01948,1,1,0.8
36.62254,-98.0195,2,2,0.8
36.63702,-98.01949,4,3,0.8
36.66612,-97.96565,3,4,1.0
36.66608,-98.00165,5,5,0.8
36.60784,-97.80379,2,1,0.8
36.56456,-97.8014,1,2,1.0
36.59342,-97.8026,4,3,0.8
36.63677,-97.80378,3,4,0.8
36.57896,-97.80138,5,5,0.8
36.56373,-97.58653,1,1,1.0
36.60794,-97.58828,5,2,0.8
36.63683,-97.58787,2,3,1.0
36.57817,-97.58647,3,4,0.8
36.63693,-97.57032,4,5,0.8
36.63857,-97.55257,1,1,1.0
36.65134,-97.55256,2,2,0.8
36.62279,-97.28294,1,1,0.8
36.6358,-97.28298,2,2,0.8
36.56475,-97.2828,4,3,0.8
36.59382,-97.28289,5,4,0.8
36.5938,-97.34665,3,5,1.0
36.63732,-97.13888,1,1,1.0
36.66634,-97.13879,3,2,1.0
36.62282,-97.13894,4,3,0.8
36.65193,-97.13886,2,4,1.0
36.60106,-97.07612,5,5,1.0
36.66625,-96.94165,1,1,1.0
36.62282,-96.94166,2,2,0.8
36.62806,-97.0045,3,3,0.2
36.62583,-96.9147,4,4,0.2
36.63728,-96.91585,5,5,0.2
36.56493,-96.82647,1,1,0.8
36.68071,-96.83376,2,2,0.8
36.69506,-96.80489,3,3,0.2
36.57966,-96.86118,5,4,0.2
36.60893,-96.72233,4,5,0.2
36.68375,-96.63832,1,1,0.8
36.69114,-96.62795,3,2,0.2
36.66547,-96.69488,4,3,0.2
36.68217,-96.62669,2,4,0.2
36.55072,-96.62609,5,5,0.2
36.66613,-96.42745,1,1,1.0
36.68084,-96.48456,4,2,0.8
36.66573,-96.40378,2,3,1.0
36.67188,-96.44211,5,4,0.2
36.66824,-96.41481,3,5,0.8
36.62455,-96.24223,3,1,1.0
36.62909,-96.35,1,2,0.8
36.59331,-96.2815,2,3,1.0
36.5933,-96.21852,4,4,0.8
36.59333,-96.26938,5,5,0.2
36.62844,-96.11214,1,1,1.0
36.64758,-96.07992,2,2,1.0
36.63846,-96.12426,3,3,0.2
36.64933,-96.12433,4,4,0.2
36.63483,-96.10405,5,5,0.2
36.43154,-103.64905,1,1,0.2
36.44095,-103.649,2,2,0.2
36.49077,-103.34714,1,1,0.2
36.49592,-103.3727,3,2,0.2
36.52757,-103.26984,2,3,0.2
36.51098,-103.0591,1,1,0.2
36.5225,-103.00232,1,1,1.0
36.53053,-102.96933,2,2,0.8
36.53342,-103.00237,3,3,0.8
36.53551,-102.94835,4,4,0.8
36.53049,-102.89443,5,5,1.0
36.53057,-102.78663,1,1,0.8
36.55965,-102.83429,2,2,0.8
36.55501,-102.85873,3,3,0.8
36.55965,-102.75127,4,4,0.8
36.5743,-102.75724,5,5,0.8
36.55956,-102.64309,1,1,0.8
36.55949,-102.62517,2,2,0.8
36.55949,-102.60715,4,3,0.8
36.55961,-102.67927,3,4,0.8
36.55967,-102.69722,5,5,0.8
36.55958,-102.55314,1,1,1.0
36.50147,-102.48137,2,2,0.8
36.54516,-102.55308,3,3,0.8
36.57831,-102.55321,4,4,0.2
36.5954,-102.55325,5,5,0.2
36.60291,-102.24783,1,1,1.0
36.5307,-102.27942,2,2,0.8
36.63194,-102.30179,3,3,0.8
36.63193,-102.31974,4,4,0.8
36.60291,-102.2297,5,5,0.8
36.58824,-102.12207,1,1,0.8
36.57375,-102.12207,2,2,0.8
36.6028,-102.13969,3,3,0.8
36.60279,-102.12208,4,4,0.8
36.60287,-102.19369,5,5,1.0
36.5588,-101.96116,1,1,0.8
36.55913,-101.97866,2,2,0.8
36.55915,-101.99666,4,3,0.8
36.54466,-101.96061,3,4,0.8
36.58823,-101.88853,5,5,0.8
36.58821,-101.79856,1,1,1.0
36.61729,-101.7986,2,2,0.8
36.58809,-101.74461,3,3,0.8
36.58827,-101.83453,4,4,0.8
36.58826,-101.85253,5,5,0.8
36.63007,-101.56441,1,1,1.0
36.6317,-101.63687,2,2,0.8
36.61688,-101.58711,3,3,0.8
36.64625,-101.63684,4,4,0.8
36.58801,-101.58295,5,5,0.8
36.61675,-101.47488,1,1,0.8
36.63111,-101.40281,2,2,1.0
36.63129,-101.47484,3,3,0.8
36.64564,-101.40278,4,4,1.0
36.64577,-101.45682,5,5,0.8
36.66664,-101.25978,1,1,0.8
36.66032,-101.24583,2,2,0.8
36.67451,-101.29567,3,3,0.8
36.67432,-101.27767,4,4,0.8
36.67455,-101.31366,5,5,0.8
36.61652,-101.09804,1,1,1.0
36.64849,-101.13883,2,2,1.0
36.64445,-101.15014,3,3,1.0
36.6165,-101.15206,4,4,1.0
36.6562,-101.14529,5,5,1.0
36.61651,-100.9721,1,1,0.8
36.61646,-100.91856,3,2,0.8
36.61639,-100.86471,2,3,0.8
36.58747,-101.00806,4,4,0.8
36.61641,-100.88266,5,5,0.8
36.64538,-100.75655,1,1,1.0
36.61631,-100.77458,2,2,1.0
36.61633,-100.79253,5,3,1.0
36.64534,-100.77455,3,4,0.8
36.61693,-100.82541,4,5,1.0
36.63093,-100.68481,1,1,1.0
36.6164,-100.64877,3,2,0.8
36.68888,-100.64885,4,3,0.8
36.64544,-100.68484,2,4,1.0
36.61635,-100.57696,5,5,1.0
36.61625,-100.46934,1,1,1.0
36.61625,-100.45132,2,2,0.8
36.65975,-100.41566,3,3,0.8
36.61625,-100.43332,4,4,0.8
36.60173,-100.46926,5,5,0.8
36.6596,-100.3077,1,1,0.8
36.63053,-100.30751,2,2,0.8
36.70349,-100.25412,3,3,0.8
36.61616,-100.3255,4,4,0.8
36.68873,-100.29021,5,5,0.8
36.7033,-100.10943,3,1,1.0
36.61601,-100.10932,1,2,1.0
36.64508,-100.09136,5,3,0.8
36.70338,-100.12753,2,4,0.8
36.70326,-100.09135,4,5,0.8
36.6661,-99.89123,1,1,0.8
36.73904,-99.90932,3,2,0.8
36.71019,-99.96307,4,3,0.8
36.62215,-99.89111,2,4,1.0
36.63696,-99.89135,5,5,0.8
36.70991,-99.74639,1,1,1.0
36.71004,-99.76434,2,2,0.8
36.71003,-99.80056,5,3,0.8
36.72456,-99.74617,3,4,0.8
36.70998,-99.78246,4,5,0.8
36.63743,-99.62037,2,1,0.8
36.65228,-99.63071,1,2,0.8
36.62788,-99.61374,3,3,0.2
36.66114,-99.63598,5,4,0.2
36.7136,-99.63974,4,5,0.2
36.73619,-99.36712,1,1,0.2
36.63944,-99.476,2,2,0.2
36.64926,-99.47443,3,3,0.2
36.72707,-99.36718,4,4,0.2
36.66742,-99.205,1,1,0.8
36.71099,-99.20471,2,2,0.8
36.71096,-99.1872,3,3,0.8
36.66811,-99.18691,4,4,0.8
36.6759,-99.18013,5,5,0.2
36.7109,-99.15142,1,1,0.8
36.73972,-99.13282,2,2,0.8
36.75429,-99.04287,5,3,0.8
36.72527,-99.13428,3,4,0.8
36.69635,-99.15718,4,5,1.0
36.68177,-98.88177,2,1,0.8
36.73965,-98.90828,3,2,0.2
36.73969,-98.92647,1,3,0.8
36.73973,-98.9875,4,4,0.2
36.73979,-98.99887,5,5,0.2
36.69616,-98.78941,4,1,1.0
36.69271,-98.66672,1,2,1.0
36.72509,-98.6662,3,3,1.0
36.72509,-98.69315,2,4,0.8
36.71046,-98.66633,5,5,0.8
36.73939,-98.61259,1,1,1.0
36.71023,-98.55856,2,2,0.8
36.72469,-98.55855,4,3,0.8
36.71032,-98.61267,3,4,0.8
36.69578,-98.55863,5,5,0.8
36.68253,-98.36027,1,1,1.0
36.75367,-98.41437,2,2,0.8
36.66652,-98.3586,5,3,1.0
36.75366,-98.39629,3,4,0.8
36.71011,-98.36014,4,5,1.0
36.71012,-98.28923,1,1,0.8
36.75325,-98.30732,2,2,0.8
36.70996,-98.32432,3,3,0.8
36.66642,-98.28909,4,4,0.8
36.71008,-98.30712,5,5,0.8
36.69512,-98.05455,1,1,0.8
36.72411,-98.03771,4,2,0.8
36.70958,-98.04521,2,3,0.8
36.72402,-98.14597,3,4,0.8
36.66608,-98.10967,5,5,0.8
36.72405,-97.8757,1,1,0.8
36.66606,-97.87547,2,2,1.0
36.75292,-97.87587,3,3,0.8
36.7674,-97.8757,4,4,0.8
36.72411,-97.96582,5,5,0.8
36.72356,-97.7322,5,1,0.8
36.68021,-97.73217,1,2,1.0
36.70911,-97.73223,2,3,0.8
36.75262,-97.73219,4,4,0.8
36.69464,-97.73224,3,5,0.8
36.7239,-97.55207,1,1,0.8
36.7384,-97.55208,2,2,0.8
36.7529,-97.55211,3,3,0.8
36.76726,-97.55234,4,4,0.8
36.69505,-97.51623,5,5,0.8
36.75336,-97.34604,1,1,1.0
36.75348,-97.31887,2,2,1.0
36.69514,-97.40845,3,3,0.8
36.6951,-97.4265,4,4,0.8
36.69506,-97.44434,5,5,0.8
36.75335,-97.19343,1,1,1.0
36.68793,-97.19259,2,2,1.0
36.68089,-97.21057,3,3,1.0
36.75328,-97.24685,4,4,0.8
36.72439,-97.19275,5,5,0.8
36.79644,-97.08527,2,1,0.8
36.75331,-97.13914,1,2,0.8
36.74821,-96.95982,3,1,0.8
36.71346,-96.88793,2,2,1.0
36.71329,-96.93796,1,3,1.0
36.76744,-96.95983,4,4,1.0
36.75307,-96.92381,5,5,0.8
36.70381,-96.68942,1,1,1.0
36.78202,-96.72549,5,2,1.0
36.76461,-96.70768,2,3,0.8
36.70388,-96.65489,3,4,1.0
36.68816,-96.68976,4,5,1.0
36.68067,-96.57014,1,1,0.2
36.75253,-96.36374,1,1,0.8
36.72599,-96.33951,3,2,0.2
36.73438,-96.34855,5,3,0.2
36.68759,-96.38866,4,4,0.2
36.73869,-96.35997,2,5,0.2
36.76597,-96.17782,1,1,1.0
36.74243,-96.12493,2,2,1.0
36.75724,-96.16135,3,3,0.8
36.77778,-96.187,4,4,0.2
36.76471,-96.19268,5,5,0.2
36.75437,-96.04409,2,1,1.0
36.70181,-96.06161,1,2,1.0
36.67256,-96.01678,3,3,1.0
36.66428,-96.03021,4,4,0.8
36.78544,-96.08527,5,5,0.2
36.61079,-103.64827,1,1,0.2
36.64778,-103.3072,1,1,0.2
36.6153,-103.30684,2,2,0.2
36.6554,-103.0737,1,1,0.8
36.64554,-103.07354,3,2,0.2
36.71292,-103.05362,2,3,0.8
36.63034,-103.12677,4,4,0.2
36.6215,-102.98417,5,5,0.2
36.71923,-102.89425,4,1,0.8
36.71937,-102.91239,1,2,0.8
36.71929,-102.87701,2,3,0.8
36.71943,-102.93043,3,4,0.8
36.67347,-102.98441,5,5,0.8
36.6757,-102.73369,1,1,0.8
36.67575,-102.7868,2,2,1.0
36.67574,-102.76946,3,3,0.8
36.67564,-102.69753,4,4,0.8
36.71947,-102.78697,5,5,1.0
36.67553,-102.55345,1,1,1.0
36.69005,-102.56997,2,2,1.0
36.67551,-102.5987,3,3,1.0
36.69825,-102.55385,4,4,1.0
36.69004,-102.60689,5,5,1.0
36.70441,-102.39218,1,1,1.0
36.67546,-102.44692,2,2,1.0
36.70446,-102.44621,3,3,1.0
36.73355,-102.39239,4,4,1.0
36.7045,-102.33796,5,5,1.0
36.67561,-102.24782,1,1,0.8
36.63189,-102.24786,2,2,1.0
36.70462,-102.24777,5,3,0.8
36.66091,-102.2478,3,4,0.8
36.76274,-102.24741,4,5,1.0
36.70422,-102.04996,2,1,0.8
36.7187,-102.05003,1,2,0.8
36.73318,-102.04997,3,3,0.8
36.76223,-102.04989,4,4,0.8
36.76232,-102.03184,5,5,0.8
36.76223,-101.90679,1,1,1.0
36.76226,-101.88881,2,2,0.8
36.76228,-101.87074,3,3,0.8
36.76229,-101.85275,5,4,0.8
36.73337,-101.81671,4,5,0.8
36.76198,-101.7269,1,1,0.8
36.76191,-101.70879,2,2,0.8
36.76207,-101.69113,3,3,0.8
36.76216,-101.76291,4,4,0.8
36.76222,-101.6731,5,5,0.8
36.7625,-101.63687,1,1,1.0
36.67516,-101.54623,3,2,0.8
36.67525,-101.56444,2,3,0.8
36.77687,-101.49216,4,4,0.8
36.66067,-101.56449,5,5,0.8
36.79077,-101.36808,1,1,1.0
36.67475,-101.40273,2,2,1.0
36.68918,-101.38292,3,3,0.8
36.68926,-101.40262,4,4,0.8
36.79084,-101.38453,5,5,0.8
36.76175,-101.2058,1,1,1.0
36.74719,-101.2058,2,2,0.8
36.73264,-101.20579,3,3,0.8
36.76165,-101.22386,4,4,0.8
36.76181,-101.18774,5,5,0.8
36.76188,-101.07075,1,1,1.0
36.75422,-101.07758,2,2,1.0
36.76177,-101.00824,3,3,1.0
36.76173,-100.99023,4,4,1.0
36.71831,-101.07969,5,5,1.0
36.79034,-100.86436,1,1,1.0
36.79043,-100.88269,2,2,0.8
36.79054,-100.90079,3,3,0.8
36.79063,-100.91883,4,4,0.8
36.79066,-100.93684,5,5,0.8
36.80504,-100.66652,3,1,0.8
36.79053,-100.70333,1,2,0.8
36.74697,-100.63099,2,3,0.8
36.74692,-100.75665,4,4,0.8
36.7469,-100.77463,5,5,0.8
36.73235,-100.52347,1,1,1.0
36.7178,-100.52333,2,2,0.8
36.77581,-100.47876,3,3,0.8
36.80504,-100.61379,5,4,0.8
36.70332,-100.52332,4,5,0.8
36.75405,-100.36228,3,1,0.8
36.7903,-100.41593,1,2,0.8
36.73227,-100.36226,2,3,0.8
36.77579,-100.41591,4,4,1.0
36.71777,-100.36218,5,5,0.8
36.71832,-100.20021,1,1,0.8
36.73232,-100.05787,1,1,0.8
36.83847,-100.00376,3,2,0.8
36.8327,-99.98087,4,3,0.8
36.74615,-100.05801,2,4,0.8
36.76832,-100.05808,5,5,0.2
36.81213,-99.89079,1,1,1.0
36.81202,-99.85486,2,2,0.8
36.81205,-99.83662,3,3,0.8
36.79755,-99.81824,5,4,0.8
36.81207,-99.81832,4,5,1.0
36.74774,-99.74229,1,1,0.2
36.81242,-99.4936,2,1,1.0
36.80194,-99.48488,1,2,1.0
36.75405,-99.49328,4,3,0.8
36.8122,-99.51238,3,4,0.8
36.82663,-99.58461,5,5,0.8
36.79754,-99.36701,1,1,0.8
36.83084,-99.36709,3,2,0.8
36.85595,-99.3491,2,3,0.8
36.78844,-99.36705,4,4,0.2
36.752,-99.36701,5,5,0.2
36.81543,-99.1334,2,1,0.8
36.841,-99.25877,1,2,1.0
36.82668,-99.14088,3,3,0.8
36.84107,-99.24112,4,4,0.8
36.81213,-99.0994,5,5,0.2
36.80865,-99.04264,1,1,1.0
36.79783,-98.97052,2,2,0.8
36.79991,-98.98852,3,3,0.8
36.79779,-98.93534,4,4,0.8
36.81027,-99.01002,5,5,0.2
36.85567,-98.77335,4,1,0.8
36.79766,-98.86334,5,2,0.8
36.79771,-98.75551,3,3,0.8
36.85563,-98.75533,2,4,0.8
36.79769,-98.88139,1,5,1.0
36.841,-98.64805,1,1,1.0
36.84767,-98.65566,3,2,1.0
36.85546,-98.64814,2,3,1.0
36.7978,-98.72007,5,4,0.8
36.85541,-98.66605,4,5,0.8
36.84093,-98.48611,2,1,0.8
36.84083,-98.46794,1,2,0.8
36.89893,-98.48608,3,3,1.0
36.84077,-98.44997,4,4,0.8
36.84088,-98.43188,5,5,0.8
36.79732,-98.36013,1,1,1.0
36.84083,-98.35991,5,2,0.8
36.79727,-98.39287,2,3,1.0
36.85538,-98.35988,3,4,0.8
36.81181,-98.35999,4,5,0.8
36.81123,-98.092,2,1,0.8
36.8112,-98.11019,1,2,0.8
36.89819,-98.12751,3,3,0.8
36.81128,-98.14112,4,4,0.2
36.81124,-98.12601,5,5,0.2
36.81088,-97.96598,1,1,1.0
36.81074,-97.92987,2,2,1.0
36.81109,-97.98473,3,3,0.8
36.81069,-97.94801,4,4,0.8
36.88359,-97.98349,5,5,0.8
36.81082,-97.82147,1,1,1.0
36.83991,-97.8212,2,2,0.8
36.85436,-97.82117,3,3,0.8
36.82535,-97.82138,4,4,0.8
36.8106,-97.83947,5,5,0.8
36.81047,-97.6602,2,1,0.8
36.86877,-97.69114,1,2,0.8
36.8397,-97.71065,3,3,0.8
36.88799,-97.67823,4,4,0.8
36.81066,-97.69633,5,5,0.8
36.81072,-97.55248,1,1,1.0
36.81103,-97.40878,2,2,0.8
36.81114,-97.39712,3,3,0.2
36.88375,-97.29505,1,1,1.0
36.86918,-97.29135,2,2,0.8
36.85595,-97.29096,3,3,0.8
36.86932,-97.34847,4,4,0.8
36.89811,-97.3089,5,5,0.8
36.88553,-97.17584,1,1,1.0
36.88352,-97.13853,2,2,0.8
36.8111,-97.13877,3,3,0.8
36.81103,-97.12127,4,4,0.8
36.81115,-97.15685,5,5,0.8
36.81073,-96.99566,1,1,0.8
36.88336,-96.88738,3,2,1.0
36.88315,-97.00479,2,3,0.8
36.8108,-97.01367,4,4,0.8
36.88339,-96.92363,5,5,0.8
36.8406,-96.74331,2,1,1.0
36.88336,-96.85146,1,2,0.8
36.88337,-96.88455,3,3,0.2
36.83225,-96.72541,5,4,0.2
36.78958,-96.8073,4,5,0.2
36.86914,-96.67148,1,1,1.0
36.85465,-96.67149,4,2,0.8
36.84,-96.67151,2,3,0.8
36.81099,-96.67151,3,4,1.0
36.88364,-96.67143,5,5,0.8
36.87149,-96.21341,2,1,0.2
36.88324,-96.20825,1,2,0.2
36.82504,-96.12502,1,1,1.0
36.80962,-96.12374,3,2,0.8
36.82534,-96.13676,2,3,0.8
36.81506,-96.16644,4,4,1.0
36.8341,-96.12507,5,5,0.2
36.76751,-103.30664,1,1,0.8
36.77116,-103.32445,2,2,0.8
36.78232,-103.34285,3,3,0.8
36.75641,-103.30652,4,4,0.8
36.78563,-103.35485,5,5,0.2
36.7195,-102.98445,1,1,1.0
36.75701,-103.02512,2,2,0.8
36.71358,-103.00216,3,3,1.0
36.71945,-102.96651,4,4,0.8
36.7195,-102.94846,5,5,0.8
36.79482,-102.80506,1,1,1.0
36.73377,-102.78696,2,2,1.0
36.73844,-102.80496,3,3,0.8
36.71928,-102.82297,4,4,0.8
36.7193,-102.84093,5,5,0.8
36.79164,-102.60673,1,1,0.8
36.77726,-102.60682,2,2,0.8
36.73361,-102.66123,3,3,0.8
36.73358,-102.64291,4,4,0.8
36.74811,-102.60678,5,5,0.8
36.80597,-102.51745,1,1,0.8
36.79146,-102.51744,5,2,0.8
36.77698,-102.51759,2,3,0.8
36.82052,-102.51743,3,4,0.8
36.73358,-102.46741,4,5,1.0
36.7921,-102.30172,1,1,1.0
36.80589,-102.31969,2,2,0.8
36.80592,-102.33773,3,3,0.8
36.76254,-102.30164,4,4,1.0
36.80582,-102.3012,5,5,0.8
36.838,-102.19427,1,1,1.0
36.80595,-102.15809,2,2,0.8
36.80591,-102.14,3,3,0.8
36.80603,-102.17616,4,4,0.8
36.80594,-102.12208,5,5,0.8
36.80584,-101.99635,1,1,0.8
36.80578,-101.96025,2,2,0.8
36.80584,-102.01433,3,3,0.8
36.80574,-101.90689,4,4,1.0
36.80576,-101.94223,5,5,0.8
36.7624,-101.8167,1,1,1.0
36.76231,-101.79894,2,2,0.8
36.83509,-101.64038,1,1,0.8
36.86316,-101.64311,2,2,0.8
36.86315,-101.57565,3,3,1.0
36.80602,-101.63694,4,4,0.8
36.90663,-101.64957,5,5,1.0
36.86316,-101.48711,1,1,1.0
36.86319,-101.45102,2,2,1.0
36.84887,-101.48936,3,3,0.8
36.86318,-101.46908,4,4,0.8
36.86321,-101.41496,5,5,1.0
36.86321,-101.27053,1,1,1.0
36.8632,-101.30664,2,2,0.8
36.83402,-101.25996,3,3,1.0
36.86323,-101.36083,4,4,1.0
36.86321,-101.28859,5,5,0.8
36.89137,-101.16176,1,1,1.0
36.86317,-101.12609,2,2,0.8
36.86316,-101.14415,3,3,0.8
36.87919,-101.17991,4,4,1.0
36.91176,-101.13183,5,5,1.0
36.86324,-100.98165,1,1,1.0
36.86321,-100.96359,2,2,0.8
36.86992,-101.01772,3,3,1.0
36.87772,-100.98161,4,4,0.8
36.86325,-100.94556,5,5,0.8
36.90679,-100.8013,1,1,1.0
36.90676,-100.81936,2,2,1.0
36.92132,-100.80135,5,3,1.0
36.86325,-100.78328,3,4,0.8
36.90686,-100.74714,4,5,1.0
36.90689,-100.69342,1,1,1.0
36.86336,-100.65705,2,2,0.8
36.89238,-100.71133,4,3,1.0
36.90694,-100.71142,5,4,1.0
36.86334,-100.639,3,5,0.8
36.90684,-100.44052,1,1,0.8
36.90503,-100.4225,2,2,0.8
36.89367,-100.37306,3,3,0.8
36.90684,-100.45213,5,4,0.2
36.90378,-100.40458,4,5,0.8
36.89224,-100.27811,1,1,0.8
36.89222,-100.29616,2,2,0.8
36.8922,-100.242,3,3,0.8
36.89196,-100.22264,4,4,0.8
36.89216,-100.26457,5,5,0.2
36.88072,-100.03964,1,1,1.0
36.84839,-100.15337,2,2,0.8
36.84833,-100.12748,3,3,0.8
36.84836,-100.1393,4,4,0.2
36.85576,-100.16607,5,5,0.2
36.88467,-99.9627,1,1,0.8
36.91371,-99.9624,2,2,0.8
36.87017,-99.96282,3,3,0.8
36.87058,-99.89078,4,4,0.8
36.92924,-99.89146,5,5,0.8
36.9792,-99.77444,1,1,0.2
36.97286,-99.73901,2,2,0.2
36.8509,-99.76434,3,3,0.2
36.97276,-99.62914,2,1,1.0
36.91474,-99.62439,1,2,0.8
36.97291,-99.60999,3,3,0.2
36.92377,-99.62462,4,4,0.2
36.95098,-99.62881,5,5,0.2
36.85595,-99.43911,1,1,0.8
36.94387,-99.49296,5,2,0.8
36.88527,-99.49397,4,3,0.8
36.89992,-99.49388,2,4,0.8
36.85592,-99.42093,3,5,0.8
36.88491,-99.25921,1,1,0.8
36.87499,-99.2592,2,2,0.2
36.86602,-99.2592,3,3,0.2
36.85691,-99.25921,4,4,0.2
36.96322,-99.26589,5,5,0.2
36.90653,-99.04259,2,1,0.8
36.94243,-99.11514,1,2,0.8
36.90668,-99.02467,3,3,0.8
36.91042,-99.11508,4,4,0.2
36.89727,-99.04258,5,5,0.2
36.97164,-98.74344,1,1,0.8
36.97165,-98.7253,2,2,0.8
36.91364,-98.79118,3,3,0.8
36.89918,-98.7913,5,4,0.8
36.97164,-98.68912,4,5,1.0
36.94235,-98.57942,1,1,0.8
36.95418,-98.58107,2,2,0.8
36.97155,-98.65312,3,3,1.0
36.89894,-98.54036,4,4,0.8
36.8989,-98.52218,5,5,0.8
36.94236,-98.41571,1,1,0.8
36.95685,-98.41846,2,2,0.8
36.92802,-98.41384,3,3,0.8
36.89899,-98.35977,4,4,1.0
36.92801,-98.35974,5,5,0.8
36.95692,-98.29198,1,1,0.8
36.96998,-98.29193,2,2,0.8
36.98591,-98.29177,3,3,0.8
36.89855,-98.25286,4,4,0.8
36.89852,-98.23485,5,5,0.8
36.94192,-98.03835,1,1,0.8
36.92757,-98.03739,2,2,0.8
36.95639,-98.03912,3,3,0.8
36.89846,-98.03757,5,4,1.0
36.913,-98.03757,4,5,0.8
36.98525,-97.96712,1,1,0.8
36.98529,-97.98491,2,2,0.8
36.92671,-97.71428,2,1,0.8
36.92668,-97.7322,1,2,1.0
36.92679,-97.69632,3,3,0.8
36.91218,-97.7322,4,4,0.8
36.89771,-97.73211,5,5,0.8
36.98517,-97.61262,1,1,0.8
36.9707,-97.6224,2,2,0.8
36.95619,-97.63214,3,3,0.8
37.03275,-97.56443,4,4,0.8
36.99398,-97.60944,5,5,0.2
36.95607,-97.37261,1,1,1.0
36.9719,-97.39055,2,2,0.8
36.97028,-97.34568,3,3,0.8
36.95578,-97.34553,4,4,0.8
36.99886,-97.34271,5,5,0.8
36.9271,-97.28285,1,1,0.8
36.92714,-97.30058,2,2,0.8
36.94128,-97.05492,1,1,0.8
36.92651,-97.05644,3,2,0.8
37.01305,-97.09342,4,3,0.8
36.95569,-97.05035,2,4,0.8
37.01298,-97.11149,5,5,0.8
36.99918,-96.90454,1,1,1.0
37.01265,-96.94326,4,2,0.2
37.01046,-96.90686,2,3,0.2
37.01264,-96.95466,3,4,0.2
36.97026,-96.65113,1,1,0.8
36.98472,-96.65117,2,2,0.8
36.99974,-96.65192,3,3,0.2
36.96196,-96.21988,2,1,0.2
36.97085,-96.25747,1,2,0.2
36.92672,-95.9962,1,1,0.2
36.79624,-103.43291,1,1,0.2
36.85621,-102.88648,1,1,0.2
36.89274,-102.24467,1,1,1.0
36.90417,-102.24467,3,2,0.8
36.90992,-102.22671,2,3,0.8
36.87824,-102.2447,4,4,0.8
36.86378,-102.24469,5,5,0.8
36.90471,-102.04616,1,1,1.0
36.8966,-102.06427,2,2,0.8
36.90735,-102.02816,3,3,0.8
36.89287,-102.04618,4,4,0.8
36.88021,-102.10037,5,5,0.8
36.90714,-101.90209,1,1,1.0
36.95066,-101.90219,2,2,0.8
36.93617,-101.90217,3,3,0.8
36.96518,-101.90221,4,4,0.8
36.92166,-101.90213,5,5,0.8
36.9068,-101.73978,1,1,0.8
36.90675,-101.72174,2,2,0.8
36.90683,-101.75784,3,3,0.8
36.99429,-101.77235,4,4,0.8
36.90669,-101.70367,5,5,0.8
36.96464,-101.63159,1,1,1.0
36.93567,-101.63157,2,2,1.0
36.90664,-101.59546,3,3,1.0
36.99573,-101.48519,4,4,1.0
36.93567,-101.61351,5,5,0.8
36.99626,-101.35957,1,1,1.0
36.96472,-101.361,4,2,0.8
36.97929,-101.36104,2,3,0.8
36.95026,-101.36098,3,4,0.8
36.9357,-101.36093,5,5,0.8
36.97926,-101.2163,1,1,1.0
36.97919,-101.19823,2,2,0.8
37.03964,-101.21163,3,3,1.0
37.01073,-101.21161,4,4,0.8
36.9357,-101.21636,5,5,0.8
36.97918,-101.03583,1,1,1.0
36.99784,-101.09011,2,2,1.0
36.9792,-101.01777,3,3,1.0
36.99782,-101.10298,4,4,1.0
36.95024,-101.01779,5,5,1.0
36.96486,-100.87357,1,1,1.0
36.99368,-100.88525,2,2,0.8
36.98615,-100.87576,3,3,0.8
36.95689,-100.88017,4,4,1.0
36.93582,-100.87357,5,5,0.8
36.99941,-100.75664,1,1,0.8
36.99997,-100.66799,2,2,0.8
37.03906,-100.70562,5,3,0.8
36.95038,-100.74731,3,4,0.8
37.03914,-100.75987,4,5,0.8
36.97946,-100.53087,1,1,0.8
36.96495,-100.53087,2,2,0.8
36.95048,-100.53091,3,3,0.8
36.93592,-100.53089,4,4,0.8
36.97945,-100.4951,5,5,0.8
37.05339,-100.34346,1,1,0.8
37.06338,-100.3436,2,2,0.2
37.08153,-100.19898,1,1,0.8
37.04908,-100.1984,2,2,0.2
37.05859,-100.19859,3,3,0.2
37.07211,-100.19884,4,4,0.2
37.00768,-99.98062,1,1,0.2
36.98916,-99.97736,3,2,0.2
36.99811,-99.97822,2,3,0.2
36.97278,-99.66479,1,1,0.8
36.97286,-99.73787,2,2,0.8
36.98712,-99.62941,3,3,0.8
37.04761,-99.63207,4,4,0.2
37.07975,-99.63235,5,5,0.2
36.98673,-99.48421,1,1,0.8
36.99976,-99.48438,2,2,0.8
37.02812,-99.32452,1,1,0.8
37.07252,-99.32489,5,2,0.2
37.08431,-99.32495,4,3,0.2
37.09718,-99.32501,2,4,0.2
37.01906,-99.32076,3,5,0.2
37.01273,-98.79294,1,1,0.8
37.014,-98.77032,2,2,0.2
37.05013,-98.64939,1,1,0.8
37.07942,-98.64064,3,2,0.8
37.01397,-98.74392,2,3,0.8
37.06488,-98.6429,5,4,0.2
37.02475,-98.69419,4,5,0.2
37.02127,-98.56735,1,1,1.0
37.05014,-98.4576,3,2,0.8
37.02122,-98.53113,2,3,0.8
37.06518,-98.5678,4,4,0.8
37.06456,-98.44032,5,5,0.8
37.03614,-98.34752,1,1,0.8
37.03575,-98.40236,2,2,1.0
37.05046,-98.40268,3,3,0.8
37.03588,-98.38408,4,4,0.8
37.03602,-98.36575,5,5,0.8
37.06544,-98.03815,1,1,1.0
37.05122,-98.00172,2,2,0.8
37.05135,-98.03846,3,3,1.0
37.05162,-97.94778,5,4,0.8
37.05155,-97.96557,4,5,0.8
37.05251,-97.82045,1,1,0.8
37.05243,-97.83831,2,2,0.8
37.05267,-97.80242,3,3,0.8
37.05305,-97.74815,4,4,0.8
37.05271,-97.78434,5,5,0.8
37.05425,-97.65527,1,1,0.8
37.05334,-97.69399,2,2,0.8
37.08405,-97.60102,3,3,0.8
37.06957,-97.60085,5,4,0.8
37.05381,-97.67573,4,5,0.8
37.03367,-97.51946,1,1,1.0
37.12755,-97.54384,2,2,1.0
37.0993,-97.52881,5,3,0.8
37.0556,-97.52831,3,4,0.8
37.04093,-97.49392,4,5,0.8
37.05687,-97.31067,2,1,0.8
37.05694,-97.32874,3,2,0.8
37.07279,-97.33846,1,3,0.8
37.11558,-97.33876,4,4,0.8
37.08632,-97.33856,5,5,0.8
37.0562,-97.13044,1,1,1.0
37.01298,-97.12969,3,2,1.0
37.07085,-97.14894,5,3,0.8
37.05668,-97.16548,4,4,0.8
37.05641,-97.14846,2,5,1.0
37.07746,-96.93228,1,1,0.8
37.12266,-96.8965,2,2,0.8
37.01248,-96.9855,3,3,0.8
37.07726,-96.89583,4,4,1.0
37.12879,-96.99581,5,5,0.8
37.11077,-96.77127,1,1,1.0
37.05574,-96.78678,5,2,0.8
37.04967,-96.82292,4,3,0.8
37.05586,-96.76867,2,4,0.8
37.05544,-96.80479,3,5,0.8
37.07132,-96.64362,1,1,1.0
37.08579,-96.64365,2,2,0.8
37.11117,-96.66179,4,3,0.8
37.11117,-96.67968,5,4,0.8
37.11068,-96.64364,3,5,1.0
37.11312,-96.43808,2,1,0.2
37.11301,-96.41716,1,2,0.8
37.11341,-96.46483,3,3,0.2
37.11312,-96.29959,1,1,0.8
37.11306,-96.27236,2,2,0.8
37.10707,-96.24804,3,3,1.0
37.11332,-96.34468,4,4,0.8
37.11306,-96.28744,5,5,0.2
37.069,-96.18154,1,1,0.8
37.05452,-96.18155,2,2,0.8
37.08342,-96.19838,3,3,0.8
37.08289,-96.14714,5,4,0.2
37.08351,-96.18666,4,5,0.2
37.04702,-102.54294,1,1,0.8
37.06175,-102.56938,2,2,0.8
37.06893,-102.57874,3,3,0.8
36.992,-102.52459,5,4,0.2
37.05361,-102.55462,4,5,0.2
37.03954,-101.97163,1,1,0.8
37.03963,-101.9447,3,2,0.8
37.03961,-101.91754,2,3,0.8
37.03956,-101.95918,4,4,0.2
37.03964,-101.93173,5,5,0.2
37.06922,-101.78711,1,1,1.0
37.06891,-101.77274,5,2,1.0
37.04796,-101.827,3,3,0.8
37.05838,-101.80911,4,4,0.8
37.0374,-101.84516,2,5,1.0
37.03989,-101.62777,1,1,1.0
37.11266,-101.66837,2,2,1.0
37.06897,-101.62791,3,3,0.8
37.05444,-101.62784,4,4,0.8
37.03999,-101.66409,5,5,0.8
37.08283,-101.48341,1,1,0.8
37.03927,-101.48329,5,2,1.0
37.09736,-101.48347,2,3,0.8
37.05385,-101.48327,3,4,0.8
37.11187,-101.48343,4,5,0.8
37.03941,-101.35657,1,1,1.0
37.09748,-101.35673,2,2,0.8
37.06847,-101.35668,3,3,0.8
37.03945,-101.3385,4,4,0.8
37.03948,-101.3023,5,5,0.8
37.11206,-101.15801,1,1,0.8
37.11201,-101.21193,2,2,1.0
37.11209,-101.13995,4,3,0.8
37.11211,-101.17567,3,4,0.8
37.03958,-101.10302,5,5,1.0
37.11193,-101.03087,1,1,1.0
37.11237,-100.97656,2,2,0.8
37.11229,-100.99469,3,3,0.8
37.11234,-100.92249,4,4,1.0
37.11239,-100.95851,5,5,0.8
37.08334,-100.83646,2,1,1.0
37.10454,-100.79626,1,2,0.8
37.08336,-100.85009,4,3,0.8
37.12251,-100.76857,5,4,0.8
37.09501,-100.81444,3,5,0.8
37.1417,-100.5797,1,1,0.8
37.17013,-100.63543,2,2,0.8
37.17011,-100.65363,5,3,0.8
37.17007,-100.61691,3,4,0.8
37.17002,-100.67179,4,5,0.8
37.06181,-100.4709,2,1,0.8
37.16974,-100.52624,1,2,0.8
37.16983,-100.50732,3,3,0.8
37.11282,-100.45327,4,4,0.2
37.16981,-100.47945,5,5,0.2
37.16926,-100.34443,1,1,1.0
37.13999,-100.25398,2,2,0.8
37.16936,-100.29038,3,3,0.8
37.16929,-100.31734,4,4,0.8
37.15458,-100.25404,5,5,0.8
37.09547,-100.19999,1,1,0.8
37.15171,-99.9814,1,1,0.8
37.07822,-99.97991,2,2,0.8
37.1292,-99.98086,3,3,0.2
37.14258,-99.98119,4,4,0.2
37.10898,-99.9805,5,5,0.2
37.14844,-99.63912,1,1,0.8
37.13389,-99.63296,2,2,0.8
37.16302,-99.65057,4,3,0.8
37.20676,-99.65256,5,4,0.8
37.1193,-99.63268,3,5,0.8
37.1922,-99.52641,1,1,0.8
37.193,-99.38158,2,2,0.8
37.19305,-99.36914,3,3,0.2
37.19314,-99.32735,1,1,1.0
37.16401,-99.32655,2,2,0.8
37.13497,-99.32561,5,3,0.8
37.17859,-99.32692,3,4,0.8
37.19311,-99.34541,4,5,0.8
37.1582,-98.6311,1,1,0.2
37.16399,-98.62117,3,2,0.2
37.14751,-98.63524,2,3,0.2
37.15237,-98.51434,5,4,0.2
37.12069,-98.56838,4,5,0.2
37.21941,-98.40379,3,1,0.2
37.1231,-98.44567,2,2,0.2
37.21045,-98.40333,5,3,0.2
37.13471,-98.35592,4,4,0.2
37.14819,-98.33969,1,5,0.2
37.15223,-98.23862,2,1,0.8
37.15239,-98.25714,1,2,0.8
37.15245,-98.29352,3,3,0.8
37.15245,-98.3119,4,4,0.8
37.15208,-98.18445,5,5,0.8
37.23872,-98.12977,2,1,1.0
37.15182,-98.13031,1,2,0.8
37.23868,-98.11199,3,3,0.8
37.2391,-98.07573,4,4,0.8
37.15182,-98.14852,5,5,0.8
37.15327,-97.91182,1,1,0.8
37.1534,-97.89302,2,2,0.8
37.15271,-97.94798,4,3,0.8
37.15355,-97.8748,3,4,0.8
37.15375,-97.85685,5,5,0.8
37.1542,-97.76521,1,1,1.0
37.19795,-97.76454,2,2,0.8
37.18339,-97.76473,3,3,0.8
37.2128,-97.76533,4,4,0.8
37.1688,-97.76498,5,5,0.8
37.19938,-97.58353,1,1,0.8
37.18487,-97.5835,3,2,0.8
37.21376,-97.58348,2,3,0.8
37.15526,-97.59382,5,4,1.0
37.17037,-97.58351,4,5,0.8
37.18461,-97.40215,1,1,1.0
37.17341,-97.40194,2,2,1.0
37.20206,-97.40227,3,3,0.8
37.15864,-97.40232,4,4,1.0
37.2167,-97.40233,5,5,0.8
37.23223,-97.27601,1,1,1.0
37.20202,-97.16773,4,2,0.8
37.21658,-97.16792,2,3,0.8
37.23219,-97.29424,3,4,0.8
37.2177,-97.27594,5,5,0.8
37.17016,-97.03119,1,1,1.0
37.16233,-97.04067,2,2,1.0
37.15783,-97.09515,5,3,1.0
37.18688,-97.02278,4,4,1.0
37.18691,-97.09522,3,5,1.0
37.21533,-96.87928,3,1,0.8
37.24417,-96.86109,2,2,1.0
37.17184,-96.87873,4,3,1.0
37.24404,-96.82463,5,4,0.8
37.20079,-96.87905,1,5,0.8
37.18617,-96.78841,2,1,0.8
37.14353,-96.71512,5,2,0.8
37.24403,-96.64412,3,3,0.8
37.24414,-96.79173,4,4,0.8
37.24419,-96.71895,1,5,1.0
37.24405,-96.62589,1,1,0.8
37.24412,-96.53906,2,2,0.2
37.24403,-96.61262,4,3,0.2
37.24399,-96.59607,3,4,0.2
37.22842,-96.24799,1,1,0.8
37.14937,-96.22116,2,2,0.8
37.2144,-96.23759,4,3,0.2
37.20413,-96.22995,3,4,0.2
37.2363,-96.25384,5,5,0.2
37.14884,-102.61516,1,1,0.8
37.17783,-102.61548,2,2,0.8
37.19232,-102.61551,3,3,0.8
37.20686,-102.61545,4,4,0.8
37.13557,-102.6024,5,5,0.2
37.14117,-102.02624,1,1,1.0
37.14158,-102.04193,2,2,0.8
37.18522,-102.02668,3,3,0.8
37.2142,-102.02692,4,4,0.8
37.1632,-102.02637,5,5,0.2
37.14141,-101.89991,1,1,1.0
37.17066,-101.90002,2,2,0.8
37.18522,-101.90008,3,3,0.8
37.15602,-101.89996,4,4,0.8
37.14139,-101.93577,5,5,0.8
37.21437,-101.77352,2,1,0.8
37.2289,-101.77346,3,2,0.8
37.17077,-101.77339,4,3,0.8
37.19999,-101.77362,1,4,0.8
37.18304,-101.7735,5,5,0.2
37.185,-101.5739,1,1,0.8
37.18533,-101.62814,3,2,1.0
37.18528,-101.61004,4,3,0.8
37.17057,-101.59214,5,4,0.8
37.18515,-101.5921,2,5,0.8
37.1701,-101.39312,1,1,1.0
37.18443,-101.41128,2,2,0.8
37.18453,-101.42937,3,3,0.8
37.18464,-101.39318,4,4,0.8
37.18456,-101.44748,5,5,0.8
37.17011,-101.21235,1,1,1.0
37.19923,-101.21233,2,2,0.8
37.18467,-101.2123,3,3,0.8
37.17013,-101.17591,4,4,1.0
37.27161,-101.26439,5,5,1.0
37.17026,-101.04951,1,1,1.0
37.17022,-101.10353,2,2,1.0
37.20679,-101.04972,3,3,0.8
37.17028,-101.03137,4,4,1.0
37.21367,-101.10389,5,5,0.8
37.2137,-100.92309,2,1,1.0
37.18841,-100.92233,1,2,1.0
37.17019,-100.92292,3,3,1.0
37.21037,-100.87734,5,4,0.8
37.27169,-100.86895,4,5,1.0
37.22784,-100.72612,1,1,0.8
37.24244,-100.72615,2,2,0.8
37.27142,-100.7617,4,3,1.0
37.24244,-100.76129,3,4,0.8
37.22794,-100.76102,5,5,0.8
37.22799,-100.58087,1,1,0.8
37.21353,-100.5807,2,2,0.8
37.28579,-100.52621,3,3,1.0
37.16992,-100.58052,4,4,1.0
37.28581,-100.50774,5,5,1.0
37.28559,-100.43512,1,1,1.0
37.28555,-100.39917,2,2,0.8
37.24208,-100.32532,3,3,0.8
37.16929,-100.39912,5,4,0.8
37.21298,-100.34444,4,5,0.8
37.24153,-100.1998,1,1,0.8
37.25611,-100.1998,2,2,0.8
37.28564,-100.25407,3,3,0.8
37.28536,-100.18194,4,4,0.8
37.29986,-100.19982,5,5,0.8
37.28458,-100.00064,1,1,1.0
37.28526,-100.04985,2,2,0.2
37.26979,-100.00088,3,3,0.2
37.28519,-100.10718,4,4,0.2
37.29548,-100.00068,5,5,0.2
37.21685,-99.65261,1,1,0.2
37.29377,-99.58108,1,1,0.8
37.23261,-99.49069,2,2,0.2
37.24212,-99.49074,3,3,0.2
37.21509,-99.3278,2,1,0.8
37.30955,-99.32804,1,2,0.8
37.33109,-99.3277,3,3,0.2
37.2809,-99.28347,4,4,0.2
37.32131,-99.32785,5,5,0.2
37.28127,-99.21923,1,1,1.0
37.28153,-99.18346,2,2,0.8
37.29582,-99.21923,3,3,0.8
37.28167,-99.16532,4,4,0.8
37.2814,-99.20194,5,5,0.8
37.28043,-99.00285,1,1,1.0
37.28041,-99.01517,4,2,0.2
37.28049,-98.96955,2,3,0.2
37.28054,-98.95674,3,4,0.2
37.28211,-99.10204,5,5,0.2
37.28142,-98.93369,1,1,0.8
37.28072,-98.84722,4,2,0.2
37.28163,-98.8992,3,3,0.2
37.28157,-98.91238,2,4,0.8
37.28168,-98.88775,5,5,0.2
37.23304,-98.66249,1,1,0.2
37.27728,-98.73646,2,2,0.2
37.25434,-98.5141,1,1,1.0
37.2541,-98.49584,3,2,0.8
37.25356,-98.47765,2,3,0.8
37.36977,-98.51484,5,4,0.2
37.27467,-98.54477,4,5,0.2
37.2391,-98.34886,3,1,0.8
37.23905,-98.36722,4,2,0.8
37.25346,-98.27579,2,3,0.8
37.36948,-98.34944,1,4,0.8
37.23892,-98.32144,5,5,0.8
37.26605,-98.12977,3,1,0.8
37.32643,-98.2215,4,2,0.8
37.36983,-98.18551,5,3,0.8
37.23909,-98.16826,1,4,1.0
37.28294,-98.22087,2,5,0.8
37.29797,-97.96738,1,1,0.8
37.2688,-97.96701,3,2,0.8
37.28361,-97.94902,2,3,0.8
37.2837,-97.9309,4,4,0.8
37.25431,-97.96687,5,5,0.8
37.2847,-97.83979,1,1,0.8
37.28504,-97.82165,3,2,0.8
37.28459,-97.85806,2,3,0.8
37.28448,-97.79484,4,4,0.8
37.31399,-97.76572,5,5,0.8
37.27091,-97.63811,5,1,1.0
37.31515,-97.63846,1,2,0.8
37.2999,-97.6388,4,3,0.8
37.32964,-97.63834,2,4,0.8
37.28537,-97.63846,3,5,0.8
37.31808,-97.43973,2,1,1.0
37.3166,-97.47595,1,2,0.8
37.31815,-97.45757,3,3,0.8
37.30112,-97.53057,4,4,0.8
37.31622,-97.49388,5,5,0.8
37.30454,-97.34039,1,1,0.8
37.33369,-97.33189,3,2,0.8
37.2904,-97.34021,2,3,0.8
37.31898,-97.33957,4,4,0.8
37.31941,-97.27636,5,5,0.8
37.30358,-97.13289,4,1,0.8
37.30329,-97.11491,1,2,1.0
37.31786,-97.1149,2,3,0.8
37.28869,-97.09645,3,4,0.8
37.29325,-97.22277,5,5,0.8
37.31757,-97.01575,2,1,0.8
37.332,-97.00688,1,2,0.8
37.30293,-97.00673,4,3,0.8
37.28794,-97.00688,3,4,1.0
37.28831,-96.98787,5,5,0.8
37.31647,-96.84304,5,1,0.8
37.31634,-96.82486,2,2,0.8
37.31624,-96.80698,1,3,0.8
37.35989,-96.7704,3,4,0.8
37.31666,-96.86116,4,5,0.8
37.32336,-96.61191,1,1,0.2
37.35256,-96.55193,2,2,0.8
37.24403,-96.63738,3,3,0.2
37.35265,-96.53129,1,1,0.2
37.35258,-96.5477,2,2,0.2
37.30081,-96.2905,2,1,0.8
37.31543,-96.29058,4,2,0.8
37.27223,-96.28055,1,3,0.8
37.2868,-96.29024,3,4,0.8
37.36659,-96.2539,5,5,0.8
37.38398,-96.13987,1,1,0.2
37.16712,-103.85041,1,1,0.8
37.1608,-103.88228,2,2,0.2
37.17051,-103.88389,4,3,0.2
37.16881,-103.86728,3,4,0.2
37.15055,-103.88504,5,5,0.2
37.16241,-103.80433,1,1,0.2
37.2204,-103.39138,1,1,0.8
37.22027,-103.40975,2,2,0.8
37.22051,-103.37508,3,3,0.2
37.22019,-103.42177,4,4,0.2
37.22003,-103.4334,5,5,0.2
37.27943,-103.19262,1,1,0.8
37.27929,-103.21168,2,2,0.2
37.27931,-103.23274,3,3,0.2
37.27916,-103.17844,4,4,0.2
37.27931,-103.25364,5,5,0.2
37.27916,-103.04988,3,1,0.8
37.27919,-103.03168,1,2,0.8
37.27918,-103.01355,2,3,0.8
37.27917,-103.08393,4,4,0.8
37.27917,-102.99544,5,5,0.8
37.27938,-102.90663,1,1,0.8
37.2793,-102.92291,2,2,0.8
37.27926,-102.94107,3,3,0.8
37.29377,-102.9048,4,4,0.8
37.2504,-102.61547,2,1,0.8
37.23587,-102.61547,1,2,0.8
37.2214,-102.61543,3,3,0.8
37.26012,-102.61546,1,1,0.2
37.26937,-102.61552,2,2,0.2
37.28561,-102.61549,4,3,0.2
37.29581,-102.61551,3,4,0.2
37.29473,-102.277,1,1,0.8
37.3094,-102.27697,1,1,0.8
37.27253,-102.02733,1,1,1.0
37.29469,-102.02744,2,2,0.8
37.27263,-102.00913,3,3,0.8
37.27261,-101.99079,4,4,0.8
37.27267,-101.97262,5,5,0.8
37.27263,-101.90038,1,1,1.0
37.25779,-101.89675,2,2,1.0
37.25804,-101.84597,3,3,0.8
37.33077,-101.77384,4,4,1.0
37.25807,-101.86405,5,5,0.8
37.33057,-101.64659,1,1,1.0
37.25786,-101.64768,2,2,1.0
37.31588,-101.6465,3,3,0.8
37.28692,-101.64644,4,4,0.8
37.33051,-101.7014,5,5,0.8
37.33003,-101.52001,4,1,0.8
37.33027,-101.57434,2,2,1.0
37.35929,-101.46608,3,3,1.0
37.3301,-101.48432,1,4,1.0
37.33006,-101.50184,5,5,0.8
37.3153,-101.33909,1,1,1.0
37.32983,-101.33927,2,2,0.8
37.31529,-101.32103,3,3,0.8
37.31539,-101.35745,5,4,0.8
37.30081,-101.33908,4,5,0.8
37.3431,-101.17649,1,1,0.8
37.34916,-101.15868,2,2,0.8
37.27152,-101.21257,3,3,1.0
37.35908,-101.1404,4,4,0.8
37.28673,-101.24884,5,5,1.0
37.37363,-100.97739,1,1,0.8
37.37333,-100.95941,4,2,0.8
37.38783,-100.97879,2,3,0.8
37.37337,-100.94186,3,4,0.8
37.27172,-101.01378,5,5,0.8
37.37335,-100.8337,1,1,1.0
37.37351,-100.86923,2,2,1.0
37.37326,-100.81542,3,3,0.8
37.34448,-100.86924,4,4,0.8
37.32977,-100.86925,5,5,0.8
37.37313,-100.72507,1,1,1.0
37.34404,-100.59861,2,2,0.8
37.32952,-100.59873,3,3,0.8
37.37314,-100.59839,4,4,0.8
37.3441,-100.72549,5,5,0.8
37.35823,-100.43504,1,1,0.8
37.34367,-100.43514,2,2,0.8
37.37282,-100.43499,3,3,0.8
37.30031,-100.50776,4,4,0.8
37.28578,-100.48957,5,5,0.8
37.38727,-100.34358,1,1,1.0
37.37251,-100.34468,2,2,0.8
37.32902,-100.27365,3,3,0.8
37.31452,-100.29634,4,4,0.8
37.34117,-100.25452,5,5,0.8
37.40091,-100.13255,1,1,0.8
37.41021,-100.10742,2,2,0.8
37.34348,-100.19999,4,3,0.8
37.32897,-100.1999,3,4,0.8
37.41703,-100.08898,5,5,0.8
37.37051,-100.00096,4,1,0.8
37.38255,-100.00122,1,2,0.8
37.35586,-100.0009,2,3,0.8
37.39995,-100.01572,3,4,1.0
37.34125,-100.00085,5,5,0.8
37.39144,-99.77763,1,1,0.8
37.40174,-99.77528,2,2,0.8
37.40159,-99.75549,3,3,0.8
37.42735,-99.7558,4,4,0.2
37.41477,-99.75559,5,5,0.2
37.38826,-99.62828,2,1,0.2
37.36206,-99.63147,4,2,0.2
37.37373,-99.6296,3,3,0.2
37.42408,-99.62856,1,4,0.8
37.34533,-99.63433,5,5,0.2
37.38239,-99.32369,1,1,0.8
37.41136,-99.31967,2,2,0.8
37.33862,-99.32757,3,3,0.8
37.35316,-99.32734,4,4,0.8
37.37316,-99.32696,5,5,0.2
37.45622,-98.89984,1,1,0.2
37.45622,-98.91201,2,2,0.2
37.39858,-98.53796,3,1,0.8
37.41304,-98.53781,2,2,0.8
37.42757,-98.53781,1,3,0.8
37.36765,-98.54387,5,4,1.0
37.44197,-98.53789,4,5,0.8
37.36957,-98.42249,1,1,1.0
37.39855,-98.4283,2,2,0.8
37.36939,-98.44091,3,3,0.8
37.36952,-98.40887,4,4,0.8
37.36943,-98.45871,5,5,0.8
37.36987,-98.22199,1,1,1.0
37.38419,-98.27939,2,2,0.8
37.44228,-98.31855,3,3,0.8
37.3831,-98.22215,4,4,0.8
37.36961,-98.25852,5,5,0.8
37.45737,-98.06317,5,1,0.8
37.37007,-98.14907,4,2,0.8
37.45742,-98.08152,1,3,1.0
37.3675,-98.0696,2,4,1.0
37.39936,-98.078,3,5,0.8
37.38585,-97.87919,1,1,1.0
37.40065,-97.86051,2,2,0.8
37.38596,-97.85944,3,3,0.8
37.38446,-97.98594,4,4,0.8
37.47313,-97.93551,5,5,0.8
37.40091,-97.7692,1,1,0.8
37.38643,-97.76786,3,2,1.0
37.46059,-97.71576,2,3,0.8
37.46992,-97.69768,4,4,0.8
37.38707,-97.69591,5,5,0.8
37.38822,-97.53044,1,1,1.0
37.38841,-97.51293,2,2,1.0
37.38748,-97.58535,3,3,0.8
37.38759,-97.56822,5,4,0.8
37.38781,-97.54989,4,5,0.8
37.39104,-97.3822,1,1,1.0
37.39022,-97.42126,5,2,0.8
37.38988,-97.4394,2,3,0.8
37.3895,-97.45759,3,4,0.8
37.39059,-97.4034,4,5,0.8
37.43271,-97.1692,1,1,0.8
37.39185,-97.20805,3,2,0.8
37.39199,-97.22243,4,3,0.8
37.39217,-97.24032,5,4,0.8
37.43589,-97.27652,2,5,0.8
37.41929,-97.09641,2,1,0.8
37.4755,-97.13521,1,2,1.0
37.43383,-97.13286,3,3,0.8
37.41944,-97.13241,4,4,0.8
37.44819,-97.09774,5,5,0.8
37.43319,-96.87859,1,1,1.0
37.41864,-96.87781,4,2,0.8
37.44771,-96.87917,3,3,0.8
37.43295,-96.86029,5,4,0.8
37.43277,-96.89679,2,5,0.8
37.47586,-96.77029,2,1,0.8
37.4466,-96.64176,5,2,0.8
37.43182,-96.72353,4,3,0.2
37.43206,-96.67766,1,4,0.8
37.43199,-96.64127,3,5,1.0
37.43185,-96.27,2,1,0.8
37.38824,-96.27154,1,2,0.8
37.39876,-96.27081,3,3,0.2
37.41268,-96.27093,4,4,0.2
37.42205,-96.27136,5,5,0.2
37.44598,-95.9625,1,1,0.8
37.44474,-95.94882,2,2,0.8
37.3515,-103.35519,1,1,0.8
37.33678,-103.35536,2,2,0.8
37.27922,-103.28341,3,3,0.8
37.31995,-103.35564,4,4,0.2
37.27909,-103.30363,5,5,0.2
37.27906,-103.16527,1,1,0.8
37.27917,-103.11978,2,2,0.8
37.27911,-103.14829,3,3,0.2
37.27914,-103.13562,4,4,0.2
37.35189,-102.90482,1,1,0.8
37.32287,-102.90483,2,2,0.8
37.30836,-102.90481,3,3,0.8
37.36475,-102.90479,4,4,0.8
37.33186,-102.90483,5,5,0.2
37.38235,-102.77285,2,1,0.8
37.38218,-102.81968,3,2,0.8
37.3825,-102.74685,1,3,0.8
37.38226,-102.7952,5,4,0.2
37.38239,-102.76092,4,5,0.2
37.35332,-102.61556,1,1,0.8
37.33103,-102.61554,2,2,0.8
37.38346,-102.57464,3,3,0.8
37.38296,-102.69241,5,4,0.8
37.3835,-102.54788,4,5,0.8
37.38361,-102.48394,1,1,0.8
37.38363,-102.50255,3,2,0.8
37.3802,-102.4019,2,3,0.8
37.38031,-102.37443,4,4,0.8
37.38026,-102.41342,5,5,0.2
37.35336,-102.27696,1,1,0.8
37.38041,-102.34346,3,2,0.8
37.40982,-102.21878,2,3,0.8
37.32407,-102.27699,4,4,0.8
37.3387,-102.27696,5,5,0.8
37.42804,-102.16472,1,1,1.0
37.43309,-102.1466,2,2,0.8
37.43853,-102.12834,4,3,0.8
37.44359,-102.1101,3,4,0.8
37.41594,-102.20068,5,5,0.8
37.38902,-101.89254,1,1,0.8
37.41811,-101.8897,2,2,0.8
37.35996,-101.90054,4,3,0.8
37.44726,-101.88951,3,4,0.8
37.37351,-101.90053,5,5,0.2
37.40319,-101.76255,1,1,0.8
37.4177,-101.76247,2,2,0.8
37.38878,-101.76743,3,3,0.8
37.43219,-101.76238,4,4,0.8
37.44672,-101.76228,5,5,0.8
37.41748,-101.56224,1,1,1.0
37.4176,-101.59872,2,2,0.8
37.4175,-101.61698,3,3,0.8
37.41761,-101.58069,4,4,0.8
37.4175,-101.63516,5,5,0.8
37.43169,-101.45293,1,1,0.8
37.41722,-101.45291,2,2,0.8
37.44613,-101.45295,3,3,0.8
37.45706,-101.36182,4,4,1.0
37.44595,-101.3532,5,5,1.0
37.43129,-101.21649,1,1,1.0
37.46018,-101.21647,2,2,1.0
37.47476,-101.2891,4,3,1.0
37.4312,-101.23463,3,4,0.8
37.43179,-101.25221,5,5,0.8
37.43143,-101.0531,1,1,1.0
37.41692,-101.05304,2,2,1.0
37.47504,-101.06429,3,3,0.8
37.46932,-101.05313,4,4,0.8
37.43144,-101.07116,5,5,0.8
37.46056,-100.92573,1,1,0.8
37.46569,-100.9074,2,2,0.8
37.45472,-100.94384,3,3,0.8
37.43134,-100.87103,4,4,0.8
37.4895,-100.88922,5,5,0.8
37.47482,-100.74366,1,1,0.8
37.47482,-100.76172,2,2,0.8
37.47484,-100.7255,3,3,0.8
37.51619,-100.72547,4,4,1.0
37.47482,-100.77994,5,5,0.8
37.47495,-100.63421,1,1,1.0
37.47414,-100.59845,2,2,0.8
37.44573,-100.59808,3,3,0.8
37.47491,-100.61596,4,4,0.8
37.48939,-100.63422,5,5,0.8
37.47483,-100.34314,1,1,0.8
37.48945,-100.3431,2,2,0.8
37.46021,-100.34317,3,3,0.8
37.50394,-100.34306,4,4,0.8
37.51858,-100.34301,5,5,0.8
37.47519,-100.19834,1,1,1.0
37.47523,-100.21625,2,2,0.8
37.48873,-100.18052,3,3,0.8
37.47513,-100.18017,4,4,0.8
37.51878,-100.18045,5,5,0.8
37.48783,-100.01602,1,1,1.0
37.47314,-100.01609,2,2,0.8
37.51719,-100.01585,3,3,0.8
37.4875,-99.99767,4,4,0.8
37.53181,-100.01577,5,5,0.8
37.4851,-99.89735,1,1,1.0
37.49889,-99.86662,2,2,0.8
37.48572,-99.92473,3,3,0.8
37.50274,-99.85056,4,4,0.8
37.48618,-99.94305,5,5,0.8
37.49712,-99.75683,1,1,0.8
37.48223,-99.7566,3,2,0.8
37.52364,-99.75725,2,3,1.0
37.51207,-99.75706,4,4,0.8
37.52804,-99.73917,5,5,0.8
37.54243,-99.55693,1,1,0.8
37.54243,-99.58449,2,2,0.8
37.52859,-99.47519,3,3,0.8
37.51258,-99.46605,4,4,0.8
37.5419,-99.47527,5,5,0.8
37.52782,-99.32068,1,1,0.8
37.54248,-99.32093,2,2,0.8
37.494,-99.46195,3,3,0.8
37.45465,-99.32051,4,4,0.8
37.49839,-99.32018,5,5,0.8
37.5134,-99.21222,1,1,0.8
37.57223,-99.21249,2,2,0.8
37.54277,-99.21249,4,3,0.8
37.55747,-99.21231,3,4,0.8
37.53227,-99.21226,5,5,0.2
37.50908,-99.04928,1,1,0.8
37.5284,-99.04968,2,2,0.8
37.51381,-98.99494,3,3,0.8
37.50224,-98.99466,4,4,0.8
37.52827,-98.99531,5,5,0.8
37.51428,-98.8662,1,1,0.8
37.51402,-98.88434,2,2,0.8
37.50056,-98.88412,3,3,0.8
37.49812,-98.89813,4,4,0.8
37.48478,-98.89804,5,5,0.8
37.51428,-98.73903,1,1,1.0
37.54073,-98.73912,2,2,1.0
37.4997,-98.737,3,3,0.8
37.49967,-98.6471,4,4,0.8
37.51399,-98.75765,5,5,0.8
37.49778,-98.55629,1,1,1.0
37.52884,-98.55638,2,2,0.8
37.5431,-98.55648,4,3,0.8
37.55785,-98.55652,3,4,0.8
37.51436,-98.5563,5,5,0.8
37.52949,-98.31882,1,1,1.0
37.52922,-98.3551,2,2,0.8
37.53003,-98.28245,3,3,1.0
37.52898,-98.37365,5,4,0.8
37.54478,-98.2825,4,5,1.0
37.54541,-98.17212,1,1,1.0
37.53082,-98.1722,2,2,0.8
37.54429,-98.22709,3,3,1.0
37.54527,-98.19059,4,4,0.8
37.54591,-98.11746,5,5,1.0
37.54689,-97.99031,1,1,1.0
37.53216,-97.99032,2,2,0.8
37.54597,-98.02679,3,3,0.8
37.52267,-97.99033,4,4,0.8
37.54606,-98.04484,5,5,0.8
37.56186,-97.82601,1,1,1.0
37.51812,-97.84428,3,2,0.8
37.56182,-97.77144,2,3,1.0
37.56182,-97.80778,4,4,0.8
37.56177,-97.78974,5,5,0.8
37.5623,-97.64327,1,1,1.0
37.53312,-97.64314,4,2,0.8
37.56223,-97.66154,3,3,0.8
37.51857,-97.6429,2,4,0.8
37.54722,-97.64341,5,5,0.8
37.56506,-97.55222,1,1,1.0
37.5635,-97.44349,3,2,1.0
37.56381,-97.42526,2,3,1.0
37.50541,-97.4241,5,4,1.0
37.5629,-97.47716,4,5,0.8
37.50628,-97.36948,1,1,1.0
37.50602,-97.38779,2,2,0.8
37.49178,-97.36924,3,3,0.8
37.57856,-97.40708,4,4,0.8
37.50571,-97.4059,5,5,0.8
37.57434,-97.19478,1,1,1.0
37.51943,-97.09882,2,2,0.8
37.51925,-97.15305,3,3,0.8
37.59196,-97.20779,5,4,0.8
37.51932,-97.13553,4,5,1.0
37.58861,-96.98108,2,1,0.8
37.51963,-96.89906,4,2,1.0
37.51945,-96.93541,3,3,0.8
37.5777,-96.98111,1,4,1.0
37.54858,-97.04375,5,5,0.8
37.57765,-96.77059,1,1,1.0
37.51952,-96.80686,2,2,0.8
37.5485,-96.77052,4,3,0.8
37.5777,-96.82585,3,4,0.8
37.57766,-96.78888,5,5,0.8
37.5634,-96.64255,1,1,0.8
37.57796,-96.64268,2,2,0.8
37.59258,-96.64271,3,3,0.8
37.49102,-96.64239,4,4,0.8
37.47624,-96.6428,5,5,0.8
37.56245,-96.25307,1,1,0.8
37.50455,-96.25345,2,2,0.8
37.54063,-96.25376,3,3,0.8
37.53131,-96.25364,5,4,0.2
37.55139,-96.25325,4,5,0.2
37.46869,-103.33108,1,1,0.8
37.45904,-103.33119,2,2,0.2
37.48592,-103.3306,3,3,0.2
37.48453,-102.62017,1,1,0.8
37.49913,-102.62021,2,2,0.8
37.47003,-102.62004,3,3,0.8
37.45561,-102.61982,4,4,0.8
37.55692,-102.5659,5,5,0.8
37.55722,-102.34631,1,1,0.8
37.55726,-102.33411,2,2,0.2
37.55726,-102.18321,1,1,0.8
37.55705,-102.25568,4,2,0.8
37.5572,-102.20214,3,3,0.8
37.55754,-102.14676,2,4,0.8
37.55739,-102.16495,5,5,0.8
37.4844,-101.99878,1,1,0.8
37.47689,-102.02132,4,2,0.8
37.55834,-102.07024,2,3,0.8
37.46972,-102.04182,3,4,0.8
37.55782,-102.09208,5,5,0.8
37.57819,-101.88874,1,1,1.0
37.49095,-101.88928,2,2,0.8
37.50884,-101.92563,5,3,0.8
37.47949,-101.88931,3,4,0.8
37.57817,-101.87017,4,5,0.8
37.56254,-101.68984,1,1,1.0
37.5337,-101.68977,2,2,0.8
37.54822,-101.68976,3,3,0.8
37.57712,-101.68987,4,4,1.0
37.50469,-101.68985,5,5,0.8
37.57668,-101.49021,1,1,1.0
37.57699,-101.56288,3,2,1.0
37.50422,-101.48243,2,3,1.0
37.54764,-101.49005,4,4,0.8
37.54772,-101.56276,5,5,0.8
37.50381,-101.36261,1,1,1.0
37.616,-101.34548,2,2,1.0
37.62008,-101.36366,3,3,1.0
37.54754,-101.3995,4,4,0.8
37.50401,-101.38085,5,5,0.8
37.56193,-101.19924,1,1,1.0
37.5619,-101.21746,2,2,1.0
37.56197,-101.145,3,3,1.0
37.56195,-101.18143,4,4,0.8
37.56188,-101.23132,5,5,1.0
37.56222,-100.99931,1,1,1.0
37.56207,-101.05406,3,2,1.0
37.56217,-101.01757,2,3,0.8
37.54771,-100.99913,4,4,0.8
37.56226,-100.98109,5,5,0.8
37.56219,-100.83486,1,1,1.0
37.56223,-100.87074,2,2,1.0
37.56211,-100.78007,3,3,1.0
37.62043,-100.87066,4,4,1.0
37.56221,-100.85316,5,5,0.8
37.56211,-100.6889,1,1,1.0
37.57668,-100.68889,2,2,0.8
37.5621,-100.72526,3,3,1.0
37.56211,-100.6707,4,4,0.8
37.59119,-100.68897,5,5,0.8
37.5813,-100.50683,1,1,0.8
37.57713,-100.52105,2,2,0.8
37.56197,-100.56458,3,3,1.0
37.62038,-100.48085,4,4,0.8
37.56939,-100.54327,5,5,0.8
37.62744,-100.34279,1,1,1.0
37.63231,-100.32465,2,2,1.0
37.60618,-100.3429,3,3,0.8
37.62232,-100.36102,5,4,0.8
37.59157,-100.34297,4,5,0.8
37.60605,-100.12509,2,1,0.8
37.59154,-100.12527,1,2,0.8
37.64964,-100.1247,5,3,1.0
37.57698,-100.12533,3,4,0.8
37.56235,-100.12538,4,5,0.8
37.6488,-100.0153,1,1,1.0
37.63417,-100.01534,3,2,0.8
37.5757,-100.01522,5,3,0.8
37.61949,-100.01508,2,4,0.8
37.64824,-99.96094,4,5,0.8
37.64596,-99.81562,1,1,0.8
37.64623,-99.83395,3,2,0.8
37.58633,-99.75804,4,3,0.8
37.64648,-99.85153,5,4,0.8
37.60127,-99.7491,2,5,0.8
37.58624,-99.63986,1,1,1.0
37.61619,-99.64048,2,2,0.8
37.58714,-99.68274,3,3,1.0
37.58634,-99.61244,5,4,0.8
37.60136,-99.64016,4,5,0.8
37.58644,-99.41238,2,1,1.0
37.62331,-99.47612,1,2,0.8
37.58657,-99.399,3,3,1.0
37.66032,-99.47653,4,4,0.8
37.58638,-99.43054,5,5,0.8
37.64566,-99.32255,1,1,0.8
37.60849,-99.21304,2,2,1.0
37.60407,-99.33989,3,3,0.8
37.6604,-99.268,4,4,0.8
37.58665,-99.3397,5,5,0.8
37.61008,-99.17711,1,1,1.0
37.61232,-99.1412,2,2,0.8
37.6181,-99.05168,4,3,1.0
37.6112,-99.15915,3,4,0.8
37.63063,-99.17747,5,5,0.8
37.62629,-98.9601,1,1,0.8
37.62845,-98.94174,2,2,0.8
37.6204,-99.01477,4,3,1.0
37.62414,-98.97843,3,4,0.8
37.62197,-98.99683,5,5,0.8
37.63023,-98.83135,1,1,1.0
37.6017,-98.73941,2,2,1.0
37.64195,-98.8127,3,3,0.8
37.637,-98.86815,5,4,1.0
37.64127,-98.83118,4,5,1.0
37.64563,-98.57315,3,1,1.0
37.64565,-98.61132,1,2,0.8
37.63102,-98.5567,4,3,0.8
37.6019,-98.62961,5,4,0.8
37.64558,-98.62955,2,5,0.8
37.64445,-98.39226,1,1,0.8
37.60182,-98.42849,2,2,0.8
37.64566,-98.50175,5,3,0.8
37.70334,-98.4281,4,4,0.8
37.64559,-98.48329,3,5,0.8
37.64501,-98.31929,1,1,1.0
37.63082,-98.28241,2,2,0.8
37.64602,-98.20875,3,3,1.0
37.65981,-98.31917,4,4,0.8
37.6018,-98.2821,5,5,0.8
37.66806,-98.04502,1,1,1.0
37.58943,-98.11285,3,2,1.0
37.69717,-98.06332,2,3,0.8
37.71878,-98.08163,4,4,0.8
37.69717,-98.0451,5,5,1.0
37.66147,-97.91798,2,1,0.8
37.66857,-97.99092,3,2,1.0
37.6685,-97.89983,4,3,0.8
37.69043,-97.9363,5,4,0.8
37.61839,-97.93136,1,5,1.0
37.66107,-97.82505,2,1,1.0
37.72041,-97.73514,3,2,1.0
37.61915,-97.67962,4,3,1.0
37.70587,-97.73491,5,4,0.8
37.66974,-97.73427,1,5,1.0
37.62584,-97.61369,1,1,1.0
37.66322,-97.64339,2,2,1.0
37.70713,-97.62559,3,3,1.0
37.63447,-97.60679,4,4,0.8
37.59429,-97.61338,5,5,1.0
37.60652,-97.20795,1,1,1.0
37.60663,-97.18966,2,2,0.8
37.61807,-97.20795,3,3,0.2
37.60639,-97.22168,4,4,0.2
37.62495,-97.01822,1,1,0.8
37.60681,-97.08044,2,2,0.8
37.60673,-97.09868,5,3,0.8
37.63593,-97.04392,4,4,0.8
37.60937,-97.0266,3,5,0.8
37.67257,-96.89858,1,1,1.0
37.67262,-96.88059,2,2,1.0
37.68583,-96.84246,3,3,1.0
37.67618,-96.844,4,4,1.0
37.67219,-96.91713,5,5,1.0
37.66512,-96.74326,1,1,0.8
37.66418,-96.69752,2,2,0.8
37.65023,-96.77066,4,3,0.8
37.66435,-96.67918,3,4,0.8
37.66417,-96.64615,5,5,1.0
37.66383,-96.53272,1,1,1.0
37.66467,-96.60334,2,2,1.0
37.67969,-96.6062,3,3,0.8
37.66469,-96.62443,4,4,0.8
37.66453,-96.5623,5,5,0.8
37.64372,-96.43553,1,1,0.8
37.63612,-96.29616,3,2,0.2
37.63617,-96.30829,2,3,0.8
37.63623,-96.31985,4,4,0.2
37.63569,-96.16116,1,1,0.8
37.6351,-96.17954,2,2,0.8
37.68599,-96.23436,4,3,0.8
37.63609,-96.28997,3,4,0.8
37.63,-96.14395,5,5,0.8
37.64706,-96.07742,1,1,1.0
37.64149,-96.09265,2,2,0.2
37.62003,-95.96895,3,3,0.2
37.5165,-103.3304,1,1,0.8
37.56454,-103.33359,2,2,0.2
37.54726,-103.33302,3,3,0.2
37.49819,-103.33023,4,4,0.2
37.50756,-103.33153,5,5,0.2
37.55719,-102.6204,1,1,1.0
37.61471,-102.62036,2,2,0.8
37.58578,-102.62055,5,3,0.8
37.55708,-102.59258,3,4,0.8
37.66541,-102.62029,4,5,0.8
37.55657,-102.45539,1,1,0.8
37.55672,-102.43713,2,2,0.8
37.55659,-102.47358,3,3,0.8
37.55688,-102.51582,4,4,0.2
37.55678,-102.50361,5,5,0.2
37.55733,-102.31,1,1,0.8
37.55702,-102.29211,2,2,0.8
37.5573,-102.32256,4,3,0.2
37.55704,-102.27426,3,4,0.2
37.61528,-102.12844,1,1,0.8
37.60078,-102.12859,2,2,0.8
37.65871,-102.12844,5,3,0.8
37.55764,-102.12856,3,4,1.0
37.67315,-102.12841,4,5,0.8
37.63647,-101.88889,3,1,0.8
37.65114,-101.88888,4,2,0.8
37.57852,-101.96164,1,3,0.8
37.57861,-101.97995,2,4,0.8
37.57868,-101.99814,5,5,0.8
37.65028,-101.76172,3,1,0.8
37.6358,-101.76179,1,2,0.8
37.66469,-101.76166,2,3,0.8
37.69366,-101.76152,5,4,0.8
37.62116,-101.76181,4,5,0.8
37.63503,-101.56281,1,1,1.0
37.67852,-101.56297,2,2,1.0
37.67877,-101.61773,3,3,0.8
37.67873,-101.59941,4,4,0.8
37.67886,-101.65356,5,5,0.8
37.67842,-101.49064,1,1,1.0
37.67836,-101.45419,3,2,0.8
37.67824,-101.43575,2,3,0.8
37.67826,-101.41749,4,4,0.8
37.67822,-101.36384,5,5,1.0
37.6781,-101.25352,1,1,1.0
37.67805,-101.23527,2,2,1.0
37.67812,-101.27186,3,3,0.8
37.69257,-101.25344,4,4,0.8
37.64898,-101.23549,5,5,0.8
37.67806,-101.14528,1,1,1.0
37.67815,-101.10852,2,2,0.8
37.67815,-101.09026,3,3,0.8
37.67828,-101.05363,4,4,1.0
37.67822,-101.07192,5,5,0.8
37.67852,-100.94384,1,1,0.8
37.67855,-100.9256,5,2,0.8
37.67855,-100.87097,3,3,1.0
37.67866,-100.96192,2,4,0.8
37.70768,-100.87096,4,5,1.0
37.64934,-100.76159,1,1,1.0
37.64932,-100.74385,4,2,0.8
37.6493,-100.68892,2,3,1.0
37.64938,-100.79816,5,4,0.8
37.64934,-100.77994,3,5,0.8
37.64931,-100.63433,1,1,0.8
37.64923,-100.65238,2,2,0.8
37.72267,-100.45188,1,1,0.8
37.69317,-100.45185,4,2,0.8
37.70804,-100.4519,2,3,0.8
37.73728,-100.4518,3,4,0.8
37.66431,-100.45183,5,5,0.8
37.68391,-100.17879,1,1,1.0
37.73689,-100.17886,4,2,1.0
37.73691,-100.19714,3,3,0.8
37.69349,-100.16645,5,4,0.8
37.73704,-100.21485,2,5,0.8
37.73678,-100.08739,3,1,1.0
37.71762,-100.08815,5,2,0.8
37.7133,-100.10612,1,3,0.8
37.69268,-100.01504,2,4,0.8
37.67804,-100.01513,4,5,0.8
37.64732,-99.90699,1,1,1.0
37.67679,-99.90681,2,2,0.8
37.70939,-99.87054,4,3,0.8
37.66212,-99.90692,3,4,0.8
37.70361,-99.85466,5,5,0.2
37.71988,-99.74213,1,1,0.8
37.73435,-99.74213,3,2,0.8
37.70542,-99.74212,2,3,0.8
37.74903,-99.7421,4,4,0.8
37.69101,-99.74218,5,5,0.8
37.77816,-99.55996,1,1,0.8
37.77813,-99.59656,4,2,0.8
37.73344,-99.63268,5,3,0.8
37.71893,-99.63265,2,4,0.8
37.74872,-99.6329,3,5,0.8
37.70458,-99.41386,1,1,1.0
37.73411,-99.41385,2,2,0.8
37.74901,-99.41395,3,3,0.8
37.71937,-99.41393,4,4,0.8
37.79458,-99.38649,5,5,1.0
37.77747,-99.26847,1,1,1.0
37.77748,-99.28664,2,2,1.0
37.74817,-99.17798,5,3,0.8
37.76272,-99.17789,3,4,0.8
37.74836,-99.26859,4,5,0.8
37.73344,-99.10534,3,1,0.8
37.74802,-99.10533,2,2,0.8
37.71705,-99.10554,1,3,0.8
37.80585,-99.03175,4,4,0.8
37.80594,-99.06853,5,5,0.8
37.74794,-98.86704,1,1,0.8
37.73346,-98.86671,2,2,0.8
37.7189,-98.86662,3,3,0.8
37.77732,-98.83083,4,4,0.8
37.70421,-98.86671,5,5,0.8
37.77725,-98.73949,1,1,1.0
37.74752,-98.682,2,2,0.8
37.74742,-98.66411,3,3,0.8
37.76264,-98.73937,4,4,0.8
37.74745,-98.64579,5,5,0.8
37.7893,-98.48327,1,1,1.0
37.7745,-98.5199,2,2,0.8
37.80585,-98.55657,3,3,1.0
37.74724,-98.60911,4,4,1.0
37.78183,-98.50176,5,5,0.8
37.77612,-98.31925,1,1,1.0
37.76153,-98.3192,2,2,0.8
37.74699,-98.31942,4,3,0.8
37.71806,-98.35547,3,4,0.8
37.71799,-98.37371,5,5,0.8
37.7764,-98.19212,1,1,1.0
37.7471,-98.19129,4,2,0.8
37.76203,-98.19213,2,3,0.8
37.7767,-98.11874,3,4,1.0
37.71825,-98.19084,5,5,1.0
37.71883,-98.02721,2,1,1.0
37.71907,-98.04515,5,2,1.0
37.77681,-98.08233,1,3,1.0
37.82462,-98.02754,4,4,1.0
37.77744,-97.93646,3,5,1.0
37.75149,-97.80485,1,1,1.0
37.76612,-97.79079,3,2,1.0
37.75518,-97.79053,2,3,1.0
37.79236,-97.82682,5,4,0.8
37.74292,-97.77202,4,5,1.0
37.74958,-97.68086,1,1,1.0
37.76189,-97.62611,4,2,1.0
37.77847,-97.68126,2,3,0.8
37.73556,-97.6259,5,4,1.0
37.79302,-97.68148,3,5,1.0
37.82444,-97.51883,2,1,1.0
37.73588,-97.56189,1,2,1.0
37.7361,-97.53547,4,3,1.0
37.8249,-97.53721,3,4,1.0
37.72147,-97.55355,5,5,0.8
37.82518,-97.13484,1,1,1.0
37.79704,-97.1715,2,2,0.8
37.79608,-97.15316,3,3,0.8
37.83974,-97.13391,4,4,0.8
37.7447,-96.97126,1,1,0.8
37.78137,-97.04389,2,2,0.8
37.74676,-97.04384,4,3,1.0
37.76681,-97.04377,3,4,0.8
37.79557,-96.93226,5,5,1.0
37.81048,-96.75679,2,1,1.0
37.83307,-96.78783,1,2,1.0
37.73749,-96.84431,3,3,0.8
37.82486,-96.75516,4,4,0.8
37.84308,-96.78005,5,5,1.0
37.72336,-96.62466,1,1,1.0
37.78115,-96.62504,2,2,0.8
37.75205,-96.62469,5,3,0.8
37.72309,-96.6611,4,4,0.8
37.81029,-96.6799,3,5,0.8
37.80979,-96.54515,1,1,0.8
37.78109,-96.31629,1,1,0.8
37.81753,-96.23476,2,2,1.0
37.764,-96.23443,4,3,0.8
37.81015,-96.36964,5,4,0.8
37.81012,-96.34396,3,5,0.8
37.83808,-96.14123,1,1,0.8
37.83791,-96.12287,2,2,0.8
37.82468,-96.19609,3,3,0.8
37.83819,-96.15295,4,4,0.2
37.83884,-96.16517,5,5,0.2
37.71645,-102.6043,1,1,0.8
37.70186,-102.60916,2,2,0.8
37.66554,-102.56553,3,3,0.8
37.72694,-102.60234,4,4,0.2
37.74182,-102.60245,5,5,0.2
37.74575,-102.12873,1,1,0.8
37.73113,-102.12863,2,2,0.8
37.77478,-102.1289,3,3,0.8
37.71665,-102.12862,4,4,0.8
37.75758,-102.12881,5,5,0.2
37.73819,-101.88866,1,1,0.8
37.72368,-101.88882,2,2,0.8
37.70918,-101.88884,4,3,0.8
37.69466,-101.88892,3,4,0.8
37.68429,-101.88894,5,5,0.2
37.72264,-101.76139,1,1,0.8
37.73392,-101.76139,3,2,0.2
37.80071,-101.76132,2,3,0.2
37.8101,-101.7612,5,4,0.2
37.75141,-101.74683,4,5,0.2
37.78193,-101.52715,1,1,1.0
37.79455,-101.52714,3,2,0.8
37.77998,-101.5096,2,3,0.8
37.78,-101.49132,4,4,0.8
37.80913,-101.52704,5,5,0.8
37.77983,-101.41794,1,1,0.8
37.73618,-101.3639,2,2,0.8
37.78,-101.43614,3,3,0.8
37.72174,-101.36386,4,4,0.8
37.70723,-101.36382,5,5,0.8
37.82835,-101.24952,1,1,0.8
37.82885,-101.12633,2,2,0.8
37.73622,-101.25357,3,3,0.8
37.79876,-101.1261,4,4,0.2
37.77933,-101.12605,5,5,0.2
37.82953,-101.00984,1,1,0.8
37.84397,-101.0116,2,2,0.8
37.82942,-100.98025,3,3,0.8
37.80945,-100.94367,4,4,0.8
37.82949,-100.95671,5,5,0.8
37.8096,-100.87063,1,1,1.0
37.82964,-100.87058,2,2,1.0
37.80969,-100.85271,3,3,0.8
37.82968,-100.88812,4,4,1.0
37.80974,-100.83454,5,5,0.8
37.80968,-100.68788,1,1,1.0
37.80962,-100.72451,2,2,1.0
37.82892,-100.68466,3,3,0.8
37.75109,-100.68858,4,4,1.0
37.79502,-100.72478,5,5,0.8
37.78071,-100.4699,1,1,0.8
37.85617,-100.4832,3,2,0.8
37.85676,-100.5016,4,3,0.8
37.79526,-100.4699,2,4,0.8
37.77123,-100.46995,5,5,0.2
37.82729,-100.30075,1,1,0.8
37.85639,-100.35534,2,2,0.8
37.82716,-100.28251,3,3,0.8
37.82708,-100.26994,4,4,0.8
37.88533,-100.35551,5,5,0.8
37.82668,-100.1792,1,1,0.8
37.82675,-100.19115,2,2,0.8
37.79514,-100.17923,3,3,0.8
37.82628,-100.10599,4,4,0.8
37.80946,-100.10587,5,5,0.8
37.85497,-100.0457,1,1,0.8
37.8695,-100.04566,2,2,0.8
37.88391,-100.04573,3,3,0.8
37.83399,-100.04576,5,4,0.2
37.8431,-100.04573,4,5,0.2
37.85489,-99.82634,4,1,0.8
37.82576,-99.80809,1,2,0.8
37.85481,-99.80796,2,3,0.8
37.855,-99.8448,3,4,0.8
37.813,-99.83293,5,5,0.8
37.87568,-99.64353,1,1,1.0
37.84028,-99.64365,2,2,0.8
37.85483,-99.64359,3,3,0.8
37.82576,-99.63245,4,4,0.8
37.87338,-99.66174,5,5,0.8
37.90226,-99.49623,1,1,1.0
37.86927,-99.49641,2,2,0.8
37.8266,-99.49699,3,3,0.8
37.884,-99.49613,4,4,0.8
37.88437,-99.40277,5,5,1.0
37.82536,-99.2596,1,1,1.0
37.86933,-99.35053,4,2,0.8
37.82573,-99.3857,2,3,1.0
37.85448,-99.25941,3,4,0.8
37.86957,-99.39356,5,5,1.0
37.82527,-99.10523,1,1,1.0
37.81566,-99.08687,3,2,1.0
37.80587,-99.10523,4,3,1.0
37.80609,-99.17772,5,4,1.0
37.82529,-99.17771,2,5,1.0
37.8543,-98.9676,1,1,1.0
37.85439,-98.94936,2,2,0.8
37.85428,-98.98601,4,3,0.8
37.85441,-98.93268,5,4,0.8
37.83981,-98.96756,3,5,0.8
37.85418,-98.7472,2,1,1.0
37.85432,-98.78409,1,2,0.8
37.85423,-98.76569,5,3,0.8
37.85433,-98.8208,3,4,0.8
37.82498,-98.7436,4,5,1.0
37.86783,-98.60031,1,1,1.0
37.89681,-98.60002,2,2,1.0
37.89687,-98.63668,3,3,0.8
37.85331,-98.60046,5,4,0.8
37.88232,-98.60016,4,5,0.8
37.89719,-98.41752,1,1,1.0
37.85354,-98.49049,5,2,1.0
37.86804,-98.49029,3,3,1.0
37.85367,-98.45393,2,4,0.8
37.85354,-98.41731,4,5,1.0
37.87197,-98.25214,1,1,1.0
37.89706,-98.32557,5,2,1.0
37.89741,-98.28896,4,3,0.8
37.8976,-98.27069,2,4,0.8
37.86695,-98.27044,3,5,0.8
37.89758,-98.08717,1,1,1.0
37.89778,-98.1054,2,2,0.8
37.89772,-98.12362,5,3,0.8
37.82477,-98.08697,4,4,1.0
37.8976,-98.0688,3,5,0.8
37.89764,-97.94043,2,1,1.0
37.86856,-97.94041,1,2,1.0
37.88314,-97.94043,5,3,0.8
37.94107,-97.94042,4,4,1.0
37.89762,-97.86664,3,5,1.0
37.8835,-97.7198,1,1,1.0
37.89803,-97.71973,2,2,1.0
37.89803,-97.73806,3,3,0.8
37.85416,-97.77498,4,4,0.8
37.94142,-97.77533,5,5,1.0
37.89787,-97.5921,1,1,1.0
37.89787,-97.61047,2,2,0.8
37.89789,-97.57368,3,3,0.8
37.89773,-97.55528,4,4,0.8
37.85504,-97.60948,5,5,0.8
37.91222,-97.37202,1,1,1.0
37.88328,-97.44555,2,2,0.8
37.91225,-97.33661,3,3,1.0
37.903,-97.37203,4,4,0.8
37.86864,-97.42702,5,5,0.8
37.87867,-97.21248,1,1,1.0
37.86937,-97.21639,2,2,1.0
37.86927,-97.24397,3,3,0.8
37.8975,-97.28115,4,4,0.8
37.91229,-97.28156,5,5,0.8
37.86887,-97.02388,3,1,1.0
37.94882,-97.09745,1,2,1.0
37.86885,-97.13387,2,3,1.0
37.94551,-97.07906,4,4,0.8
37.86891,-97.07878,5,5,0.8
37.8682,-96.93233,1,1,1.0
37.88278,-96.9323,2,2,0.8
37.89728,-96.93718,3,3,0.8
37.85468,-96.93234,5,4,0.8
37.87956,-96.8178,4,5,1.0
37.86635,-96.75641,1,1,1.0
37.89758,-96.74977,2,2,0.8
37.86103,-96.7677,3,3,1.0
37.84301,-96.76727,4,4,1.0
37.88839,-96.80257,5,5,1.0
37.89773,-96.62025,1,1,0.8
37.8832,-96.62031,2,2,0.8
37.86901,-96.62032,5,3,0.2
37.85407,-96.62046,4,4,0.8
37.91225,-96.62043,3,5,0.8
37.89713,-96.17783,3,1,0.8
37.9051,-96.28773,5,2,0.8
37.8251,-96.21278,2,3,0.8
37.88259,-96.17788,4,4,0.8
37.86793,-96.1779,1,5,0.8
37.83699,-96.01374,1,1,0.2
37.83708,-96.02647,2,2,0.2
37.8373,-103.51672,1,1,0.8
37.8286,-103.5114,2,2,0.2
37.83757,-103.1987,1,1,0.8
37.84817,-103.19869,2,2,0.2
37.85783,-103.19864,3,3,0.2
37.8675,-103.19861,4,4,0.2
37.86728,-102.6124,1,1,0.8
37.82437,-102.61165,2,2,0.2
37.85613,-102.61229,3,3,0.2
37.84554,-102.61216,4,4,0.2
37.87625,-102.61244,5,5,0.2
37.86788,-102.11624,1,1,0.8
37.85338,-102.11617,2,2,0.8
37.83886,-102.11628,3,3,0.8
37.82431,-102.11641,4,4,0.8
37.89717,-102.11658,5,5,0.8
37.82786,-102.01803,1,1,0.8
37.91388,-102.01818,2,2,0.8
37.92841,-102.01811,3,3,0.8
37.82701,-101.76137,1,1,1.0
37.85598,-101.76183,2,2,0.8
37.82702,-101.81597,3,3,0.8
37.88506,-101.76193,4,4,0.8
37.87292,-101.76189,5,5,0.2
37.94391,-101.46824,1,1,0.8
37.94391,-101.4867,2,2,0.8
37.94407,-101.43184,3,3,0.8
37.94398,-101.45165,5,4,0.8
37.94413,-101.4137,4,5,0.8
37.90091,-101.25498,1,1,0.8
37.86459,-101.24957,2,2,0.8
37.91552,-101.21298,3,3,0.8
37.8864,-101.24947,4,4,0.8
37.94407,-101.3401,5,5,0.8
37.91592,-101.12127,1,1,0.8
37.93032,-101.15796,2,2,0.8
37.9448,-101.15779,3,3,0.8
37.91556,-101.16417,5,4,0.8
37.94503,-101.12126,4,5,0.8
37.87004,-100.88419,2,1,1.0
37.91683,-100.86545,1,2,1.0
37.91667,-101.00845,3,3,0.8
37.92028,-100.9928,4,4,0.2
37.93428,-100.99291,5,5,0.2
37.95906,-100.738,1,1,1.0
37.92988,-100.84445,2,2,1.0
37.96062,-100.75604,3,3,0.8
37.93047,-100.71177,4,4,0.8
37.92985,-100.8579,5,5,1.0
37.95873,-100.60986,1,1,1.0
37.92974,-100.61006,2,2,0.8
37.92985,-100.6237,3,3,0.8
37.94424,-100.60995,4,4,0.8
37.95858,-100.5917,5,5,0.8
37.92867,-100.44634,1,1,0.8
37.94322,-100.44618,2,2,0.8
37.91434,-100.44661,3,3,0.8
37.95751,-100.44601,4,4,0.8
37.91429,-100.35522,5,5,1.0
37.91419,-100.31874,1,1,0.8
37.91428,-100.33698,2,2,0.8
37.94227,-100.04575,1,1,0.8
37.92775,-100.04581,3,2,0.8
37.91316,-100.04578,2,3,0.8
37.89695,-100.04573,4,4,0.2
37.94254,-99.8993,1,1,1.0
37.92798,-99.89936,2,2,0.8
37.91336,-99.89978,3,3,0.8
38.02079,-99.89921,4,4,0.2
37.88925,-99.89939,5,5,0.2
37.91315,-99.75283,1,1,0.8
37.89872,-99.75286,2,2,0.8
37.88942,-99.75279,3,3,0.2
37.95637,-99.55164,1,1,1.0
37.95642,-99.56991,2,2,0.8
38.00007,-99.55164,3,3,1.0
37.97077,-99.55147,4,4,0.8
37.94177,-99.55154,5,5,0.8
38.00071,-99.40534,2,1,1.0
37.97158,-99.40545,1,2,0.8
37.95698,-99.40536,5,3,0.8
37.95694,-99.45964,3,4,1.0
38.00062,-99.45962,4,5,1.0
37.95627,-99.22371,1,1,1.0
37.97075,-99.22363,2,2,0.8
37.94178,-99.2055,3,3,1.0
37.98529,-99.22365,4,4,0.8
37.99992,-99.22344,5,5,0.8
37.9557,-99.05884,1,1,0.8
37.95633,-99.04059,2,2,0.8
37.98544,-99.09577,3,3,0.8
37.99999,-99.09578,4,4,0.8
37.95645,-99.02222,5,5,0.8
38.00029,-98.87639,1,1,1.0
37.95618,-98.87654,2,2,1.0
37.98545,-98.87631,4,3,0.8
37.97125,-98.87641,3,4,0.8
37.95625,-98.89476,5,5,0.8
37.98479,-98.7102,1,1,0.8
37.95561,-98.69153,3,2,1.0
37.9559,-98.74697,2,3,1.0
37.98465,-98.6918,5,4,0.8
37.96375,-98.67327,4,5,1.0
37.95492,-98.49049,1,1,1.0
37.99856,-98.49067,2,2,0.8
37.95509,-98.54553,5,3,0.8
37.95516,-98.5089,3,4,0.8
37.98413,-98.49061,4,5,0.8
37.98442,-98.38093,1,1,0.8
37.99897,-98.39928,2,2,0.8
37.99899,-98.32561,3,3,0.8
37.98434,-98.36243,4,4,0.8
38.01358,-98.32594,5,5,0.8
37.98505,-98.16057,2,1,0.8
38.05743,-98.19737,1,2,1.0
37.97046,-98.16075,3,3,0.8
37.97035,-98.14215,4,4,0.8
37.98475,-98.23408,5,5,0.8
37.99782,-98.03,2,1,1.0
38.00697,-98.01375,1,2,1.0
38.01326,-98.00196,3,3,1.0
37.97004,-98.0138,5,4,1.0
37.98452,-98.05501,4,5,1.0
38.01392,-97.7754,1,1,1.0
38.02843,-97.83017,5,2,0.8
38.01384,-97.83007,4,3,0.8
38.01393,-97.8485,2,4,0.8
37.99937,-97.86685,3,5,0.8
37.9852,-97.66556,1,1,0.8
37.97066,-97.66578,4,2,0.8
38.01396,-97.72038,5,3,0.8
37.9996,-97.62874,3,4,0.8
38.04319,-97.70328,2,5,1.0
38.05771,-97.51867,1,1,1.0
37.99956,-97.55531,2,2,0.8
38.02865,-97.55538,4,3,0.8
38.04315,-97.51861,3,4,0.8
37.99959,-97.57378,5,5,0.8
37.95577,-97.32771,1,1,1.0
37.97018,-97.33656,3,2,0.8
37.95573,-97.29985,2,3,0.8
38.05738,-97.2816,4,4,0.8
38.04319,-97.26379,5,5,0.8
38.01481,-97.13426,1,1,0.8
38.00028,-97.13438,2,2,0.8
38.04348,-97.19023,5,3,0.8
38.02901,-97.09747,3,4,0.8
37.95558,-97.20776,4,5,1.0
38.0425,-97.00556,1,1,1.0
38.04275,-96.96871,2,2,0.8
37.98452,-96.95087,3,3,0.8
38.05711,-97.00556,4,4,0.8
37.98499,-97.00608,5,5,1.0
37.98414,-96.85889,1,1,1.0
37.98411,-96.82271,2,2,0.8
38.04246,-96.78586,3,3,0.8
38.04232,-96.85883,4,4,1.0
38.04204,-96.89555,5,5,1.0
37.985,-96.68662,1,1,1.0
38.01378,-96.66101,2,2,0.8
38.01379,-96.67589,3,3,0.8
37.98491,-96.70722,4,4,1.0
37.99923,-96.67376,5,5,0.8
37.9978,-96.08611,3,1,0.8
37.99768,-96.06775,1,2,0.8
38.07054,-96.13929,2,3,0.8
37.98717,-96.1169,4,4,0.8
38.04171,-96.13961,5,5,0.8
37.88998,-104.05891,1,1,0.2
37.89512,-104.04098,2,1,1.0
37.91162,-103.98342,1,2,0.8
37.91164,-104.04105,3,3,1.0
37.90311,-104.02346,4,4,0.2
37.91696,-103.97404,5,5,0.2
37.85208,-103.72974,1,1,1.0
37.85919,-103.71988,2,2,0.2
37.86731,-103.70864,3,3,0.2
37.89648,-103.72996,5,4,0.2
37.93355,-103.75726,4,5,0.2
37.91628,-103.63864,2,1,0.8
37.95322,-103.59149,1,2,1.0
37.90832,-103.64933,4,3,0.8
37.87836,-103.69331,5,4,0.8
37.93557,-103.69317,3,5,0.8
37.85847,-103.52347,1,1,0.2
37.94644,-103.198,1,1,0.8
37.88128,-103.19859,2,2,0.8
37.92858,-103.19832,3,3,0.2
37.91905,-103.19839,4,4,0.2
37.91005,-103.19845,5,5,0.2
37.97401,-102.61306,1,1,0.2
37.92534,-102.61261,2,2,0.2
37.98622,-102.61316,3,3,0.2
38.0007,-102.61327,4,4,0.2
37.9699,-102.11726,1,1,0.8
37.9845,-102.11736,2,2,0.8
37.94078,-102.11735,5,3,0.8
38.01535,-102.01823,3,4,0.8
37.99889,-102.11824,4,5,0.8
38.01558,-101.76181,1,1,0.8
38.04459,-101.76188,2,2,0.8
38.05906,-101.76193,3,3,0.8
38.03532,-101.76185,5,4,0.2
38.02527,-101.76183,4,5,0.2
38.00218,-101.54126,1,1,0.8
38.01675,-101.5412,2,2,0.8
37.94413,-101.54161,3,3,1.0
37.9729,-101.54149,5,4,0.8
38.04593,-101.54119,4,5,0.8
37.94417,-101.39546,1,1,0.8
37.94418,-101.37715,2,2,0.8
37.94417,-101.36561,3,3,0.2
38.01704,-101.2676,1,1,0.8
38.03166,-101.26756,2,2,0.8
38.0463,-101.2675,3,3,0.8
38.0322,-101.13963,5,4,0.8
38.00238,-101.26766,4,5,0.8
38.03264,-101.02971,1,1,0.8
38.01799,-101.02963,2,2,0.8
38.0031,-101.10302,3,3,1.0
38.0034,-101.04826,4,4,0.8
38.00334,-101.0667,5,5,0.8
38.06213,-100.88349,1,1,1.0
38.03308,-100.88346,2,2,0.8
38.04761,-100.88348,3,3,0.8
38.03284,-100.82918,4,4,0.8
38.06215,-100.90164,5,5,0.8
38.06059,-100.66421,1,1,1.0
38.04896,-100.71894,2,2,0.8
38.06056,-100.69465,3,3,0.8
38.06076,-100.68237,4,4,0.8
38.01829,-100.7807,5,5,1.0
38.05896,-100.46317,1,1,1.0
38.05982,-100.55461,5,2,1.0
38.05892,-100.44497,2,3,1.0
38.05913,-100.48166,3,4,0.8
38.01627,-100.55483,4,5,0.8
38.05904,-100.33541,2,1,0.8
38.05902,-100.37209,3,2,0.8
38.05902,-100.35379,1,3,1.0
38.03013,-100.35418,4,4,0.8
38.05904,-100.31741,5,5,0.8
38.07326,-100.20629,1,1,0.8
38.07325,-100.15318,2,2,0.8
38.07312,-100.13496,3,3,0.8
38.05903,-100.24425,5,4,0.8
38.05952,-100.22592,4,5,0.8
38.07263,-100.08192,1,1,0.8
38.08769,-99.97261,4,2,0.8
38.07266,-100.02723,3,3,0.8
38.07265,-100.06353,2,4,0.8
38.07264,-100.04539,5,5,0.8
38.0301,-99.89911,1,1,0.8
38.11734,-99.89863,2,2,0.8
38.04225,-99.89863,3,3,0.2
38.09576,-99.75398,4,4,0.2
38.15112,-99.66791,1,1,0.2
38.09982,-99.74267,2,2,0.2
38.05889,-99.40555,1,1,0.8
38.088,-99.40542,3,2,0.8
38.07337,-99.40562,2,3,0.8
38.04596,-99.40547,4,4,0.2
38.07301,-99.31414,1,1,0.8
38.10201,-99.31432,5,2,0.8
38.05848,-99.31413,2,3,0.8
38.11654,-99.3143,3,4,0.8
38.10173,-99.2775,4,5,0.8
38.11621,-99.09526,1,1,1.0
38.14016,-99.15017,2,2,1.0
38.0581,-99.09535,3,3,1.0
38.11624,-99.18472,4,4,0.8
38.10173,-99.09523,5,5,0.8
38.05836,-98.96812,1,1,1.0
38.10194,-98.96779,2,2,0.8
38.08742,-98.96789,3,3,0.8
38.05833,-98.93147,4,4,1.0
38.11648,-98.96775,5,5,0.8
38.1013,-98.74767,1,1,1.0
38.0576,-98.74753,2,2,1.0
38.10161,-98.83952,4,3,0.8
38.08673,-98.74762,3,4,0.8
38.06898,-98.83956,5,5,0.8
38.10034,-98.60105,1,1,1.0
38.05642,-98.60078,2,2,1.0
38.05723,-98.67412,3,3,1.0
38.10043,-98.6195,4,4,0.8
38.07101,-98.60091,5,5,0.8
38.10012,-98.45459,2,1,0.8
38.05684,-98.45448,1,2,1.0
38.08557,-98.45455,4,3,0.8
38.15866,-98.41761,5,4,1.0
38.15835,-98.45493,3,5,1.0
38.10085,-98.25217,1,1,1.0
38.10089,-98.32591,3,2,1.0
38.10098,-98.27071,2,3,0.8
38.1009,-98.28913,4,4,0.8
38.11538,-98.25215,5,5,0.8
38.10106,-98.12428,2,1,0.8
38.05739,-98.08748,3,2,1.0
38.1011,-98.08724,1,3,1.0
38.10122,-98.1423,4,4,0.8
38.10123,-98.16069,5,5,0.8
38.13501,-97.93802,1,1,1.0
38.15917,-97.92212,5,2,1.0
38.16181,-97.95244,2,3,1.0
38.17279,-97.94996,4,4,1.0
38.16528,-97.94171,3,5,1.0
38.14478,-97.72042,1,1,0.8
38.14481,-97.70188,4,2,0.8
38.05739,-97.77542,2,3,1.0
38.14488,-97.68428,5,4,0.8
38.18825,-97.77564,3,5,1.0
38.14504,-97.59211,1,1,1.0
38.14508,-97.57423,3,2,0.8
38.14501,-97.51897,4,3,1.0
38.14499,-97.61076,2,4,0.8
38.08677,-97.51873,5,5,1.0
38.11535,-97.34512,1,1,1.0
38.14483,-97.48208,5,2,0.8
38.10312,-97.39033,2,3,0.8
38.18825,-97.42681,4,4,0.8
38.05752,-97.4273,3,5,1.0
38.09484,-97.2826,1,1,0.8
38.11667,-97.20951,2,2,0.8
38.11653,-97.19116,4,3,0.8
38.11535,-97.31765,5,4,0.8
38.14514,-97.22707,3,5,0.8
38.11626,-97.09794,1,1,1.0
38.10173,-97.09794,2,2,0.8
38.12993,-97.00543,3,3,1.0
38.11636,-97.11637,5,4,0.8
38.0871,-97.09756,4,5,0.8
38.12905,-96.90572,1,1,1.0
38.12934,-96.93197,2,2,0.8
38.14388,-96.91396,4,3,0.8
38.12951,-96.95025,3,4,0.8
38.17284,-96.91453,5,5,0.8
38.10562,-96.57464,1,1,0.2
38.11449,-96.60042,2,2,0.2
38.0955,-96.57949,3,3,0.2
38.10468,-96.6102,5,4,0.2
38.13522,-96.53508,4,5,0.2
38.16831,-96.15707,1,1,1.0
38.09958,-96.13931,2,2,0.8
38.18084,-96.15676,3,3,0.2
38.08664,-96.13917,4,4,0.2
38.11279,-95.95892,1,1,1.0
38.11606,-95.97781,2,2,0.8
38.12723,-95.95882,3,3,0.8
38.17093,-95.95889,5,4,0.8
38.14175,-95.95862,4,5,0.8
37.98984,-104.04131,2,1,1.0
38.00939,-104.04131,4,2,1.0
37.93834,-104.04114,3,3,1.0
38.02361,-104.04128,5,4,1.0
38.03428,-104.04125,1,5,1.0
37.96984,-103.82124,1,1,0.8
37.95134,-103.87645,2,2,0.8
37.95686,-103.85999,3,3,0.2
37.9615,-103.84613,5,4,0.2
37.96525,-103.83494,4,5,0.2
38.00433,-103.72017,1,1,0.8
37.98221,-103.65626,2,2,1.0
37.96765,-103.67466,5,3,1.0
37.98225,-103.63794,3,4,1.0
37.96777,-103.63808,4,5,1.0
37.98194,-103.61962,1,1,1.0
38.0417,-103.51198,5,2,1.0
38.04147,-103.52803,2,3,1.0
37.96749,-103.61969,4,4,1.0
38.03162,-103.52805,3,5,1.0
38.08342,-103.39848,1,1,1.0
38.08471,-103.38056,2,2,0.8
38.09377,-103.39882,3,3,0.2
38.0881,-103.17926,1,1,1.0
38.08333,-103.14259,3,2,1.0
38.08507,-103.16099,2,3,0.8
38.00226,-103.26194,4,4,0.2
37.95882,-103.19776,5,5,0.2
38.114,-102.85114,1,1,1.0
38.04963,-102.94285,2,2,1.0
38.11449,-102.88765,3,3,0.8
38.06153,-102.93519,5,4,0.2
38.07759,-102.93859,4,5,0.8
38.11537,-102.72272,1,1,1.0
38.11451,-102.71103,2,2,0.2
38.12442,-102.72365,3,3,0.2
38.11424,-102.7477,4,4,0.2
38.11435,-102.4784,1,1,1.0
38.11439,-102.46653,2,2,0.2
38.11466,-102.35768,1,1,1.0
38.11487,-102.30628,2,2,1.0
38.12409,-102.31133,4,3,0.8
38.11489,-102.28252,3,4,1.0
38.11478,-102.33207,5,5,0.2
38.0571,-102.2103,4,1,1.0
38.08609,-102.21032,1,2,0.8
38.10068,-102.11878,2,3,0.8
38.12966,-102.11874,5,4,0.8
38.11519,-102.25923,3,5,1.0
38.10268,-101.76197,4,1,0.8
38.08817,-101.76192,1,2,0.8
38.13163,-101.76203,3,3,0.8
38.14621,-101.76207,2,4,0.8
38.07836,-101.76189,5,5,0.2
38.09014,-101.26733,1,1,1.0
38.09011,-101.30402,2,2,0.8
38.13367,-101.2673,3,3,0.8
38.09005,-101.35879,4,4,0.8
38.14821,-101.26737,5,5,0.8
38.1194,-101.12108,1,1,0.8
38.09043,-101.12095,2,2,1.0
38.09025,-101.17599,5,3,1.0
38.0904,-101.13927,3,4,0.8
38.07586,-101.12113,4,5,0.8
38.16341,-100.97539,1,1,1.0
38.14883,-100.97526,2,2,0.8
38.13438,-100.97505,3,3,0.8
38.19235,-100.97554,4,4,1.0
38.1635,-100.95698,5,5,0.8
38.17703,-100.64634,1,1,0.8
38.1626,-100.66435,2,2,0.8
38.14798,-100.66438,3,3,0.8
38.19155,-100.64644,4,4,0.8
38.17719,-100.66441,5,5,0.8
38.1172,-100.46336,1,1,0.8
38.23397,-100.46419,2,2,0.8
38.13173,-100.46348,3,3,0.8
38.21478,-100.46414,4,4,0.2
38.14527,-100.46359,5,5,0.2
38.18993,-99.89932,1,1,0.8
38.13188,-99.89882,3,2,0.8
38.16091,-99.89943,4,3,0.8
38.17549,-99.89935,2,4,0.8
38.14641,-99.89896,5,5,0.8
38.17177,-99.58815,3,1,0.8
38.23313,-99.53413,1,2,0.8
38.1599,-99.64324,2,3,0.8
38.24767,-99.53416,4,4,0.8
38.16032,-99.66158,5,5,0.8
38.18994,-99.44247,1,1,0.8
38.18981,-99.36889,2,2,0.8
38.161,-99.40555,3,3,0.8
38.18992,-99.46014,4,4,0.8
38.18988,-99.35053,5,5,0.8
38.18873,-99.21753,1,1,1.0
38.18873,-99.24084,5,2,0.8
38.18872,-99.25916,2,3,0.8
38.18958,-99.31436,4,4,1.0
38.18912,-99.2776,3,5,0.8
38.20889,-99.05914,1,1,0.8
38.21799,-99.04784,2,2,0.8
38.20346,-99.04053,3,3,0.8
38.20361,-99.02225,4,4,0.8
38.2324,-99.0958,5,5,0.8
38.20351,-98.89476,1,1,1.0
38.21801,-98.8948,2,2,0.8
38.20347,-98.91256,3,3,0.8
38.23252,-98.89483,4,4,0.8
38.20352,-98.93091,5,5,0.8
38.21727,-98.74812,1,1,0.8
38.21709,-98.6749,2,2,0.8
38.15917,-98.74819,3,3,1.0
38.18798,-98.67502,4,4,0.8
38.24639,-98.74793,5,5,0.8
38.21727,-98.6011,1,1,0.8
38.18784,-98.60136,5,2,0.8
38.20246,-98.60112,4,3,0.8
38.23181,-98.60083,3,4,0.8
38.2613,-98.59041,2,5,0.8
38.21731,-98.41773,1,1,0.8
38.23187,-98.41761,3,2,0.8
38.18816,-98.32588,2,3,1.0
38.20273,-98.41776,4,4,0.8
38.20717,-98.32006,5,5,0.8
38.28964,-98.20193,1,1,1.0
38.1591,-98.19799,3,2,1.0
38.25555,-98.20676,2,3,0.8
38.24596,-98.23437,4,4,0.8
38.21747,-98.16064,5,5,0.8
38.21738,-98.08756,1,1,1.0
38.2175,-98.06909,2,2,0.8
38.20277,-98.08764,4,3,0.8
38.217,-98.01418,5,4,0.8
38.2319,-98.0876,3,5,0.8
38.23201,-97.8484,1,1,1.0
38.24655,-97.84842,2,2,0.8
38.23199,-97.86691,3,3,0.8
38.28968,-97.8514,4,4,1.0
38.21746,-97.84843,5,5,0.8
38.23188,-97.66595,1,1,1.0
38.23198,-97.68408,2,2,0.8
38.20279,-97.666,3,3,1.0
38.2464,-97.66584,4,4,0.8
38.23195,-97.70197,5,5,0.8
38.2466,-97.51889,1,1,0.8
38.28971,-97.51906,2,2,1.0
38.24652,-97.42661,4,3,1.0
38.28972,-97.50074,3,4,1.0
38.26268,-97.59305,5,5,1.0
38.21766,-97.33577,2,1,0.8
38.20311,-97.33616,1,2,1.0
38.28983,-97.33465,3,3,1.0
38.24641,-97.3902,4,4,0.8
38.24705,-97.29815,5,5,0.8
38.28987,-97.206,1,1,1.0
38.27538,-97.16915,2,2,0.8
38.2325,-97.11562,3,3,0.8
38.26009,-97.11508,4,4,0.8
38.21844,-97.20743,5,5,0.8
38.24625,-97.02453,1,1,0.8
38.2317,-97.02413,4,2,0.8
38.27569,-97.0218,2,3,1.0
38.27568,-97.00343,3,4,0.8
38.27566,-97.0402,5,5,0.8
38.22964,-96.40912,1,1,0.2
38.2054,-96.43862,4,2,0.2
38.23546,-96.39929,3,3,0.2
38.22304,-96.42937,2,4,0.2
38.18722,-96.45518,5,5,0.2
38.27574,-96.37319,1,1,0.8
38.30032,-96.34999,3,2,0.2
38.26801,-96.3792,2,3,0.2
38.26709,-96.1068,1,1,0.8
38.23015,-96.15635,2,2,0.8
38.26705,-96.08839,4,3,0.8
38.21564,-96.15644,3,4,0.8
38.267,-96.06077,5,5,0.8
38.13216,-104.09273,1,1,0.2
38.0981,-104.02273,1,1,1.0
38.09513,-104.04109,2,2,1.0
38.08371,-104.04108,4,3,1.0
38.07008,-104.04112,3,4,1.0
38.09806,-104.00905,5,5,0.2
38.15592,-103.85684,1,1,1.0
38.15568,-103.82086,2,2,0.8
38.1413,-103.85676,3,3,0.8
38.15637,-103.78439,4,4,0.8
38.17088,-103.78524,5,5,0.8
38.05436,-103.62837,2,1,1.0
38.20061,-103.65556,1,2,1.0
38.17238,-103.65542,3,3,0.8
38.06891,-103.62848,5,4,1.0
38.06878,-103.67453,4,5,0.8
38.11446,-103.47237,1,1,1.0
38.11434,-103.4539,2,2,1.0
38.12881,-103.47239,3,3,0.8
38.13629,-103.49082,4,4,0.8
38.09983,-103.47233,5,5,1.0
38.08473,-103.33552,1,1,0.2
38.10509,-103.12446,2,1,1.0
38.09955,-103.14269,1,2,1.0
38.09987,-103.1611,4,3,1.0
38.20214,-103.16118,3,4,0.8
38.11316,-103.08834,5,5,0.8
38.11436,-102.91525,1,1,0.8
38.129,-102.88242,2,2,0.2
38.12915,-102.85118,1,1,1.0
38.20165,-102.72425,2,2,1.0
38.12907,-102.7785,5,3,0.8
38.11428,-102.81532,3,4,0.8
38.11447,-102.78778,4,5,0.8
38.20172,-102.60243,1,1,0.8
38.14341,-102.5954,2,2,0.8
38.12886,-102.59519,5,3,0.8
38.15782,-102.59564,3,4,0.8
38.24565,-102.61403,4,5,0.8
38.21661,-102.31149,3,1,0.8
38.18736,-102.31155,1,2,0.8
38.20198,-102.31151,2,3,0.8
38.1728,-102.31161,4,4,0.8
38.2458,-102.31148,5,5,0.8
38.21713,-102.08285,1,1,0.8
38.24637,-102.0827,2,2,0.8
38.2317,-102.08281,4,3,0.8
38.16617,-102.11933,5,4,0.8
38.26859,-102.08392,3,5,0.8
38.23349,-101.76226,1,1,0.8
38.21898,-101.76222,2,2,0.8
38.20442,-101.76219,3,3,0.8
38.25896,-101.76189,4,4,0.8
38.26741,-101.75177,5,5,0.8
38.28321,-101.34651,1,1,0.8
38.29286,-101.34663,2,2,0.8
38.26412,-101.26821,1,1,1.0
38.26418,-101.23147,2,2,0.8
38.26428,-101.19899,3,3,0.8
38.27838,-101.27278,4,4,0.8
38.22065,-101.2681,5,5,0.8
38.26469,-101.0671,2,1,0.8
38.26476,-101.04876,3,2,0.8
38.26481,-101.03034,1,3,0.8
38.26461,-101.08556,4,4,0.8
38.26501,-100.97588,5,5,1.0
38.26515,-100.89292,1,1,1.0
38.26524,-100.91381,2,2,1.0
38.25692,-100.88441,3,3,0.8
38.27551,-100.90411,4,4,0.8
38.31238,-100.90526,5,5,1.0
38.26396,-100.62889,1,1,0.8
38.26405,-100.64575,2,2,0.8
38.24983,-100.64696,3,3,0.8
38.23828,-100.64685,5,4,0.2
38.22877,-100.64678,4,5,0.2
38.27793,-100.46468,2,1,0.8
38.29259,-100.46502,1,2,0.8
38.26322,-100.46433,4,3,0.8
38.30718,-100.46514,3,4,0.8
38.25132,-100.4642,5,5,0.2
38.33402,-99.89776,1,1,0.8
38.30503,-99.89746,3,2,0.8
38.34901,-99.89785,2,3,0.8
38.31951,-99.89761,4,4,0.8
38.27261,-99.89707,5,5,0.8
38.32022,-99.54762,1,1,0.8
38.2622,-99.53466,4,2,0.8
38.27665,-99.54745,5,3,0.8
38.26224,-99.54671,3,4,0.8
38.30568,-99.54761,2,5,0.8
38.3501,-99.3055,4,1,1.0
38.30537,-99.30708,1,2,0.8
38.33443,-99.30596,5,3,0.8
38.29083,-99.30765,2,4,0.8
38.31989,-99.30652,3,5,0.8
38.31937,-99.17944,2,1,0.8
38.30485,-99.17949,1,2,0.8
38.27584,-99.17039,5,3,0.8
38.33391,-99.17938,3,4,0.8
38.34946,-99.17934,4,5,0.8
38.31929,-98.97695,1,1,1.0
38.3621,-98.9774,4,2,1.0
38.36259,-99.01424,2,3,1.0
38.31932,-98.95848,5,4,0.8
38.30477,-98.97699,3,5,0.8
38.2899,-98.8114,1,1,1.0
38.29002,-98.82971,2,2,1.0
38.28999,-98.75612,3,3,1.0
38.31159,-98.8113,4,4,0.8
38.31101,-98.88497,5,5,1.0
38.33342,-98.66428,2,1,1.0
38.31923,-98.59054,1,2,1.0
38.33341,-98.62736,4,3,0.8
38.29012,-98.59044,3,4,1.0
38.34752,-98.66428,5,5,0.8
38.34745,-98.4801,5,1,1.0
38.37652,-98.48049,1,2,1.0
38.34761,-98.42483,2,3,1.0
38.34763,-98.44325,3,4,0.8
38.28983,-98.49823,4,5,1.0
38.34786,-98.2756,1,1,0.8
38.34772,-98.31261,2,2,0.8
38.30416,-98.34951,3,3,0.8
38.31866,-98.34961,5,4,0.8
38.39121,-98.34962,4,5,0.8
38.34748,-98.09066,1,1,1.0
38.37656,-98.09057,2,2,1.0
38.37653,-98.07208,3,3,1.0
38.36206,-98.09059,5,4,0.8
38.37541,-98.12749,4,5,0.8
38.33329,-97.92457,1,1,0.8
38.31874,-97.92472,2,2,0.8
38.28973,-97.98038,3,3,1.0
38.34792,-97.92439,4,4,0.8
38.37679,-97.97984,5,5,1.0
38.36535,-97.77746,1,1,1.0
38.36406,-97.75916,2,2,0.8
38.377,-97.83238,3,3,1.0
38.36973,-97.78809,5,4,0.8
38.36599,-97.74057,4,5,0.8
38.33319,-97.59305,2,1,0.8
38.3767,-97.57434,1,2,0.8
38.34686,-97.59304,3,3,0.8
38.31855,-97.61982,4,4,0.8
38.28971,-97.6254,5,5,1.0
38.34799,-97.42702,1,1,0.8
38.33306,-97.42685,2,2,0.8
38.37708,-97.39042,3,3,0.8
38.37591,-97.37196,4,4,0.8
38.377,-97.48206,5,5,0.8
38.36265,-97.24678,1,1,1.0
38.36257,-97.2613,2,2,0.8
38.40613,-97.22445,3,3,0.8
38.32625,-97.16921,4,4,0.8
38.36245,-97.33497,5,5,1.0
38.35578,-97.09546,1,1,1.0
38.3625,-97.11277,2,2,1.0
38.38064,-97.07565,4,3,1.0
38.34805,-97.1139,3,4,1.0
38.38818,-97.08898,5,5,1.0
38.3629,-96.91158,3,1,0.8
38.36292,-96.89308,2,2,0.8
38.36286,-96.92982,1,3,0.8
38.36283,-96.94823,4,4,0.8
38.36293,-96.85616,5,5,0.8
38.36285,-96.80112,1,1,0.8
38.36263,-96.73773,3,2,0.2
38.36271,-96.75502,2,3,0.8
38.36275,-96.76806,4,4,0.2
38.36267,-96.72543,5,5,0.2
38.31843,-96.54435,1,1,0.8
38.32777,-96.53892,3,2,0.2
38.30933,-96.54844,4,3,0.2
38.36976,-96.61232,2,4,0.2
38.42522,-96.37325,1,1,0.8
38.40668,-96.33291,2,2,0.8
38.32165,-96.32164,3,3,0.2
38.40654,-96.31124,4,4,0.2
38.34683,-96.13432,1,1,0.8
38.34681,-96.15268,2,2,0.8
38.3832,-96.25792,3,3,0.2
38.41046,-96.09561,3,1,1.0
38.34635,-96.06175,2,2,1.0
38.41262,-96.0427,1,3,1.0
38.34683,-96.1161,4,4,0.8
38.31821,-96.06017,5,5,0.8
38.18131,-104.02294,1,1,0.8
38.20862,-104.02298,2,2,0.2
38.19909,-104.023,3,3,0.2
38.2283,-103.85763,1,1,1.0
38.22811,-103.87626,3,2,0.8
38.22814,-103.83891,2,3,0.8
38.16319,-103.89421,4,4,0.8
38.21896,-103.85753,5,5,0.2
38.22484,-103.71086,1,1,1.0
38.25251,-103.74836,3,2,0.8
38.19607,-103.7851,2,3,1.0
38.24395,-103.711,4,4,0.8
38.22886,-103.8038,5,5,0.8
38.2457,-103.60369,1,1,0.8
38.21528,-103.61947,2,2,0.8
38.20066,-103.61938,4,3,0.8
38.20042,-103.6375,3,4,0.8
38.26501,-103.65795,5,5,0.8
38.28643,-103.40965,1,1,0.8
38.28994,-103.38454,2,2,0.2
38.28479,-103.4214,3,3,0.2
38.29666,-103.37009,4,4,0.2
38.28812,-103.39761,5,5,0.2
38.26599,-103.17071,1,1,1.0
38.25911,-103.16147,2,2,0.8
38.24447,-103.16138,3,3,0.8
38.30261,-103.17121,4,4,0.2
38.22495,-103.16128,5,5,0.2
38.29595,-102.71987,1,1,0.8
38.31769,-102.71993,2,2,0.8
38.3318,-102.71985,3,3,0.8
38.26725,-102.72372,4,4,0.8
38.36018,-102.71966,5,5,0.8
38.32538,-102.61869,3,1,0.8
38.33949,-102.6188,1,2,0.8
38.26752,-102.61843,2,3,0.8
38.2769,-102.61857,4,4,0.2
38.31634,-102.61863,5,5,0.2
38.35486,-102.30723,1,1,0.8
38.32672,-102.30718,3,2,0.8
38.34064,-102.30723,2,3,0.8
38.31228,-102.08543,1,1,0.8
38.35534,-102.08641,3,2,0.8
38.28322,-102.08481,2,3,0.8
38.33035,-102.08584,5,4,0.2
38.3408,-102.08608,4,5,0.2
38.34956,-101.75165,1,1,0.8
38.33505,-101.75166,2,2,0.8
38.36409,-101.75173,3,3,0.8
38.32062,-101.75168,4,4,0.8
38.37851,-101.75182,5,5,0.8
38.36542,-101.34738,1,1,0.8
38.37988,-101.34763,2,2,0.8
38.3364,-101.34701,3,3,0.8
38.39438,-101.34801,4,4,0.8
38.40585,-101.35732,5,5,0.8
38.36634,-100.97984,1,1,0.8
38.3667,-100.99831,2,2,0.8
38.36633,-100.96135,3,3,0.8
38.37382,-100.9059,4,4,1.0
38.36615,-101.01666,5,5,0.8
38.36671,-100.86919,1,1,0.8
38.36665,-100.88767,2,2,0.8
38.39476,-100.46569,1,1,0.8
38.43845,-100.4659,2,2,0.8
38.35107,-100.46547,3,3,0.8
38.40871,-100.46572,4,4,0.2
38.37831,-100.46563,5,5,0.2
38.45306,-100.22843,1,1,0.8
38.45074,-100.19151,1,1,0.8
38.37806,-99.89803,1,1,0.8
38.36356,-99.89795,2,2,0.8
38.40782,-99.89848,3,3,0.8
38.45191,-99.95379,5,4,0.8
38.45108,-99.97228,4,5,0.8
38.45097,-99.77044,3,1,0.8
38.45102,-99.75186,1,2,0.8
38.4509,-99.78898,5,3,0.8
38.45106,-99.73346,2,4,0.8
38.45075,-99.82545,4,5,0.8
38.39278,-99.54755,1,1,0.8
38.40749,-99.54788,2,2,0.8
38.41689,-99.54814,3,3,0.2
38.47228,-99.41943,2,1,0.8
38.47279,-99.43781,1,2,0.8
38.4709,-99.40103,3,3,0.8
38.47058,-99.45632,4,4,0.8
38.4695,-99.38252,5,5,0.8
38.46525,-99.2535,5,1,0.8
38.46538,-99.27195,4,2,0.8
38.40732,-99.17962,1,3,0.8
38.3935,-99.30736,2,4,0.8
38.42179,-99.17964,3,5,0.8
38.46437,-99.06994,4,1,0.8
38.4933,-99.05151,5,2,0.8
38.42063,-99.01468,1,3,1.0
38.46461,-99.10688,2,4,0.8
38.42091,-99.03345,3,5,0.8
38.42126,-98.88918,1,1,1.0
38.46332,-98.92247,2,2,0.8
38.43423,-98.8302,4,3,1.0
38.49233,-98.84943,5,4,1.0
38.4198,-98.92244,3,5,1.0
38.43442,-98.77429,1,1,1.0
38.44901,-98.77504,2,2,0.8
38.40531,-98.71934,3,3,0.8
38.40546,-98.70092,4,4,0.8
38.43436,-98.79328,5,5,0.8
38.43485,-98.53648,1,1,1.0
38.44939,-98.53595,2,2,0.8
38.43482,-98.5543,3,3,0.8
38.44936,-98.57276,4,4,0.8
38.4744,-98.57288,5,5,1.0
38.44917,-98.34944,1,1,0.8
38.4637,-98.34948,2,2,0.8
38.47822,-98.34955,3,3,0.8
38.44908,-98.425,4,4,0.8
38.46358,-98.42489,5,5,0.8
38.47883,-98.20138,1,1,0.8
38.4643,-98.20137,4,2,0.8
38.51586,-98.20154,2,3,1.0
38.43517,-98.20133,3,4,0.8
38.49342,-98.20144,5,5,0.8
38.46392,-98.0169,1,1,0.8
38.47841,-98.01695,3,2,0.8
38.4494,-98.01693,2,3,0.8
38.49298,-98.01696,4,4,0.8
38.52227,-98.03502,5,5,1.0
38.46426,-97.83227,1,1,0.8
38.4206,-97.83247,2,2,0.8
38.43521,-97.90627,3,3,0.8
38.45511,-97.83231,4,4,0.2
38.41456,-97.90632,5,5,0.2
38.44931,-97.68546,2,1,0.8
38.44919,-97.667,1,2,1.0
38.44942,-97.70364,3,3,0.8
38.44955,-97.75885,4,4,1.0
38.43478,-97.66702,5,5,0.8
38.4495,-97.53741,3,1,0.8
38.44937,-97.55579,1,2,0.8
38.435,-97.53777,2,3,0.8
38.4493,-97.57424,4,4,0.8
38.42034,-97.53772,5,5,0.8
38.49314,-97.29817,1,1,0.8
38.4932,-97.26113,2,2,0.8
38.49321,-97.27293,4,3,0.2
38.4932,-97.28578,3,4,0.2
38.49322,-97.16958,2,1,1.0
38.4787,-97.16944,3,2,0.8
38.46422,-97.16937,4,3,0.8
38.49334,-97.15101,1,4,1.0
38.49319,-97.18788,5,5,0.8
38.47133,-97.04037,1,1,1.0
38.49337,-97.00386,2,2,0.8
38.49308,-97.04043,4,3,1.0
38.4353,-96.95764,3,4,1.0
38.49325,-97.02233,5,5,0.8
38.42101,-96.85658,1,1,0.8
38.43526,-96.89334,2,2,0.8
38.42097,-96.84464,3,3,0.2
38.52172,-96.53398,1,1,0.8
38.51192,-96.54394,2,2,0.2
38.50401,-96.55132,3,3,0.2
38.49564,-96.55719,4,4,0.2
38.41201,-96.2784,2,1,1.0
38.44912,-96.25232,1,2,0.8
38.44911,-96.37302,3,3,0.8
38.40612,-96.30875,4,4,0.8
38.44013,-96.37309,5,5,0.2
38.47752,-96.12305,1,1,0.8
38.50744,-96.10084,2,2,1.0
38.52099,-96.09754,3,3,1.0
38.49221,-96.11203,4,4,0.8
38.46287,-96.13389,5,5,0.8
38.36475,-103.7234,1,1,0.8
38.40762,-103.72347,2,2,0.8
38.35152,-103.7236,3,3,0.2
38.37409,-103.72343,4,4,0.2
38.32107,-103.74874,5,5,0.2
38.41258,-103.28269,1,1,0.8
38.38242,-103.31544,4,2,0.2
38.40201,-103.29953,3,3,0.2
38.41858,-103.27097,5,4,0.2
38.39165,-103.30795,2,5,0.2
38.33678,-103.17151,1,1,0.8
38.32233,-103.17146,2,2,0.8
38.34594,-103.17155,3,3,0.2
38.35533,-103.1716,4,4,0.2
38.44025,-102.73048,2,1,0.8
38.44044,-102.78577,1,2,0.8
38.45077,-102.78585,3,3,0.2
38.43114,-102.73041,4,4,0.2
38.37329,-102.72907,5,5,0.2
38.43353,-102.61989,1,1,1.0
38.45739,-102.61987,2,2,1.0
38.38279,-102.61922,3,3,0.8
38.46539,-102.65672,4,4,0.8
38.35406,-102.61883,5,5,0.8
38.45327,-102.40003,2,1,0.8
38.4371,-102.53776,1,2,0.8
38.4555,-102.38168,4,3,0.8
38.44046,-102.48961,3,4,0.2
38.44266,-102.47833,5,5,0.2
38.41209,-102.3077,1,1,0.8
38.47103,-102.21636,2,2,1.0
38.39735,-102.3076,3,3,0.8
38.38236,-102.30752,4,4,0.8
38.49923,-102.30836,5,5,0.8
38.42776,-102.08699,1,1,0.8
38.47164,-102.12438,2,2,0.8
38.47153,-102.14283,3,3,0.8
38.41349,-102.08689,4,4,0.8
38.39903,-102.08678,5,5,0.8
38.46571,-101.93741,1,1,0.8
38.46569,-101.95601,2,2,0.8
38.46573,-101.91892,3,3,0.8
38.46567,-101.97456,4,4,0.8
38.4658,-101.90051,5,5,0.8
38.43665,-101.75217,1,1,0.8
38.42217,-101.75207,2,2,0.8
38.46064,-101.7152,3,3,0.8
38.46578,-101.82715,4,4,0.8
38.50925,-101.7525,5,5,0.8
38.4665,-101.58561,1,1,0.8
38.46378,-101.60426,2,2,0.8
38.47413,-101.5315,3,3,1.0
38.46916,-101.56728,4,4,0.8
38.47165,-101.54994,5,5,0.8
38.48113,-101.42277,1,1,0.8
38.48121,-101.40435,2,2,0.8
38.48113,-101.44125,3,3,0.8
38.48115,-101.45787,4,4,0.8
38.48116,-101.47628,5,5,0.8
38.48171,-101.27523,1,1,0.8
38.48164,-101.30315,2,2,0.8
38.52534,-101.2202,3,3,0.8
38.48194,-101.16471,4,4,0.8
38.53996,-101.22001,5,5,0.8
38.48244,-101.08193,1,1,1.0
38.48255,-101.05415,2,2,0.8
38.48214,-101.10969,3,3,0.8
38.48261,-101.03577,4,4,0.8
38.48202,-101.12784,5,5,0.8
38.52596,-100.90713,1,1,0.8
38.483,-100.83319,2,2,0.8
38.55497,-100.90728,3,3,0.8
38.43901,-100.90651,4,4,0.8
38.54053,-100.90721,5,5,0.8
38.48301,-100.7416,1,1,0.8
38.48266,-100.70492,2,2,0.8
38.48311,-100.75991,4,3,0.8
38.4829,-100.72329,3,4,0.8
38.48315,-100.77816,5,5,0.8
38.48192,-100.60227,1,1,1.0
38.48183,-100.55874,2,2,0.8
38.4819,-100.54026,3,3,0.8
38.4818,-100.57574,4,4,0.8
38.48196,-100.52225,5,5,0.8
38.48127,-100.39386,1,1,0.8
38.48074,-100.3569,2,2,0.8
38.48171,-100.41227,3,3,0.8
38.48101,-100.37539,4,4,0.8
38.48039,-100.33894,5,5,0.8
38.47956,-100.26528,1,1,1.0
38.46688,-100.24676,3,2,0.8
38.48001,-100.28362,2,3,0.8
38.46043,-100.23822,4,4,0.2
38.47347,-100.25548,5,5,0.2
38.53756,-99.90004,3,1,0.8
38.56655,-99.90037,1,2,0.8
38.49391,-99.89939,2,3,0.8
38.50829,-99.89961,4,4,0.8
38.55207,-99.90021,5,5,0.8
38.55295,-99.51248,1,1,0.8
38.55298,-99.53095,2,2,0.8
38.55292,-99.49411,4,3,0.8
38.55294,-99.47536,5,4,0.8
38.553,-99.54949,3,5,0.8
38.53912,-99.36473,1,1,0.8
38.58243,-99.31342,2,2,0.8
38.56789,-99.31008,4,3,0.8
38.49483,-99.30893,3,4,0.8
38.59702,-99.31964,5,5,0.8
38.5376,-99.13426,2,1,0.8
38.53741,-99.1613,1,2,0.8
38.53795,-99.23549,3,3,0.8
38.54217,-99.10631,4,4,0.8
38.54234,-99.11861,5,5,0.2
38.58015,-98.99683,1,1,1.0
38.58021,-99.01532,3,2,0.8
38.53664,-99.0149,4,3,0.8
38.55115,-98.99654,2,4,0.8
38.53658,-98.99645,5,5,1.0
38.57959,-98.84873,1,1,1.0
38.57973,-98.77558,2,2,1.0
38.57962,-98.83027,3,3,0.8
38.57953,-98.79395,4,4,0.8
38.56517,-98.77549,5,5,0.8
38.62261,-98.60854,2,1,1.0
38.60878,-98.66527,3,2,0.8
38.6087,-98.60986,4,3,0.8
38.56539,-98.66431,1,4,1.0
38.5653,-98.68275,5,5,0.8
38.54268,-98.48015,1,1,1.0
38.5654,-98.48012,4,2,0.8
38.59446,-98.48,2,3,1.0
38.5654,-98.53538,5,4,1.0
38.52185,-98.48038,3,5,1.0
38.51502,-98.31271,1,1,1.0
38.52179,-98.34968,2,2,1.0
38.60876,-98.31302,4,3,0.8
38.53645,-98.31268,3,4,0.8
38.51491,-98.33109,5,5,0.8
38.52226,-98.09048,1,1,1.0
38.52225,-98.10907,2,2,0.8
38.56563,-98.20178,4,3,0.8
38.55117,-98.20172,3,4,0.8
38.53666,-98.20175,5,5,0.8
38.56599,-97.90666,1,1,0.8
38.63862,-97.97948,3,2,1.0
38.56612,-97.92491,4,3,0.8
38.54626,-97.99857,2,4,0.8
38.56589,-97.88815,5,5,0.8
38.62397,-97.8144,2,1,0.8
38.58728,-97.81416,1,2,0.2
38.60468,-97.81423,3,3,0.2
38.52196,-97.7532,4,4,0.2
38.62236,-97.62143,1,1,1.0
38.60893,-97.63406,2,2,0.8
38.55103,-97.51943,4,3,0.8
38.55079,-97.60114,5,4,0.2
38.55096,-97.57483,3,5,0.8
38.5512,-97.37198,1,1,0.8
38.55098,-97.48245,2,2,0.8
38.64456,-97.42748,3,3,0.2
38.55103,-97.51468,4,4,0.2
38.55137,-97.20622,1,1,0.8
38.55128,-97.22481,2,2,1.0
38.53674,-97.22486,4,3,0.8
38.56572,-97.22477,5,4,0.8
38.60928,-97.29759,3,5,0.8
38.56566,-97.05922,2,1,0.8
38.62376,-97.07774,1,2,0.8
38.63827,-97.07779,3,3,0.8
38.56578,-97.02253,5,4,0.8
38.56553,-97.0407,4,5,0.8
38.5662,-96.89349,1,1,0.8
38.59533,-96.85651,2,2,0.8
38.56572,-96.92999,3,3,0.8
38.62385,-96.94868,5,4,0.8
38.56328,-96.84702,4,5,1.0
38.65266,-96.745,1,1,1.0
38.65256,-96.76341,2,2,0.8
38.65267,-96.70802,3,3,0.8
38.6526,-96.72647,4,4,0.8
38.66474,-96.745,5,5,0.2
38.65288,-96.55695,2,1,0.8
38.6526,-96.5823,3,2,0.8
38.53623,-96.52198,1,3,0.8
38.57978,-96.51662,4,4,0.8
38.55088,-96.52135,5,5,0.8
38.66682,-96.39042,1,1,0.8
38.60782,-96.16968,1,1,0.8
38.57911,-96.26102,2,2,0.8
38.59374,-96.16997,3,3,0.8
38.55,-96.16995,4,4,0.8
38.62231,-96.16961,5,5,0.8
38.59234,-96.07734,2,1,0.8
38.57216,-96.09759,1,2,1.0
38.60793,-96.09748,3,3,0.8
38.5647,-96.10601,5,4,0.8
38.63527,-96.0411,4,5,0.8
38.44791,-103.72354,1,1,0.8
38.4363,-103.72352,2,2,0.8
38.46499,-103.70642,3,3,0.8
38.45753,-103.71884,4,4,0.2
38.47457,-103.70478,5,5,0.2
38.48278,-103.08103,1,1,0.8
38.5026,-103.02472,2,2,0.8
38.48765,-103.07058,3,3,0.2
38.47651,-103.09888,4,4,0.2
38.46836,-103.12216,5,5,0.2
38.49562,-102.95115,1,1,1.0
38.49748,-102.96964,2,2,1.0
38.49188,-102.91448,3,3,0.8
38.49002,-102.89603,4,4,0.8
38.48818,-102.87819,5,5,0.8
38.47353,-102.735,2,1,1.0
38.4712,-102.7124,1,2,1.0
38.52726,-102.78569,3,3,0.8
38.45478,-102.73059,4,4,0.8
38.53927,-102.78582,5,5,0.2
38.58641,-102.32737,1,1,1.0
38.57212,-102.32407,2,2,0.8
38.56938,-102.30917,3,3,0.8
38.51376,-102.30835,4,4,0.8
38.53332,-102.30854,5,5,0.2
38.58643,-102.29046,1,1,0.8
38.58177,-101.75244,1,1,0.8
38.56726,-101.75245,2,2,0.8
38.59623,-101.75245,3,3,0.8
38.53832,-101.75246,4,4,0.8
38.62553,-101.75238,5,5,0.8
38.5826,-101.53195,1,1,0.8
38.59713,-101.53185,2,2,0.8
38.56804,-101.53196,3,3,0.8
38.61171,-101.53198,4,4,0.8
38.5536,-101.53192,5,5,0.8
38.59757,-101.36801,1,1,0.8
38.61235,-101.36799,2,2,0.8
38.56858,-101.368,3,3,0.8
38.62686,-101.36795,4,4,0.8
38.55407,-101.36799,5,5,0.8
38.65609,-101.12823,1,1,0.8
38.65615,-100.99952,1,1,0.8
38.65618,-100.9812,2,2,0.8
38.65619,-101.01798,3,3,0.8
38.65616,-100.96292,4,4,0.8
38.65615,-101.03639,5,5,0.8
38.59927,-100.81547,2,1,0.8
38.59929,-100.83401,1,2,0.8
38.59921,-100.79693,3,3,0.8
38.59901,-100.85244,4,4,0.8
38.59838,-100.9075,5,5,1.0
38.59872,-100.66935,1,1,0.8
38.59876,-100.68725,2,2,0.8
38.5988,-100.70581,3,3,0.8
38.59889,-100.72406,4,4,0.8
38.61199,-100.46975,1,1,1.0
38.61258,-100.50595,2,2,1.0
38.62735,-100.50559,3,3,0.8
38.64183,-100.50523,4,4,0.8
38.59811,-100.46886,5,5,0.8
38.63951,-100.30423,1,1,0.8
38.63954,-100.32267,2,2,0.8
38.63943,-100.26707,3,3,0.8
38.63891,-100.33599,5,4,0.8
38.63938,-100.24858,4,5,0.8
38.63903,-100.10235,1,1,0.8
38.63842,-100.06551,2,2,0.8
38.63811,-100.0496,3,3,0.8
38.63929,-100.21175,5,4,0.8
38.63878,-100.08386,4,5,0.8
38.63383,-99.974,1,1,0.8
38.63763,-99.98725,2,2,0.8
38.65361,-99.89965,3,3,0.8
38.63813,-100.01064,4,4,0.8
38.66807,-99.89933,5,5,0.8
38.63986,-99.78992,1,1,0.8
38.63975,-99.80774,2,2,0.8
38.69663,-99.73042,3,3,1.0
38.66909,-99.73364,5,4,0.8
38.68358,-99.73314,4,5,0.8
38.64021,-99.57236,1,1,1.0
38.62576,-99.56842,3,2,0.8
38.69661,-99.56444,2,3,0.8
38.64026,-99.5308,4,4,0.8
38.64035,-99.64158,5,5,0.8
38.64037,-99.43884,1,1,0.8
38.64047,-99.42069,3,2,0.8
38.64066,-99.40186,2,3,0.8
38.64018,-99.45736,4,4,0.8
38.6401,-99.47518,5,5,0.8
38.65404,-99.236,1,1,0.8
38.65447,-99.27259,3,2,0.8
38.65381,-99.19892,2,3,0.8
38.65421,-99.25419,4,4,0.8
38.65373,-99.18037,5,5,0.8
38.6382,-98.99631,1,1,1.0
38.6383,-99.01478,2,2,0.8
38.70781,-99.16381,4,3,0.8
38.63836,-99.03306,3,4,0.8
38.71753,-99.15319,5,5,0.2
38.66669,-98.90475,1,1,0.8
38.69684,-98.95952,4,2,1.0
38.69685,-98.92197,2,3,0.8
38.65218,-98.90458,3,4,0.8
38.71132,-98.84718,5,5,1.0
38.71142,-98.76396,1,1,1.0
38.63831,-98.71982,2,2,1.0
38.69783,-98.76436,3,3,0.8
38.68133,-98.7753,4,4,0.8
38.66689,-98.77522,5,5,0.8
38.63749,-98.53547,1,1,1.0
38.68119,-98.53534,2,2,0.8
38.66712,-98.5355,3,3,0.8
38.63664,-98.60848,4,4,1.0
38.62399,-98.53527,5,5,1.0
38.63777,-98.40647,1,1,0.8
38.62322,-98.36572,2,2,0.8
38.62326,-98.40634,3,3,0.8
38.65235,-98.31367,5,4,0.8
38.63325,-98.35043,4,5,0.8
38.66733,-98.20208,1,1,0.8
38.67602,-98.2869,2,2,0.8
38.69662,-98.20997,3,3,0.2
38.69283,-98.26188,4,4,0.2
38.73985,-98.1773,5,5,0.2
38.69688,-97.98303,1,1,0.8
38.71144,-97.9837,2,2,0.8
38.65689,-98.00169,5,3,1.0
38.74015,-98.07668,3,4,0.8
38.67584,-97.98023,4,5,0.8
38.7106,-97.62183,1,1,1.0
38.72543,-97.61327,2,2,0.8
38.7398,-97.65014,3,3,0.8
38.71089,-97.60761,5,4,0.2
38.73995,-97.63804,4,5,0.2
38.71091,-97.50214,1,1,0.8
38.71104,-97.53923,2,2,0.8
38.7109,-97.5946,3,3,0.8
38.71079,-97.46462,4,4,0.8
38.71091,-97.48919,5,5,0.2
38.68202,-97.3349,1,1,0.8
38.73997,-97.27964,2,2,0.8
38.66722,-97.42758,3,3,0.8
38.68182,-97.38537,4,4,0.2
38.68193,-97.2576,5,5,0.2
38.71087,-97.14972,5,1,0.8
38.71091,-97.22381,1,2,0.8
38.69637,-97.2248,2,3,0.8
38.75459,-97.20507,3,4,0.8
38.68208,-97.2333,4,5,0.8
38.69604,-97.00151,5,1,0.8
38.72516,-97.07543,3,2,0.8
38.71055,-96.96441,1,3,0.8
38.72506,-96.9645,2,4,0.8
38.69606,-97.03856,4,5,0.8
38.73945,-96.77896,3,1,0.8
38.6589,-96.83805,4,2,0.8
38.65613,-96.81359,1,3,1.0
38.66076,-96.85653,2,4,1.0
38.73962,-96.74191,5,5,1.0
38.66738,-96.58239,2,1,0.8
38.67882,-96.56951,1,2,1.0
38.65309,-96.61606,3,3,0.8
38.65303,-96.6427,4,4,0.2
38.65306,-96.63035,5,5,0.2
38.72563,-96.43347,1,1,0.8
38.75376,-96.50115,2,2,0.8
38.7429,-96.40825,3,3,0.8
38.69546,-96.53807,5,4,1.0
38.7683,-96.50116,4,5,0.8
38.66242,-96.27999,1,1,0.8
38.666,-96.29102,3,2,0.2
38.66688,-96.34855,2,3,0.2
38.76091,-96.09408,1,1,0.8
38.73905,-96.09402,2,2,0.8
38.69535,-96.09648,3,3,0.8
38.68542,-96.09722,4,4,0.2
38.67458,-96.09748,5,5,0.2
38.60669,-103.70554,1,1,0.2
38.64369,-102.78593,2,1,0.8
38.65813,-102.78588,1,2,0.8
38.69179,-102.77562,3,3,0.8
38.58628,-102.78607,4,4,0.8
38.62867,-102.78598,5,5,0.2
38.65845,-102.3276,3,1,0.8
38.64412,-102.3276,1,2,0.8
38.68762,-102.3278,2,3,0.8
38.69678,-102.33182,4,4,0.8
38.72578,-102.33199,5,5,0.8
38.69839,-101.74415,1,1,1.0
38.6692,-101.75216,2,2,0.8
38.65473,-101.75222,3,3,0.8
38.64005,-101.7523,5,4,0.8
38.74208,-101.74341,4,5,0.8
38.72998,-101.37255,2,1,0.8
38.68493,-101.36777,3,2,0.8
38.74452,-101.37233,4,3,0.8
38.7009,-101.36827,1,4,1.0
38.71992,-101.37271,5,5,0.2
38.65624,-101.09173,1,1,0.8
38.65592,-101.07347,2,2,0.8
38.65613,-101.11026,3,3,0.8
38.69934,-100.8717,1,1,1.0
38.68565,-100.87161,2,2,1.0
38.71384,-100.87131,3,3,0.8
38.74277,-100.86659,4,4,0.8
38.72541,-100.87088,5,5,0.2
38.72893,-100.50417,2,1,0.8
38.78558,-100.50313,1,2,0.8
38.74159,-100.50386,3,3,0.2
38.77629,-100.5033,4,4,0.2
38.75996,-100.50356,5,5,0.2
38.79796,-99.89339,1,1,0.8
38.72557,-99.89812,2,2,0.8
38.82701,-99.89278,3,3,0.8
38.8076,-99.89324,4,4,0.2
38.7165,-99.89832,5,5,0.2
38.79342,-99.7223,1,1,1.0
38.77264,-99.71857,3,2,0.8
38.81272,-99.72657,2,3,1.0
38.75633,-99.72685,5,4,0.8
38.72572,-99.72763,4,5,0.8
38.79207,-99.55949,2,1,0.2
38.78001,-99.55968,1,2,0.2
38.78401,-99.33738,1,1,1.0
38.78402,-99.31915,2,2,1.0
38.78381,-99.39292,3,3,1.0
38.79855,-99.33734,4,4,0.8
38.76946,-99.31943,5,5,0.8
38.78433,-99.15233,1,1,0.8
38.79885,-99.15211,2,2,0.8
38.8134,-99.15194,3,3,0.8
38.75505,-99.1527,4,4,0.8
38.74065,-99.15291,5,5,0.8
38.82727,-99.02145,2,1,0.8
38.78368,-98.96641,5,2,0.8
38.78364,-99.02209,1,3,0.8
38.8417,-99.02148,4,4,0.8
38.81302,-98.92894,3,5,0.8
38.81283,-98.85516,2,1,1.0
38.84192,-98.85475,1,2,0.8
38.75494,-98.77962,3,3,0.8
38.74051,-98.84737,5,4,0.8
38.84204,-98.78111,4,5,0.8
38.77039,-98.72544,2,1,0.8
38.79147,-98.65925,5,2,0.2
38.85646,-98.66075,3,3,0.2
38.85645,-98.64521,4,4,0.2
38.85624,-98.63237,1,5,0.8
38.74035,-98.48558,1,1,0.8
38.85263,-98.52132,3,2,0.8
38.82722,-98.43067,2,3,1.0
38.82706,-98.41184,4,4,0.8
38.86267,-98.46844,5,5,0.8
38.82714,-98.33697,2,1,0.8
38.84851,-98.33715,1,2,0.8
38.76456,-98.36243,4,3,0.8
38.77472,-98.37488,5,4,0.8
38.84931,-98.28118,3,5,0.8
38.77235,-98.18775,5,1,0.8
38.75431,-98.15077,4,2,0.8
38.84892,-98.18773,1,3,0.8
38.73978,-98.11394,2,4,0.8
38.85421,-98.17107,3,5,1.0
38.84607,-97.87335,1,1,0.2
38.755,-97.97907,2,2,0.2
38.84186,-97.76141,1,1,1.0
38.84185,-97.74288,5,2,0.8
38.8419,-97.78,3,3,0.8
38.84196,-97.83614,2,4,0.8
38.84192,-97.8175,4,5,0.8
38.83028,-97.68665,2,1,1.0
38.74108,-97.60348,1,2,0.8
38.83302,-97.67363,3,3,0.2
38.84173,-97.52832,4,4,0.2
38.85784,-97.66822,5,5,0.2
38.8415,-97.39062,1,1,0.8
38.85629,-97.35406,3,2,0.8
38.84158,-97.40919,2,3,1.0
38.85603,-97.40919,4,4,0.8
38.84174,-97.35399,5,5,1.0
38.7985,-97.22366,1,1,1.0
38.79846,-97.24226,2,2,0.8
38.84221,-97.24226,3,3,0.8
38.8278,-97.22357,4,4,0.8
38.87154,-97.21608,5,5,1.0
38.79824,-97.11227,1,1,1.0
38.81279,-97.11207,5,2,0.8
38.79817,-97.09375,3,3,0.8
38.79832,-97.05655,4,4,0.8
38.79807,-97.07521,2,5,1.0
38.82668,-96.87144,1,1,0.8
38.79764,-96.90861,4,2,0.8
38.85549,-96.85301,2,3,0.8
38.76862,-96.92729,3,4,0.8
38.79752,-96.87146,5,5,0.8
38.84089,-96.77918,4,1,0.8
38.79771,-96.66847,1,2,0.8
38.8414,-96.65029,2,3,0.8
38.84155,-96.66804,5,4,0.8
38.79743,-96.77899,3,5,1.0
38.84072,-96.52012,2,1,0.8
38.88424,-96.52023,3,2,1.0
38.79722,-96.50129,4,3,0.8
38.84081,-96.53883,1,4,0.8
38.81213,-96.59425,5,5,0.8
38.85487,-96.40968,1,1,0.8
38.85704,-96.37328,2,2,0.8
38.85448,-96.42801,3,3,0.8
38.855,-96.39227,4,4,0.8
38.86657,-96.37216,5,5,0.8
38.86987,-96.22561,1,1,0.2
38.87,-96.14534,2,2,0.2
38.88469,-96.00276,4,1,0.8
38.88463,-95.98413,2,2,0.8
38.78261,-96.07605,3,3,0.8
38.81183,-96.09468,1,4,0.8
38.7817,-96.09461,5,5,1.0
38.73511,-103.64478,1,1,1.0
38.70613,-103.64495,2,2,0.8
38.69182,-103.64521,4,3,0.8
38.7349,-103.62628,3,4,0.8
38.74965,-103.6447,5,5,0.8
38.73385,-103.49712,1,1,1.0
38.73443,-103.53556,2,2,1.0
38.74845,-103.49574,3,3,0.8
38.71996,-103.49713,4,4,0.2
38.74895,-103.47935,5,5,0.2
38.78188,-102.90511,1,1,0.8
38.76633,-102.8498,2,2,0.8
38.77839,-102.89279,3,3,0.2
38.79082,-102.93466,4,4,0.2
38.77448,-102.87903,5,5,0.2
38.73528,-102.77642,1,1,0.8
38.78403,-102.7032,2,2,0.8
38.7208,-102.77602,3,3,0.8
38.77336,-102.75201,4,4,0.2
38.77645,-102.73793,5,5,0.2
38.81626,-102.53748,1,1,0.8
38.80929,-102.59185,3,2,0.8
38.79601,-102.64792,5,3,0.8
38.79199,-102.66643,2,4,0.8
38.81338,-102.57431,4,5,0.8
38.79811,-102.38836,5,1,0.8
38.80902,-102.4257,1,2,0.8
38.78393,-102.33215,2,3,0.8
38.81113,-102.46279,3,4,0.8
38.75482,-102.33206,4,5,0.8
38.84324,-102.25891,2,1,0.8
38.83806,-102.27714,1,2,0.8
38.83295,-102.29518,4,3,0.8
38.85322,-102.22131,3,4,0.8
38.84831,-102.24097,5,5,0.2
38.85641,-102.05264,1,1,0.8
38.85104,-102.09019,2,2,0.8
38.85442,-102.06665,3,3,0.2
38.82845,-101.96414,1,1,0.8
38.78498,-101.96464,2,2,0.8
38.81403,-101.96426,3,3,0.8
38.79653,-101.96449,4,4,0.2
38.80011,-101.74235,2,1,0.8
38.81461,-101.74949,1,2,0.8
38.7856,-101.74269,3,3,0.8
38.82917,-101.7514,5,4,0.8
38.84365,-101.75131,4,5,0.8
38.82283,-101.59351,1,1,0.8
38.80096,-101.5939,2,2,0.8
38.78646,-101.59414,3,3,0.8
38.81116,-101.59372,4,4,0.2
38.83502,-101.59332,5,5,0.2
38.83167,-101.37119,1,1,0.8
38.84614,-101.37099,2,2,0.8
38.85921,-101.37083,3,3,0.8
38.77358,-101.37215,4,4,0.8
38.75622,-101.37208,5,5,0.2
38.82973,-100.85425,1,1,0.8
38.90206,-100.85275,2,2,0.8
38.82078,-100.8544,3,3,0.2
38.89253,-100.85296,4,4,0.2
38.911,-100.85253,5,5,0.2
38.81492,-100.50265,3,1,0.8
38.90173,-100.50138,1,2,0.8
38.85811,-100.50192,2,3,0.8
38.91809,-100.50119,4,4,0.8
38.87418,-100.50165,5,5,0.2
38.84152,-99.89244,1,1,0.8
38.87049,-99.89199,5,2,0.8
38.89931,-99.89166,2,3,0.8
38.88492,-99.89177,4,4,0.8
38.91387,-99.89166,3,5,0.8
38.9286,-99.74289,1,1,0.8
38.91404,-99.74304,4,2,0.8
38.87079,-99.72707,3,3,0.8
38.88669,-99.74322,5,4,0.2
38.87257,-99.74306,2,5,0.8
38.87053,-99.55876,1,1,0.8
38.95607,-99.61358,3,2,0.8
38.88468,-99.55846,2,3,0.8
38.85606,-99.55882,4,4,0.8
38.84147,-99.55891,5,5,0.8
38.94256,-99.49853,2,1,0.8
38.93852,-99.48396,3,2,0.8
38.94342,-99.40034,1,3,0.8
38.93424,-99.46853,5,4,0.2
38.94338,-99.3777,4,5,0.2
38.8784,-99.24378,3,1,1.0
38.94355,-99.31723,1,2,1.0
38.84922,-99.22539,2,3,0.8
38.94338,-99.3355,4,4,1.0
38.90009,-99.24346,5,5,0.8
38.86712,-99.07696,1,1,1.0
38.86248,-99.09538,3,2,0.8
38.87177,-99.05835,5,3,0.8
38.91502,-99.15046,2,4,0.8
38.88601,-99.15085,4,5,0.8
38.88215,-98.9282,1,1,1.0
38.86408,-98.92842,2,2,1.0
38.88523,-98.91021,3,3,0.8
38.88569,-98.96537,5,4,0.8
38.88283,-98.94682,4,5,0.8
38.9145,-98.70627,1,1,0.8
38.85654,-98.74386,2,2,0.8
38.8572,-98.76237,3,3,0.8
38.95828,-98.72374,4,4,0.8
38.85682,-98.77736,5,5,0.2
38.90009,-98.58608,1,1,1.0
38.88559,-98.58607,2,2,0.8
38.90104,-98.61372,3,3,0.8
38.90527,-98.56291,5,4,0.2
38.96054,-98.52259,4,5,0.8
38.90004,-98.39344,1,1,0.8
38.87103,-98.39295,3,2,0.8
38.93137,-98.47879,2,3,0.8
38.88553,-98.39322,4,4,0.8
38.91905,-98.3932,5,5,0.2
38.84811,-98.2251,1,1,1.0
38.84909,-98.21302,2,2,0.2
38.92906,-98.05473,2,1,0.2
38.87421,-98.05284,1,2,0.2
38.92931,-98.0046,5,3,0.2
38.92928,-97.99045,4,4,0.2
38.92894,-98.08093,3,5,0.2
38.9145,-97.87304,1,1,0.8
38.95815,-97.87309,4,2,0.8
38.92908,-97.87301,2,3,0.8
38.97272,-97.87305,3,4,0.8
38.87863,-97.85989,5,5,0.2
38.877,-97.66812,3,1,1.0
38.94472,-97.61593,4,2,1.0
38.92901,-97.76131,2,3,0.8
38.89995,-97.7613,1,4,0.8
38.87809,-97.7243,5,5,0.8
38.90714,-97.48297,1,1,1.0
38.90687,-97.52008,2,2,0.8
38.90756,-97.44642,4,3,0.8
38.89639,-97.44654,3,4,0.8
38.90161,-97.55181,5,5,0.2
38.95789,-97.37157,1,1,0.8
38.88553,-97.35421,2,2,0.8
38.89973,-97.40935,3,3,0.8
38.88517,-97.40937,4,4,0.8
38.90265,-97.42795,5,5,0.8
38.91522,-97.16727,1,1,1.0
38.97359,-97.16711,2,2,0.8
39.0026,-97.16686,3,3,1.0
38.98806,-97.16692,4,4,0.8
38.8715,-97.16727,5,5,0.8
38.90016,-97.01947,2,1,1.0
38.92932,-97.01946,1,2,0.8
38.90037,-97.07473,4,3,0.8
38.94305,-96.92649,5,4,0.8
38.97255,-97.07446,3,5,1.0
38.94246,-96.80659,1,1,0.8
38.88444,-96.80711,2,2,1.0
38.91346,-96.80732,3,3,0.8
38.94992,-96.88101,4,4,0.8
38.99078,-96.80333,5,5,0.8
38.89934,-96.62888,1,1,0.8
38.89931,-96.61283,2,2,0.8
38.89826,-96.59415,3,3,0.8
38.90805,-96.63251,4,4,0.2
38.97174,-96.57072,5,5,0.2
38.9133,-96.52026,1,1,0.8
38.8988,-96.52025,3,2,0.8
38.94231,-96.5202,2,3,0.8
38.97162,-96.53879,4,4,0.8
38.92799,-96.52062,5,5,0.8
38.83887,-103.88791,1,1,0.2
38.83858,-103.8758,2,2,0.2
38.83946,-103.92018,4,3,0.2
38.83829,-103.86264,3,4,0.2
38.83967,-103.93351,5,5,0.2
38.85198,-103.70048,1,1,1.0
38.80838,-103.70028,3,2,0.8
38.82293,-103.7004,2,3,0.8
38.85219,-103.77527,5,4,0.8
38.85177,-103.66325,4,5,0.8
38.85075,-103.56119,2,1,0.8
38.85062,-103.53394,1,2,0.8
38.85119,-103.62623,4,3,0.8
38.85053,-103.52072,3,4,0.2
38.85083,-103.58279,5,5,0.2
38.8499,-103.40368,1,1,0.8
38.8497,-103.30976,2,2,0.2
38.8504,-103.4598,3,3,0.2
38.84978,-103.33357,4,4,0.2
38.84961,-103.29768,5,5,0.2
38.86947,-103.12065,1,1,1.0
38.84938,-103.27396,2,2,0.8
38.91189,-103.17413,3,3,0.2
38.82131,-102.98754,1,1,0.8
38.84206,-103.0862,2,2,0.2
38.81441,-102.9791,3,3,0.2
38.85722,-103.10526,4,4,0.2
38.80733,-102.97049,5,5,0.2
38.88039,-102.79675,1,1,0.8
38.85115,-102.79628,2,2,0.8
38.82219,-102.79613,3,3,0.8
38.86342,-102.7965,4,4,0.2
38.83918,-102.79638,5,5,0.2
38.81704,-102.50937,1,1,0.2
38.81684,-102.48911,2,2,0.2
38.9136,-102.35205,2,1,0.8
38.88715,-102.35179,1,2,0.8
38.9427,-102.35223,5,3,0.8
38.87779,-102.35175,4,4,0.8
38.92806,-102.35215,3,5,0.8
38.85548,-102.17775,1,1,1.0
38.84564,-102.12809,2,2,0.8
38.84848,-102.10825,3,3,0.8
38.84741,-102.14655,5,4,0.2
38.84923,-102.16527,4,5,0.8
38.88291,-101.90795,1,1,0.8
38.88611,-101.89584,2,2,0.2
38.85966,-102.03107,3,3,0.2
38.90122,-101.84266,2,1,0.8
38.89121,-101.87345,1,2,1.0
38.90124,-101.82724,3,3,0.2
38.92735,-101.74933,4,4,0.2
38.8868,-101.88361,5,5,0.2
38.90238,-101.64812,1,1,0.8
38.92994,-101.54731,2,2,0.2
38.95352,-101.48043,1,1,0.8
38.9402,-101.51784,2,2,0.8
38.9641,-101.45991,4,3,0.2
38.94714,-101.49292,3,4,0.2
38.98413,-101.42232,5,5,0.2
38.99032,-101.18456,1,1,0.8
38.98135,-101.1846,2,2,0.2
38.9602,-100.85152,1,1,0.8
38.97474,-100.85133,2,2,0.8
38.98922,-100.85118,3,3,0.8
38.93114,-100.85206,4,4,0.8
38.94229,-100.85183,5,5,0.2
39.00274,-100.48204,1,1,0.8
39.0173,-100.48186,2,2,0.8
38.98835,-100.48211,3,3,0.8
39.04051,-100.20455,1,1,0.8
39.01659,-100.24189,2,2,0.8
39.02409,-100.16749,3,3,0.8
39.02642,-100.24177,5,4,0.2
39.032,-100.18647,4,5,0.2
39.02332,-100.07435,1,1,0.8
39.02308,-100.02,2,2,0.8
39.02344,-100.00142,3,3,0.8
39.02325,-100.05416,4,4,0.2
39.02319,-100.0419,5,5,0.2
39.00426,-99.83481,5,1,0.8
38.95756,-99.89108,2,2,0.8
39.02307,-99.94578,3,3,0.8
39.00107,-99.81625,4,4,0.8
38.98638,-99.8902,1,5,0.8
38.9908,-99.73281,1,1,0.8
38.98033,-99.7106,2,2,0.8
38.98087,-99.72367,4,3,0.8
38.9935,-99.77918,5,4,0.8
38.98476,-99.74222,3,5,1.0
39.00099,-99.53906,1,1,0.8
39.01557,-99.53888,2,2,0.8
38.98653,-99.53935,3,3,0.8
38.98652,-99.55777,4,4,0.8
39.05915,-99.53815,5,5,0.8
39.00153,-99.31657,1,1,1.0
39.01604,-99.31643,2,2,0.8
39.00153,-99.29764,3,3,0.8
38.97243,-99.31684,4,4,0.8
39.04498,-99.31597,5,5,0.8
39.00145,-99.26055,1,1,0.8
38.98717,-99.00159,1,1,1.0
39.01621,-99.00199,2,2,0.8
38.95814,-99.00222,3,3,0.8
39.00596,-99.00184,4,4,0.2
39.03078,-98.85377,1,1,0.8
39.01635,-98.85389,2,2,0.8
39.0018,-98.854,3,3,0.8
38.98723,-98.85412,4,4,0.8
38.97811,-98.85418,5,5,0.2
39.04552,-98.72383,2,1,0.8
39.07448,-98.69656,1,2,0.8
39.03116,-98.72394,3,3,0.8
39.06011,-98.72406,4,4,0.8
39.06038,-98.69815,5,5,0.8
39.03077,-98.52216,1,1,0.8
39.0305,-98.443,3,2,0.2
38.97311,-98.50735,2,3,0.2
39.07411,-98.39217,1,1,0.8
39.05266,-98.39244,2,2,0.2
39.06298,-98.39234,4,3,0.2
39.04329,-98.39257,3,4,0.2
39.08817,-98.15098,2,1,0.8
39.10271,-98.15076,1,2,0.8
39.07796,-98.15114,3,3,0.2
39.06555,-98.0211,1,1,0.2
39.01646,-97.76118,2,1,1.0
39.01633,-97.72407,1,2,1.0
39.01644,-97.74261,4,3,0.8
39.01637,-97.70526,5,4,0.8
39.00173,-97.76125,3,5,1.0
39.05952,-97.65058,1,1,1.0
39.06946,-97.61301,2,2,0.8
39.05958,-97.61246,3,3,1.0
39.07412,-97.59377,4,4,0.8
39.05955,-97.6311,5,5,0.8
39.03072,-97.46402,1,1,1.0
39.01653,-97.46417,5,2,1.0
39.03076,-97.4455,2,3,0.8
39.03075,-97.42695,3,4,0.8
39.00198,-97.46434,4,5,1.0
39.03137,-97.20392,1,1,1.0
39.08972,-97.25952,2,2,0.8
39.04639,-97.20416,3,3,0.8
39.03083,-97.3159,4,4,0.8
39.06092,-97.20413,5,5,0.8
39.03178,-97.11162,1,1,1.0
39.03193,-97.13031,2,2,1.0
39.07564,-97.12979,5,3,0.8
39.00275,-97.11172,4,4,1.0
39.03153,-97.07432,3,5,0.8
39.06052,-96.92103,1,1,1.0
39.0304,-96.92587,2,2,0.8
39.10666,-96.96293,4,3,1.0
39.01614,-96.94458,3,4,1.0
39.04506,-96.94436,5,5,0.8
39.06519,-96.68887,1,1,0.2
39.01336,-96.75374,2,2,0.2
39.06584,-96.67575,3,3,0.2
39.06388,-96.70247,4,4,0.2
39.0627,-96.53846,1,1,1.0
39.06619,-96.58336,4,2,0.2
39.05192,-96.53854,2,3,0.2
39.04161,-96.53857,3,4,0.2
39.0725,-96.53835,5,5,0.2
39.06533,-96.41047,1,1,0.2
39.06517,-96.42815,3,2,0.2
39.06537,-96.39805,2,3,0.2
39.0655,-96.31686,4,4,0.2
39.11507,-96.16883,2,1,0.2
39.10165,-96.28922,1,2,0.8
39.0656,-96.29954,3,3,0.2
39.04405,-95.94671,1,1,0.8
38.98629,-96.0207,2,2,0.8
39.0584,-95.94666,3,3,1.0
39.05846,-95.97007,4,4,0.8
39.05853,-95.9886,5,5,0.2
38.98234,-103.7019,1,1,0.8
38.90999,-103.701,2,2,0.8
38.95039,-103.70155,3,3,0.2
38.91913,-103.70116,5,4,0.2
38.96985,-103.70179,4,5,0.2
38.93722,-103.47928,2,1,0.8
38.96605,-103.47877,1,2,0.8
38.9806,-103.47884,3,3,0.8
38.8794,-103.47868,4,4,0.8
38.94752,-103.47901,5,5,0.2
38.96556,-103.24184,1,1,0.8
38.9769,-103.25625,2,2,0.8
38.99031,-103.27313,5,3,0.2
38.95822,-103.23259,3,4,0.2
38.95152,-103.22412,4,5,0.2
38.92422,-103.18968,1,1,0.2
38.97658,-102.79797,5,1,0.2
39.02846,-102.79882,1,2,0.2
39.03744,-102.79881,2,3,0.2
39.04765,-102.79873,3,4,0.2
38.96466,-102.79765,4,5,0.2
38.99848,-102.35334,1,1,0.8
38.97195,-102.35287,2,2,0.8
39.00152,-102.34086,3,3,0.2
38.98905,-102.35317,4,4,0.2
39.04635,-102.27912,2,1,0.8
39.06101,-102.27907,4,2,0.8
39.0019,-102.28202,3,3,0.8
39.0756,-102.27898,5,4,0.8
39.01639,-102.27887,1,5,0.8
39.0474,-101.73839,1,1,0.2
39.03578,-101.73852,2,2,0.2
39.02371,-101.73869,3,3,0.2
39.0844,-101.73785,4,4,0.2
38.98721,-101.73922,5,5,0.2
38.9953,-101.40593,2,1,0.8
39.0041,-101.38721,1,2,0.8
39.00896,-101.36856,3,3,0.8
39.03137,-101.29169,4,4,0.2
39.02904,-101.30298,5,5,0.2
39.0622,-101.18356,1,1,0.8
39.07667,-101.18334,4,2,0.8
39.08922,-101.14933,3,3,1.0
39.04775,-101.18385,2,4,0.8
39.0333,-101.18408,5,5,0.8
39.10208,-101.05128,1,1,1.0
39.1041,-101.03477,2,2,0.8
39.10623,-101.01644,3,3,0.8
39.1086,-100.99779,4,4,0.8
39.10115,-101.07206,5,5,0.8
39.0616,-100.85029,1,1,0.8
39.04713,-100.85047,5,2,0.8
39.03262,-100.85066,2,3,0.8
39.11865,-100.90517,3,4,0.8
39.01813,-100.85089,4,5,0.8
39.11249,-100.7384,1,1,1.0
39.11167,-100.68352,2,2,0.8
39.11892,-100.7196,3,3,0.8
39.11165,-100.66362,4,4,0.2
39.11185,-100.69589,5,5,0.2
39.07537,-100.48059,1,1,0.8
39.11854,-100.51063,2,2,0.8
39.06085,-100.48103,3,3,0.8
39.04624,-100.48144,4,4,0.8
39.11152,-100.57265,5,5,0.8
39.0757,-100.27946,1,1,0.8
39.10537,-100.40697,2,2,0.8
39.09739,-100.33014,3,3,0.2
39.08179,-100.29244,4,4,0.2
39.09391,-100.3183,5,5,0.2
39.11708,-99.86967,2,1,0.8
39.13213,-99.86819,1,2,0.8
39.14669,-99.86624,3,3,0.8
39.16117,-99.86634,4,4,0.8
39.0683,-99.87033,5,5,0.2
39.13196,-99.54737,1,1,0.8
39.16178,-99.56809,2,2,0.8
39.14716,-99.56806,3,3,0.8
39.13304,-99.56702,4,4,0.8
39.13293,-99.29869,1,1,1.0
39.16152,-99.29874,2,2,0.8
39.14464,-99.29859,3,3,0.2
39.12439,-99.30257,4,4,0.2
39.19849,-99.12241,1,1,0.8
39.08889,-98.94504,1,1,0.8
39.11823,-98.8788,2,2,0.2
39.0888,-98.92894,3,3,0.2
39.11837,-98.74222,1,1,0.8
39.11841,-98.75408,4,2,0.2
39.11804,-98.83443,3,3,0.8
39.14768,-98.69461,2,4,0.8
39.16151,-98.39621,2,1,0.8
39.19062,-98.3962,1,2,0.8
39.17134,-98.39616,3,3,0.2
39.08839,-98.39177,5,4,0.8
39.11036,-98.39159,4,5,0.8
39.1314,-98.15082,2,1,0.8
39.17587,-98.15394,1,2,0.8
39.11726,-98.15052,3,3,0.8
39.19058,-98.13482,1,1,0.8
39.19045,-98.11403,2,2,0.2
39.14672,-97.80911,1,1,0.2
39.16124,-97.70591,1,1,0.8
39.17582,-97.70578,2,2,0.8
39.16126,-97.66845,4,3,0.8
39.19039,-97.70566,3,4,0.8
39.17581,-97.66812,5,5,0.8
39.17562,-97.53776,1,1,0.8
39.19012,-97.53764,2,2,0.8
39.13203,-97.55305,4,3,0.8
39.11781,-97.57606,5,4,0.8
39.14658,-97.54721,3,5,0.8
39.13229,-97.33379,1,1,0.8
39.17651,-97.27844,2,2,0.8
39.1459,-97.33409,4,3,0.2
39.2151,-97.33387,3,4,0.2
39.17657,-97.29596,5,5,0.2
39.17689,-97.18523,1,1,0.8
39.11905,-97.20439,5,2,0.8
39.20577,-97.12908,3,3,1.0
39.17686,-97.14777,2,4,0.8
39.17679,-97.12896,4,5,1.0
39.16165,-96.97974,1,1,0.8
39.18366,-97.0361,2,2,0.8
39.16176,-96.99846,3,3,1.0
39.16132,-96.96093,4,4,0.8
39.22018,-96.97323,5,5,1.0
39.11731,-96.86949,1,1,0.8
39.1341,-96.88706,2,2,1.0
39.14374,-96.88707,3,3,0.2
39.22168,-96.44062,1,1,0.8
39.23205,-96.44176,3,2,0.8
39.13981,-96.51152,2,3,0.8
39.14366,-96.52268,4,4,0.2
39.13235,-96.53818,5,5,0.2
39.21034,-96.37069,1,1,1.0
39.21012,-96.38863,2,2,0.2
39.12983,-96.16755,1,1,0.8
39.14436,-96.16627,2,2,0.8
39.15361,-96.16627,3,3,0.2
39.08492,-103.70352,1,1,0.8
39.0711,-103.70388,3,2,0.2
39.01683,-103.70204,2,3,0.2
39.0018,-103.7019,4,4,0.2
39.10301,-103.70311,5,5,0.2
39.1279,-103.58987,1,1,0.8
39.02991,-103.47926,2,2,0.2
39.05327,-103.47966,1,1,0.8
39.06751,-103.48007,2,2,0.8
39.08682,-103.39545,3,3,0.2
39.07906,-103.3856,4,4,0.2
39.08011,-103.47991,5,5,0.2
39.11199,-102.86609,1,1,0.8
39.12725,-102.8687,2,2,0.8
39.05614,-102.86729,3,3,0.8
39.15643,-102.87519,4,4,0.8
39.08364,-102.86648,5,5,0.2
39.1271,-102.61444,1,1,0.8
39.14136,-102.61431,2,2,0.8
39.15341,-102.61432,3,3,0.2
39.14321,-102.27697,2,1,0.8
39.105,-102.27879,1,2,0.8
39.11957,-102.27864,3,3,0.8
39.0902,-102.27891,4,4,0.8
39.17269,-102.27643,5,5,0.8
39.14822,-101.72668,1,1,0.8
39.13365,-101.72697,2,2,0.8
39.2061,-101.71978,3,3,0.8
39.11959,-101.72803,4,4,0.8
39.1727,-101.72646,5,5,0.2
39.16422,-101.35424,3,1,0.8
39.1932,-101.35406,1,2,0.8
39.1497,-101.35443,2,3,0.8
39.22209,-101.35409,4,4,0.8
39.13432,-101.23759,5,5,0.8
39.19101,-101.05614,1,1,0.8
39.17649,-101.05624,2,2,0.8
39.20551,-101.056,3,3,0.8
39.22001,-101.05591,4,4,0.8
39.17822,-101.20529,5,5,0.8
39.1893,-100.86986,1,1,1.0
39.20569,-100.88494,5,2,0.8
39.20575,-100.87005,3,3,0.8
39.17684,-100.87032,4,4,0.8
39.23749,-100.90817,2,5,0.8
39.16234,-100.84511,1,1,0.8
39.17352,-100.85347,2,2,0.2
39.20559,-100.44295,1,1,0.8
39.22006,-100.44302,2,2,0.8
39.19102,-100.44286,4,3,0.8
39.23456,-100.44293,3,4,0.8
39.17656,-100.44279,5,5,0.8
39.21923,-99.86623,1,1,0.8
39.23377,-99.86305,2,2,0.8
39.24881,-99.84775,3,3,0.8
39.20468,-99.86619,4,4,0.8
39.17566,-99.8661,5,5,0.8
39.23465,-99.53099,1,1,0.8
39.21987,-99.56828,2,2,0.8
39.23441,-99.5124,3,3,0.8
39.23417,-99.49371,4,4,0.8
39.29285,-99.56854,5,5,0.8
39.23457,-99.36373,1,1,0.8
39.23449,-99.3822,2,2,0.8
39.23485,-99.34506,3,3,0.8
39.27797,-99.29809,5,4,0.8
39.26342,-99.4377,4,5,0.8
39.20723,-99.17744,1,1,1.0
39.23342,-99.19605,2,2,0.8
39.23455,-99.21459,5,3,0.8
39.21975,-99.18483,3,4,0.8
39.23454,-99.23333,4,5,0.8
39.24856,-98.69462,2,1,0.2
39.23426,-98.69463,1,2,0.8
39.22495,-98.69464,3,3,0.2
39.2518,-98.47147,1,1,0.2
39.27095,-98.47143,2,2,0.2
39.23419,-98.46354,3,3,0.2
39.23414,-98.45179,4,4,0.2
39.23404,-98.26551,2,1,0.8
39.23406,-98.28419,3,2,0.8
39.23402,-98.24695,1,3,0.8
39.23399,-98.23248,4,4,0.2
39.2918,-98.1172,1,1,0.8
39.2339,-98.19125,2,2,0.8
39.32064,-98.11624,4,3,0.8
39.23389,-98.20986,3,4,0.8
39.23394,-98.15254,5,5,1.0
39.27705,-97.94912,2,1,0.8
39.27668,-97.96877,1,2,0.8
39.27733,-97.98714,3,3,0.8
39.2771,-97.93161,4,4,0.8
39.29164,-97.92987,5,5,0.8
39.30668,-97.76036,2,1,0.8
39.32123,-97.76026,3,2,0.8
39.27767,-97.72334,1,3,0.8
39.24855,-97.70502,4,4,0.8
39.27633,-97.70991,5,5,0.2
39.27751,-97.66794,1,1,1.0
39.26293,-97.66796,2,2,0.8
39.27759,-97.68633,3,3,0.8
39.23397,-97.66832,4,4,0.8
39.26309,-97.70479,5,5,0.8
39.2482,-97.42668,2,1,0.8
39.3065,-97.46346,1,2,0.8
39.24812,-97.40792,3,3,0.8
39.24824,-97.44548,5,4,0.8
39.24849,-97.5185,4,5,0.8
39.32041,-97.31292,2,1,0.8
39.29292,-97.31581,1,2,0.8
39.24918,-97.20321,3,3,0.8
39.24936,-97.18465,4,4,0.8
39.29139,-97.3323,5,5,0.8
39.29321,-97.08888,1,1,0.8
39.32259,-97.12791,3,2,1.0
39.29296,-97.07194,4,3,0.8
39.2927,-97.05337,2,4,1.0
39.24967,-97.12946,5,5,1.0
39.30702,-96.92363,1,1,1.0
39.21972,-96.93354,3,2,1.0
39.31412,-96.97026,2,3,0.8
39.30659,-96.90552,4,4,0.8
39.29266,-96.97991,5,5,0.8
39.27622,-96.7052,1,1,1.0
39.28393,-96.77506,3,2,0.8
39.32741,-96.68144,5,3,1.0
39.29833,-96.75567,2,4,1.0
39.29856,-96.77494,4,5,1.0
39.33949,-96.6023,1,1,0.8
39.32188,-96.55759,2,2,0.8
39.33976,-96.52001,3,3,0.8
39.31295,-96.55718,5,4,0.2
39.284,-96.58537,4,5,0.2
39.28466,-96.3287,1,1,0.2
39.30175,-96.31497,2,2,0.2
39.3543,-96.38257,3,3,0.2
39.28944,-96.31441,4,4,0.2
39.25799,-96.44502,5,5,0.2
39.26553,-96.23134,1,1,0.2
39.26762,-96.06366,1,1,1.0
39.23842,-96.06349,2,2,1.0
39.24086,-96.03558,5,3,0.2
39.26763,-96.09006,3,4,0.8
39.27542,-96.10376,4,5,0.2
39.18659,-103.86429,1,1,0.8
39.19672,-103.84774,3,2,0.2
39.17918,-103.8798,2,3,0.2
39.20273,-103.83872,5,4,0.2
39.21502,-103.82012,4,5,0.2
39.12815,-103.69988,1,1,1.0
39.17169,-103.69643,2,2,0.8
39.18622,-103.69639,3,3,0.8
39.12794,-103.64671,4,4,0.8
39.12791,-103.62853,5,5,0.8
39.17231,-103.49143,1,1,0.2
39.19004,-103.49134,2,2,0.2
39.17537,-103.53875,3,3,0.2
39.19944,-103.49134,5,4,0.2
39.16873,-103.52893,4,5,0.2
39.27693,-102.9692,1,1,1.0
39.27936,-102.95615,3,2,0.2
39.27459,-102.98173,2,3,0.2
39.24299,-102.87431,1,1,0.8
39.18594,-102.8749,2,2,0.8
39.2155,-102.87455,5,3,0.2
39.23308,-102.87438,3,4,0.2
39.17669,-102.87498,4,5,0.2
39.22861,-102.61441,1,1,0.8
39.2431,-102.61441,3,2,0.8
39.21412,-102.61436,2,3,0.8
39.27226,-102.61425,4,4,0.8
39.17058,-102.61435,5,5,0.8
39.29449,-102.48377,1,1,0.8
39.29481,-102.46527,2,2,0.8
39.24327,-102.27804,1,1,0.8
39.25795,-102.25955,3,2,0.8
39.2941,-102.33471,4,3,1.0
39.18738,-102.27655,5,4,0.8
39.25764,-102.27829,2,5,1.0
39.24931,-102.02413,1,1,0.8
39.27833,-102.02387,2,2,0.8
39.29295,-102.02366,3,3,0.8
39.23472,-102.02437,5,4,0.8
39.32414,-102.11042,4,5,0.8
39.32906,-101.93063,2,1,0.8
39.32182,-101.8747,1,2,0.8
39.33633,-101.9119,3,3,0.8
39.32867,-101.89331,4,4,0.8
39.26416,-101.72579,1,1,0.8
39.29325,-101.72586,2,2,0.8
39.24965,-101.72587,3,3,0.8
39.23514,-101.72595,5,4,0.8
39.27869,-101.72406,4,5,0.8
39.33928,-101.55895,1,1,1.0
39.32979,-101.54017,2,2,1.0
39.33953,-101.54015,3,3,1.0
39.3297,-101.59612,4,4,0.8
39.35155,-101.55886,5,5,0.8
39.29453,-101.35424,1,1,0.8
39.30893,-101.35396,2,2,0.8
39.26556,-101.35416,3,3,0.8
39.33042,-101.40984,4,4,0.8
39.2511,-101.35417,5,5,0.8
39.30845,-101.20454,1,1,0.8
39.27952,-101.20472,2,2,0.8
39.33758,-101.20413,3,3,0.8
39.35203,-101.20419,4,4,0.8
39.23601,-101.20495,5,5,0.8
39.27808,-101.05561,2,1,1.0
39.30714,-101.05542,1,2,0.8
39.32163,-101.0553,3,3,0.8
39.27799,-101.01828,4,4,0.8
39.27825,-100.95992,5,5,1.0
39.30715,-100.87033,1,1,0.8
39.29252,-100.87048,2,2,0.8
39.3362,-100.87004,4,3,0.8
39.32169,-100.87019,3,4,0.8
39.2782,-100.94193,5,5,1.0
39.37951,-100.7021,1,1,0.8
39.37952,-100.68335,2,2,0.8
39.37946,-100.66455,3,3,0.8
39.37955,-100.51597,1,1,0.8
39.37958,-100.53463,2,2,0.8
39.33722,-100.59041,3,3,0.8
39.37891,-100.48473,4,4,0.8
39.37949,-100.55318,5,5,0.8
39.35727,-100.33048,1,1,0.8
39.35746,-100.34828,2,2,0.2
39.36353,-100.11594,1,1,0.8
39.36377,-100.03189,1,1,0.8
39.36391,-99.95138,2,2,0.2
39.36373,-99.97493,3,3,0.2
39.4083,-99.84516,1,1,0.8
39.28881,-99.84759,2,2,0.2
39.39316,-99.6172,1,1,1.0
39.34029,-99.62206,2,2,0.8
39.3849,-99.65853,5,3,0.8
39.35077,-99.58581,3,4,0.8
39.3652,-99.58542,4,5,0.8
39.37558,-99.43641,1,1,1.0
39.38687,-99.42329,2,2,0.8
39.40781,-99.45463,4,3,0.8
39.3505,-99.4369,3,4,0.8
39.33604,-99.43712,5,5,0.8
39.32134,-99.30703,1,1,0.8
39.30678,-99.30721,2,2,0.8
39.33576,-99.29754,3,3,0.8
39.29237,-99.29798,4,4,0.8
39.31354,-99.29779,5,5,0.2
39.36882,-98.6949,1,1,0.8
39.384,-98.69499,2,2,0.2
39.43767,-98.56403,1,1,0.8
39.35961,-98.5276,2,2,0.2
39.43762,-98.58431,4,3,0.2
39.43494,-98.54538,5,4,0.2
39.3716,-98.52628,3,5,0.2
39.42273,-98.41462,4,1,0.8
39.42259,-98.4694,2,2,0.8
39.42272,-98.43341,3,3,1.0
39.42247,-98.37695,1,4,0.8
39.43726,-98.43338,5,5,0.8
39.42255,-98.20984,1,1,1.0
39.42249,-98.31144,2,2,1.0
39.42255,-98.24724,4,3,0.8
39.43708,-98.20983,3,4,0.8
39.42272,-98.15352,5,5,0.8
39.3936,-98.07887,1,1,0.8
39.37907,-98.07892,2,2,0.8
39.4084,-98.11635,4,3,0.8
39.36452,-98.11625,5,4,0.8
39.40816,-98.07883,3,5,0.8
39.33525,-97.92899,1,1,0.8
39.45449,-97.85412,2,2,0.2
39.42302,-97.66649,3,1,0.8
39.43752,-97.66655,4,2,0.8
39.40855,-97.68082,2,3,0.8
39.36509,-97.68622,1,4,0.8
39.40851,-97.66648,5,5,1.0
39.35005,-97.51757,1,1,0.8
39.36464,-97.52976,5,2,0.2
39.36472,-97.50844,4,3,0.2
39.35003,-97.49892,3,4,0.8
39.35007,-97.53615,2,5,0.8
39.37852,-97.35071,1,1,1.0
39.37893,-97.27545,4,2,1.0
39.42964,-97.35055,2,3,0.8
39.3786,-97.33182,3,4,0.8
39.37887,-97.29429,5,5,0.8
39.37982,-97.20246,1,1,0.8
39.43729,-97.12746,2,2,0.8
39.36505,-97.23941,3,3,0.8
39.45178,-97.12728,4,4,0.8
39.37958,-97.23915,5,5,1.0
39.37955,-96.99872,1,1,1.0
39.39435,-96.9979,2,2,0.8
39.36445,-96.94215,3,3,1.0
39.43784,-96.9608,5,4,0.8
39.38005,-97.01751,4,5,0.8
39.40427,-96.79286,1,1,0.8
39.36406,-96.81192,2,2,0.8
39.37862,-96.7937,4,3,0.8
39.36407,-96.79373,3,4,1.0
39.40801,-96.84889,5,5,0.8
39.36868,-96.70916,1,1,1.0
39.42815,-96.67207,3,2,0.8
39.42867,-96.68812,2,3,0.8
39.40582,-96.60663,5,4,0.2
39.43012,-96.70033,4,5,0.2
39.42844,-96.53864,3,1,0.8
39.42123,-96.50125,2,2,0.8
39.42833,-96.55746,5,3,0.8
39.44379,-96.50778,1,4,1.0
39.43783,-96.51966,4,5,0.8
39.44987,-96.3146,1,1,0.8
39.46453,-96.31463,2,2,0.8
39.37706,-96.33363,4,3,0.8
39.43515,-96.31453,3,4,0.8
39.37691,-96.35172,5,5,0.8
39.42018,-96.07245,1,1,0.8
39.43469,-96.07247,2,2,0.8
39.3908,-96.06649,3,3,0.8
39.47883,-96.12795,4,4,0.8
39.45364,-96.07256,5,5,0.2
39.28776,-103.97504,1,1,0.8
39.22306,-103.80798,1,1,0.8
39.23043,-103.79685,2,2,0.2
39.27798,-103.4349,1,1,1.0
39.2876,-103.38949,3,2,0.8
39.31662,-103.49131,4,3,0.8
39.28475,-103.34207,5,4,0.8
39.27871,-103.39744,2,5,1.0
39.28616,-103.17388,1,1,1.0
39.28437,-103.23346,3,2,0.2
39.28569,-103.20175,5,3,0.2
39.28607,-103.18981,2,4,0.2
39.28486,-103.21698,4,5,0.2
39.33097,-103.08044,1,1,0.8
39.36012,-103.08022,2,2,0.8
39.34673,-103.08049,3,3,0.2
39.37413,-103.08024,5,4,0.2
39.2872,-103.02624,4,5,0.2
39.2849,-102.93182,1,1,1.0
39.302,-102.81757,2,2,0.8
39.3019,-102.83405,3,3,0.2
39.38878,-102.87343,5,4,0.2
39.28202,-102.94303,4,5,0.2
39.34546,-102.74305,1,1,0.8
39.35983,-102.74301,5,2,0.8
39.33087,-102.74315,3,3,0.8
39.30063,-102.70601,2,4,0.8
39.37438,-102.74289,4,5,0.8
39.36371,-102.59415,1,1,1.0
39.34474,-102.59458,2,2,0.8
39.30142,-102.54034,3,3,0.8
39.30031,-102.52162,5,4,0.8
39.29894,-102.5031,4,5,0.8
39.38818,-102.42763,1,1,0.8
39.29852,-102.35341,5,2,0.8
39.29617,-102.37207,3,3,0.8
39.30011,-102.33479,4,4,0.8
39.4027,-102.42702,2,5,0.8
39.37415,-102.14724,2,1,0.8
39.3886,-102.14705,1,2,0.8
39.34574,-102.14756,3,3,0.8
39.40316,-102.14702,4,4,0.8
39.31447,-102.20421,5,5,0.8
39.35075,-101.98615,1,1,0.8
39.32908,-101.98613,2,2,0.8
39.33625,-101.96744,3,3,0.8
39.33626,-101.9488,4,4,0.8
39.30741,-102.0235,5,5,0.8
39.33638,-101.87462,1,1,1.0
39.35097,-101.78219,2,2,1.0
39.38001,-101.80022,3,3,0.8
39.33647,-101.78237,4,4,1.0
39.40906,-101.80018,5,5,0.8
39.39481,-101.67013,1,1,0.8
39.39481,-101.65139,2,2,0.8
39.39485,-101.63267,3,3,0.8
39.33994,-101.65149,5,4,0.8
39.39488,-101.61653,4,5,0.8
39.42414,-101.55846,1,1,0.8
39.34428,-101.48434,2,2,0.8
39.34703,-101.46568,3,3,0.8
39.34977,-101.44705,4,4,0.8
39.36604,-101.55874,5,5,0.8
39.36698,-101.31605,3,1,0.8
39.39578,-101.37206,2,2,0.8
39.36631,-101.33482,1,3,0.8
39.43918,-101.37197,4,4,0.8
39.41022,-101.3721,5,5,0.8
39.39502,-101.1297,1,1,1.0
39.39323,-101.14845,2,2,0.8
39.39473,-101.111,3,3,0.8
39.38033,-101.12989,4,4,0.8
39.36522,-101.13002,5,5,1.0
39.39429,-100.90697,1,1,1.0
39.39429,-100.96147,4,2,0.8
39.39428,-100.98018,3,3,0.8
39.3943,-100.94259,2,4,0.8
39.39429,-100.92562,5,5,0.8
39.45217,-100.80335,1,1,0.8
39.448,-100.81416,2,2,0.8
39.46011,-100.77676,3,3,0.8
39.37948,-100.73961,4,4,1.0
39.44498,-100.83199,5,5,0.8
39.37928,-100.59043,1,1,1.0
39.37918,-100.6083,3,2,0.8
39.37921,-100.62676,4,3,0.8
39.37934,-100.64564,2,4,0.8
39.37938,-100.57175,5,5,0.8
39.4374,-100.44191,1,1,0.8
39.46646,-100.44182,2,2,0.8
39.45193,-100.44192,3,3,0.8
39.42285,-100.4419,4,4,0.8
39.3939,-100.44187,5,5,0.8
39.4955,-99.84484,1,1,0.8
39.50998,-99.84477,2,2,0.8
39.46932,-99.84499,5,3,0.2
39.45189,-99.84506,4,4,0.8
39.48098,-99.84492,3,5,0.8
39.4231,-99.41715,1,1,1.0
39.42298,-99.3984,3,2,0.8
39.42291,-99.3797,2,3,0.8
39.43686,-99.32399,5,4,0.8
39.42307,-99.4356,4,5,1.0
39.48015,-99.28255,1,1,0.8
39.49467,-99.28605,3,2,0.8
39.5091,-99.28603,2,3,0.8
39.49522,-99.10026,2,1,0.8
39.52437,-99.10008,1,2,0.8
39.50979,-99.10013,3,3,0.8
39.48587,-99.1004,4,4,0.2
39.48097,-98.69482,1,1,0.8
39.49554,-98.6949,2,2,0.8
39.50885,-98.48817,1,1,0.8
39.45207,-98.54515,3,2,0.8
39.50887,-98.47392,2,3,0.8
39.46656,-98.54495,4,4,0.8
39.45178,-98.43343,5,5,0.8
39.52053,-98.35776,3,1,0.8
39.46903,-98.312,2,2,1.0
39.53824,-98.33914,4,3,0.8
39.5159,-98.33912,1,4,1.0
39.51266,-98.35115,5,5,0.8
39.48057,-98.19083,5,1,1.0
39.45165,-98.18171,3,2,1.0
39.51031,-98.11626,1,3,0.8
39.51002,-98.19061,2,4,0.8
39.52455,-98.19053,4,5,0.8
39.48113,-97.96664,1,1,1.0
39.50956,-97.96671,3,2,0.8
39.49543,-98.04112,2,3,1.0
39.53932,-98.04062,4,4,1.0
39.48096,-98.00423,5,5,0.8
39.49496,-97.79626,1,1,1.0
39.48271,-97.79947,2,2,1.0
39.48148,-97.83517,3,3,0.8
39.48138,-97.85399,5,4,1.0
39.49605,-97.779,4,5,0.8
39.51056,-97.68537,1,1,0.8
39.46651,-97.66668,2,2,0.8
39.52492,-97.53604,5,3,0.8
39.5395,-97.53609,4,4,0.8
39.49583,-97.66215,3,5,0.8
39.51003,-97.44392,1,1,1.0
39.53915,-97.44402,3,2,0.8
39.57113,-97.44406,5,3,1.0
39.52459,-97.44399,2,4,0.8
39.48093,-97.44382,4,5,0.8
39.52399,-97.27544,2,1,0.8
39.50946,-97.27533,3,2,0.8
39.45221,-97.27542,1,3,1.0
39.56661,-97.23741,4,4,0.8
39.45184,-97.2567,5,5,0.8
39.52471,-97.12776,1,1,0.8
39.5666,-97.14372,4,2,0.8
39.46632,-97.1274,2,3,1.0
39.49568,-97.12762,5,4,0.8
39.48105,-97.12753,3,5,0.8
39.49574,-96.99658,1,1,1.0
39.53932,-96.99647,3,2,0.8
39.5248,-96.99665,2,3,0.8
39.48116,-96.99651,4,4,0.8
39.51417,-96.99669,5,5,0.2
39.5519,-96.75534,2,1,0.8
39.56647,-96.75297,1,2,0.8
39.52526,-96.75539,3,3,0.2
39.54266,-96.75531,5,4,0.2
39.45648,-96.76223,4,5,0.2
39.50035,-96.36993,2,1,0.8
39.49972,-96.40737,1,2,1.0
39.47859,-96.44494,3,3,0.8
39.52222,-96.40724,4,4,0.8
39.50034,-96.35661,5,5,0.2
39.47873,-96.27699,1,1,1.0
39.52222,-96.27681,2,2,0.8
39.55755,-96.16554,4,3,0.2
39.47879,-96.25972,5,4,0.2
39.52217,-96.29551,3,5,0.8
39.47819,-96.07258,1,1,1.0
39.46389,-96.0728,2,2,1.0
39.49253,-96.04486,3,3,0.8
39.478,-96.04474,5,4,0.8
39.46355,-96.04459,4,5,0.8
39.39155,-103.88928,2,1,0.2
39.3546,-103.86662,1,2,0.8
39.38231,-103.88685,4,3,0.2
39.40197,-103.89442,3,4,0.2
39.36084,-103.87547,5,5,0.2
39.38922,-103.67757,1,1,0.8
39.41661,-103.67735,2,2,0.8
39.37451,-103.67766,3,3,0.8
39.4184,-103.65907,5,4,0.8
39.41838,-103.64023,4,5,0.8
39.46114,-102.87284,2,1,0.8
39.4323,-102.87318,1,2,0.8
39.41772,-102.87335,3,3,0.8
39.49025,-102.87209,5,4,0.8
39.40318,-102.87342,4,5,0.8
39.43167,-102.59381,2,1,0.8
39.50602,-102.59304,3,2,1.0
39.44647,-102.5939,1,3,1.0
39.49369,-102.59332,4,4,0.2
39.51505,-102.59277,5,5,0.2
39.4172,-102.42685,2,1,0.8
39.43174,-102.42684,1,2,0.8
39.47534,-102.42682,5,3,0.8
39.46079,-102.42682,4,4,0.8
39.44629,-102.42697,3,5,0.8
39.48811,-102.25877,1,1,0.8
39.50254,-102.25838,2,2,0.8
39.5171,-102.258,4,3,0.8
39.43185,-102.25916,5,4,0.8
39.46065,-102.25916,3,5,0.8
39.47255,-102.14699,1,1,0.8
39.4613,-102.147,2,2,0.8
39.4468,-102.147,3,3,0.8
39.43226,-102.14701,4,4,0.8
39.52525,-101.70715,2,1,0.8
39.48162,-101.7073,1,2,0.8
39.53959,-101.70708,3,3,0.8
39.46715,-101.70739,5,4,0.8
39.55397,-101.70693,4,5,0.8
39.52612,-101.37122,2,1,0.8
39.51145,-101.37135,1,2,0.8
39.49702,-101.37149,4,3,0.8
39.54037,-101.371,3,4,0.8
39.55502,-101.37096,5,5,0.8
39.54028,-101.20302,3,1,0.8
39.51134,-101.2032,1,2,0.8
39.48234,-101.20344,2,3,0.8
39.46788,-101.20368,4,4,0.8
39.5245,-101.20315,5,5,0.2
39.53936,-101.05387,1,1,0.8
39.55385,-101.05385,2,2,0.8
39.5103,-101.05394,3,3,0.8
39.49584,-101.05403,4,4,0.8
39.56809,-101.05388,5,5,0.8
39.51052,-100.90646,1,1,0.8
39.49598,-100.9067,2,2,0.8
39.48146,-100.90688,3,3,0.8
39.53143,-100.90615,4,4,0.2
39.52003,-100.90631,5,5,0.2
39.56813,-100.73855,2,1,1.0
39.54683,-100.73874,1,2,0.8
39.56809,-100.75298,4,3,0.8
39.494,-100.68331,3,4,0.8
39.50966,-100.64726,5,5,0.8
39.55853,-100.53481,1,1,1.0
39.56697,-100.51513,2,2,0.8
39.55304,-100.51546,5,3,0.8
39.55299,-100.49693,3,4,0.8
39.56777,-100.53592,4,5,0.8
39.56767,-100.34856,1,1,0.8
39.56769,-100.36732,2,2,0.8
39.5677,-100.38598,5,3,0.8
39.55283,-100.44121,3,4,1.0
39.56767,-100.42298,4,5,1.0
39.59073,-100.20828,1,1,0.8
39.59599,-100.16654,2,2,0.8
39.582,-100.22174,3,3,0.2
39.57458,-100.26646,5,4,0.2
39.59556,-100.19784,4,5,0.2
39.61759,-99.9649,1,1,0.8
39.61039,-100.08093,2,2,0.8
39.60994,-100.09333,3,3,0.8
39.56697,-99.84558,1,1,0.8
39.55347,-99.84461,2,2,0.8
39.53901,-99.84466,3,3,0.8
39.57709,-99.84992,4,4,0.2
39.58902,-99.85103,5,5,0.2
39.59634,-99.57159,1,1,0.8
39.58184,-99.57147,2,2,0.8
39.62523,-99.57162,4,3,0.8
39.61084,-99.57161,3,4,0.8
39.58204,-99.29323,2,1,0.8
39.59655,-99.29949,1,2,0.8
39.53812,-99.28573,5,3,0.8
39.61108,-99.29957,3,4,0.8
39.62552,-99.30185,4,5,0.8
39.59681,-99.12226,1,1,0.8
39.61136,-99.12238,2,2,0.8
39.56733,-99.12002,3,3,0.8
39.53941,-99.11835,4,4,0.8
39.53817,-99.10154,5,5,0.8
39.64045,-98.7852,1,1,1.0
39.62575,-98.78527,2,2,0.8
39.66918,-98.78573,3,3,0.8
39.64028,-98.8109,4,4,0.2
39.65973,-98.78567,5,5,0.2
39.59647,-98.54247,1,1,0.8
39.614,-98.54239,2,2,0.8
39.58738,-98.54251,3,3,0.2
39.66163,-98.35364,2,1,1.0
39.56746,-98.44405,1,2,0.8
39.63989,-98.35358,3,3,0.8
39.6253,-98.35147,4,4,0.8
39.55791,-98.44225,5,5,0.2
39.56732,-98.19069,2,1,1.0
39.59609,-98.15685,1,2,1.0
39.6251,-98.15676,4,3,0.8
39.61058,-98.15682,3,4,0.8
39.63959,-98.15671,5,5,0.8
39.61033,-98.04411,1,1,0.8
39.59582,-98.04425,2,2,0.8
39.66817,-98.0623,4,3,0.8
39.66826,-98.00656,5,4,0.8
39.56719,-98.04356,3,5,0.8
39.62445,-97.89374,1,1,0.8
39.69734,-97.89435,2,2,1.0
39.68263,-97.85681,4,3,0.8
39.6693,-97.95021,5,4,0.8
39.63911,-97.85632,3,5,0.8
39.69727,-97.7257,1,1,0.8
39.69709,-97.70695,2,2,0.8
39.58833,-97.76025,5,3,0.2
39.65356,-97.66047,4,4,0.8
39.668,-97.66,3,5,0.8
39.60986,-97.53251,1,1,0.8
39.55407,-97.53614,2,2,0.8
39.61001,-97.49953,5,3,0.8
39.61005,-97.48052,3,4,0.8
39.57231,-97.53682,4,5,1.0
39.65392,-97.40636,2,1,0.8
39.62486,-97.40622,1,2,0.8
39.63933,-97.4064,3,3,0.8
39.62494,-97.27505,4,4,0.8
39.58156,-97.34547,5,5,0.8
39.56655,-97.18126,1,1,0.8
39.56828,-97.20185,3,2,1.0
39.56655,-97.16341,2,3,0.8
39.59571,-97.12551,4,4,0.8
39.60694,-97.12548,5,5,0.2
39.61023,-96.99445,2,1,0.8
39.61021,-96.97553,1,2,0.8
39.65335,-96.97517,4,3,0.8
39.59559,-96.99433,3,4,0.8
39.63914,-97.08777,5,5,0.8
39.63916,-96.75046,1,1,0.8
39.69678,-96.80657,4,2,0.8
39.62454,-96.86315,2,3,0.8
39.69693,-96.84452,3,4,0.8
39.68255,-96.86334,5,5,0.8
39.63895,-96.67577,1,1,0.8
39.59543,-96.67564,2,2,0.8
39.5954,-96.69385,3,3,0.8
39.59549,-96.71267,4,4,0.8
39.60996,-96.67581,5,5,0.8
39.63662,-96.40797,1,1,0.8
39.68205,-96.52014,3,2,0.8
39.66759,-96.41734,5,3,0.8
39.64609,-96.41735,2,4,0.8
39.62427,-96.40793,4,5,0.8
39.66774,-96.10802,2,1,0.8
39.65323,-96.16379,3,2,0.8
39.66038,-96.07059,4,3,0.8
39.66772,-96.12634,1,4,1.0
39.66086,-96.08873,5,5,0.8
39.47631,-103.62123,1,1,0.8
39.5285,-103.62075,2,2,0.2
39.5135,-103.6216,3,3,0.2
39.48826,-103.62138,4,4,0.2
39.56012,-103.60364,5,5,0.2
39.56981,-102.85985,1,1,1.0
39.54912,-102.87133,2,2,0.8
39.52004,-102.87177,3,3,0.8
39.59724,-102.85944,5,4,0.8
39.53456,-102.87156,4,5,0.8
39.5691,-102.59147,1,1,0.8
39.54896,-102.59213,2,2,0.8
39.65676,-102.57393,3,3,0.8
39.53419,-102.5924,4,4,0.8
39.55897,-102.59198,5,5,0.2
39.6445,-102.25163,2,1,0.8
39.65912,-102.25206,1,2,0.8
39.63175,-102.25121,3,3,0.2
39.59172,-102.25004,5,4,0.2
39.54239,-102.25391,4,5,0.2
39.62633,-101.71273,1,1,0.8
39.61189,-101.71289,2,2,0.8
39.64085,-101.71259,3,3,0.8
39.56846,-101.71018,4,4,0.8
39.68419,-101.7121,5,5,0.8
39.66938,-101.05666,1,1,0.8
39.65487,-101.05684,2,2,0.8
39.62588,-101.05715,4,3,0.8
39.6114,-101.05731,3,4,0.8
39.69326,-101.05642,5,5,0.2
39.68325,-100.53506,1,1,0.8
39.69779,-100.53518,2,2,0.8
39.66905,-100.53495,4,3,0.8
39.63977,-100.5352,5,4,0.8
39.71224,-100.53517,3,5,0.8
39.70809,-100.24856,1,1,0.2
39.6434,-100.36146,2,2,0.2
39.71182,-99.88961,1,1,0.8
39.74056,-99.88956,2,2,0.8
39.72633,-99.88956,5,3,0.8
39.68279,-99.88984,3,4,0.8
39.75482,-99.88969,4,5,0.8
39.63977,-99.78655,1,1,0.2
39.64903,-99.7451,2,2,0.2
39.71238,-99.56264,1,1,0.8
39.72683,-99.56262,2,2,0.8
39.70124,-99.5627,3,3,0.2
39.66718,-99.63273,4,4,0.2
39.73849,-99.56248,5,5,0.2
39.71219,-99.42199,1,1,0.8
39.77027,-99.36567,2,2,0.8
39.68335,-99.38714,3,3,0.2
39.72151,-99.42201,5,4,0.2
39.68338,-99.37408,4,5,0.2
39.68381,-99.2161,1,1,0.8
39.75571,-99.27253,5,2,0.8
39.75574,-99.17876,3,3,0.8
39.75553,-99.21635,2,4,1.0
39.68377,-99.19882,4,5,0.8
39.72734,-99.12269,2,1,0.8
39.77108,-98.99175,4,2,0.8
39.66222,-98.99153,5,3,0.8
39.75651,-99.06644,1,4,0.8
39.71285,-99.12257,3,5,0.8
39.77078,-98.86073,1,1,0.8
39.77071,-98.84195,3,2,0.8
39.77073,-98.8243,4,3,0.8
39.68373,-98.78577,2,4,0.8
39.74489,-98.78595,5,5,0.2
39.78517,-98.69196,1,1,0.8
39.78504,-98.66167,3,2,0.2
39.78507,-98.68006,2,3,0.2
39.78504,-98.64841,5,4,0.2
39.78649,-98.70398,4,5,0.2
39.72678,-98.56068,1,1,0.8
39.78474,-98.50427,2,2,0.8
39.7848,-98.48577,3,3,0.8
39.75575,-98.56054,5,4,0.8
39.74129,-98.56062,4,5,0.8
39.74142,-98.34414,1,1,0.8
39.78497,-98.32515,3,2,0.8
39.75592,-98.34404,2,3,0.8
39.78503,-98.34386,4,4,1.0
39.77038,-98.34396,5,5,0.8
39.78504,-98.12009,1,1,1.0
39.73533,-98.1572,2,2,0.2
39.74731,-98.16134,3,3,0.2
39.76206,-98.16612,4,4,0.2
39.77307,-98.16603,5,5,0.2
39.74069,-97.89479,5,1,0.8
39.66822,-97.96891,1,2,0.8
39.66817,-97.98761,4,3,0.8
39.7264,-97.89452,3,4,0.8
39.68164,-97.95029,2,5,0.8
39.69722,-97.81944,1,1,0.8
39.79876,-97.8386,3,2,0.8
39.69717,-97.83822,2,3,0.8
39.69729,-97.775,5,4,1.0
39.69726,-97.87559,4,5,0.8
39.76928,-97.65161,1,1,0.8
39.78379,-97.652,3,2,0.8
39.75473,-97.65151,2,3,0.8
39.74025,-97.65505,4,4,0.8
39.78337,-97.61462,5,5,0.8
39.72616,-97.46263,3,1,0.8
39.7698,-97.4626,1,2,0.8
39.71159,-97.4997,2,3,0.8
39.71169,-97.47174,5,4,0.2
39.71167,-97.4871,4,5,0.2
39.81369,-97.25639,3,1,0.8
39.81371,-97.2753,2,2,0.8
39.81372,-97.29442,1,3,1.0
39.71221,-97.30313,4,4,0.2
39.71162,-97.18641,5,5,0.2
39.71159,-97.08723,1,1,1.0
39.71162,-97.04983,2,2,1.0
39.71162,-97.1061,5,3,0.8
39.7407,-97.04955,3,4,0.8
39.71162,-97.06851,4,5,0.8
39.71136,-96.91901,1,1,0.8
39.71131,-96.93784,2,2,0.8
39.81337,-96.93713,4,3,0.8
39.79847,-96.97514,5,4,0.8
39.81283,-96.9564,3,5,0.8
39.72519,-96.75081,1,1,0.8
39.69695,-96.79329,2,2,0.8
39.74761,-96.64755,2,1,0.8
39.76928,-96.64764,1,2,1.0
39.7692,-96.59224,5,3,0.2
39.76948,-96.61928,3,4,0.8
39.72592,-96.64743,4,5,0.8
39.76944,-96.41734,1,1,1.0
39.72593,-96.35146,3,2,0.8
39.79858,-96.33352,5,3,0.8
39.78405,-96.33359,2,4,0.8
39.75504,-96.33376,4,5,0.8
39.72556,-96.22011,1,1,0.8
39.72558,-96.19213,2,2,0.8
39.78386,-96.25844,3,3,0.8
39.76211,-96.25844,4,4,0.8
39.74733,-96.25843,5,5,0.2
39.74003,-96.03308,1,1,1.0
39.7112,-96.03316,3,2,0.8
39.73992,-96.00207,5,3,1.0
39.75446,-96.03305,4,4,0.8
39.72567,-96.03311,2,5,1.0
39.62414,-103.98644,1,1,0.8
39.62408,-104.00406,3,2,0.2
39.66524,-104.04165,2,3,0.2
39.64991,-104.04191,4,4,0.2
39.62421,-103.97204,1,1,0.2
39.6488,-103.59347,1,1,0.8
39.65868,-103.59348,2,2,0.2
39.61563,-103.59376,3,3,0.2
39.66853,-103.21725,2,1,0.8
39.654,-103.21699,1,2,0.8
39.68305,-103.21724,3,3,0.8
39.63963,-103.21683,5,4,0.8
39.69755,-103.21766,4,5,0.8
39.68538,-102.97274,1,1,1.0
39.69912,-103.04736,2,2,0.8
39.67095,-102.95301,3,3,0.8
39.66997,-102.93522,5,4,0.8
39.69914,-103.02872,4,5,1.0
39.65652,-102.8446,1,1,1.0
39.66988,-102.85501,2,2,0.8
39.65541,-102.85785,3,3,0.8
39.65504,-102.8211,4,4,0.8
39.65482,-102.8022,5,5,0.8
39.65635,-102.5929,1,1,1.0
39.65603,-102.63077,2,2,0.8
39.65613,-102.61185,3,3,0.8
39.6558,-102.72602,4,4,0.8
39.65562,-102.74496,5,5,0.8
39.65781,-102.48027,1,1,0.8
39.65774,-102.46147,2,2,0.8
39.65715,-102.44017,3,3,0.8
39.6698,-102.42241,4,4,0.8
39.67934,-102.4121,5,5,0.8
39.70266,-102.25956,1,1,1.0
39.70206,-102.32937,2,2,0.8
39.70159,-102.38452,3,3,1.0
39.74607,-102.25581,5,4,1.0
39.70185,-102.34883,4,5,0.8
39.74597,-102.14543,1,1,0.8
39.74627,-102.10594,2,2,0.8
39.74603,-102.16374,3,3,0.8
39.74611,-102.20043,4,4,0.8
39.74694,-102.0637,5,5,0.8
39.75661,-101.97484,2,1,0.8
39.75658,-101.99353,1,2,0.8
39.75666,-101.95601,3,3,0.8
39.75655,-102.01238,4,4,0.8
39.75678,-101.93727,5,5,0.8
39.75655,-101.71152,1,1,1.0
39.75654,-101.73029,3,2,0.8
39.72758,-101.71186,2,3,0.8
39.71308,-101.71197,5,4,0.8
39.69869,-101.71203,4,5,0.8
39.75688,-101.59866,1,1,0.8
39.75684,-101.61743,2,2,0.8
39.75688,-101.57977,3,3,0.8
39.75666,-101.67389,5,4,0.8
39.75679,-101.63632,4,5,0.8
39.76927,-101.44787,1,1,0.8
39.77549,-101.41024,3,2,0.8
39.76614,-101.46671,4,3,0.8
39.77238,-101.42905,2,4,0.8
39.76301,-101.48555,5,5,0.8
39.78551,-101.27897,1,1,0.8
39.78517,-101.22285,5,2,1.0
39.7856,-101.29741,2,3,0.8
39.81411,-101.22747,4,4,0.8
39.78542,-101.26056,3,5,0.8
39.80654,-101.0819,2,1,1.0
39.79665,-101.10715,1,2,0.8
39.72719,-101.05632,3,3,0.8
39.78777,-101.13041,4,4,0.8
39.77084,-101.04697,5,5,0.8
39.81377,-100.88569,1,1,1.0
39.81353,-100.90771,2,2,0.8
39.81321,-100.8518,3,3,0.8
39.8133,-100.82457,4,4,0.8
39.81362,-100.94644,5,5,1.0
39.82858,-100.74047,1,1,1.0
39.82862,-100.7031,4,2,0.8
39.82867,-100.66514,5,3,0.8
39.8282,-100.77791,3,4,1.0
39.82861,-100.72192,2,5,0.8
39.75574,-100.53463,2,1,0.8
39.74126,-100.53473,1,2,0.8
39.82855,-100.59054,3,3,0.8
39.82865,-100.60941,5,4,0.8
39.7268,-100.53484,4,5,0.8
39.8283,-100.36647,3,1,0.8
39.82825,-100.42225,1,2,0.8
39.82804,-100.29148,4,3,0.8
39.82825,-100.34768,2,4,0.8
39.82832,-100.40346,5,5,0.8
39.82775,-100.23593,1,1,0.8
39.82785,-100.25472,2,2,0.8
39.82796,-100.27481,4,3,0.8
39.82717,-100.11438,5,4,0.8
39.82708,-100.13315,3,5,0.8
39.82763,-100.00147,1,1,1.0
39.80914,-99.94829,5,2,1.0
39.81293,-100.00182,3,3,0.8
39.80859,-99.96406,2,4,1.0
39.8276,-99.97317,4,5,0.8
39.83749,-99.75793,2,1,0.8
39.76936,-99.88983,1,2,0.8
39.79802,-99.88988,3,3,0.2
39.78316,-99.88987,4,4,0.2
39.85288,-99.81421,5,5,0.2
39.82838,-99.6834,1,1,1.0
39.84242,-99.68375,2,2,0.8
39.85698,-99.68547,4,3,0.8
39.82844,-99.62711,5,4,0.8
39.82842,-99.64572,3,5,0.8
39.82837,-99.53378,1,1,0.8
39.843,-99.53399,2,2,0.8
39.87195,-99.53393,3,3,0.8
39.85302,-99.53399,5,4,0.2
39.7886,-99.57127,4,5,0.2
39.82818,-99.32841,1,1,0.8
39.79927,-99.32834,2,2,0.8
39.81369,-99.32837,3,3,0.8
39.85516,-99.32842,5,4,0.2
39.83761,-99.3284,4,5,0.2
39.79988,-99.12293,1,1,0.8
39.87227,-99.12326,2,2,0.8
39.9012,-99.12336,3,3,0.8
39.85521,-99.12324,5,4,0.2
39.88467,-99.12327,4,5,0.2
39.84321,-98.9357,4,1,0.8
39.88663,-98.93573,3,2,0.8
39.7998,-98.93559,1,3,0.8
39.81429,-98.93567,2,4,0.8
39.90107,-98.93573,5,5,0.8
39.84587,-98.55988,1,1,0.8
39.85727,-98.55247,2,2,0.8
39.78493,-98.5981,3,3,0.8
39.87173,-98.54277,4,4,0.8
39.8862,-98.5419,5,5,0.8
39.78503,-98.42956,1,1,1.0
39.78511,-98.39203,2,2,0.8
39.78507,-98.4108,4,3,0.8
39.7851,-98.4483,3,4,0.8
39.82823,-98.30607,1,1,0.8
39.81371,-98.30599,2,2,0.8
39.78493,-98.25024,3,3,0.8
39.78554,-98.26866,4,4,0.8
39.80032,-98.3061,5,5,0.2
39.8391,-98.11986,2,1,0.8
39.8137,-98.12016,1,2,0.8
39.79916,-98.12015,4,3,0.8
39.85326,-98.11948,5,4,0.2
39.82821,-98.12002,3,5,0.8
39.84221,-97.85723,1,1,0.8
39.85675,-97.85731,2,2,0.8
39.88555,-97.89502,5,3,0.8
39.8858,-97.85738,3,4,0.8
39.79889,-97.85756,4,5,1.0
39.85672,-97.78234,1,1,0.8
39.87119,-97.78229,2,2,0.8
39.8128,-97.72118,5,3,0.8
39.84222,-97.78227,4,4,0.8
39.81147,-97.70699,3,5,0.8
39.85625,-97.53802,1,1,0.8
39.82724,-97.53798,2,2,0.8
39.81312,-97.53781,3,3,1.0
39.81308,-97.55688,5,4,0.8
39.8132,-97.49984,4,5,0.8
39.81345,-97.36875,1,1,0.8
39.9003,-97.42535,2,2,0.8
39.85676,-97.44397,3,3,0.8
39.81343,-97.40603,4,4,0.8
39.81374,-97.31318,5,5,0.8
39.87177,-97.17174,1,1,0.8
39.88855,-97.16288,2,2,0.8
39.91369,-97.16254,3,3,0.8
39.81368,-97.1683,4,4,1.0
39.90082,-97.16257,5,5,0.8
39.81295,-96.97501,1,1,1.0
39.92964,-97.03081,4,2,0.8
39.81306,-96.99392,5,3,0.8
39.85701,-97.04884,2,4,0.8
39.87148,-97.04905,3,5,0.8
39.84214,-96.82307,1,1,0.8
39.90032,-96.80615,2,2,0.8
39.92936,-96.86259,4,3,0.8
39.87121,-96.78782,3,4,0.8
39.84201,-96.86243,5,5,1.0
39.8566,-96.71257,1,1,0.8
39.92257,-96.65738,2,2,0.8
39.80538,-96.64406,3,3,0.8
39.91034,-96.66689,5,4,0.2
39.94329,-96.65731,4,5,0.8
39.82723,-96.41709,1,1,0.8
39.83619,-96.41706,2,2,0.2
39.84147,-96.46726,3,3,0.2
39.84196,-96.39492,5,4,0.2
39.84176,-96.56843,4,5,0.2
39.87094,-96.34287,3,1,0.8
39.84191,-96.31478,2,2,0.8
39.84213,-96.2959,1,3,0.8
39.84206,-96.27636,5,4,0.8
39.8417,-96.33357,4,5,1.0
39.88543,-96.18277,2,1,0.8
39.8417,-96.12632,1,2,1.0
39.89992,-96.18275,4,3,0.8
39.87054,-96.0895,5,4,0.8
39.82744,-96.12631,3,5,0.8
39.73972,-104.12135,1,1,0.2
39.73293,-103.9266,1,1,0.8
39.74017,-104.00405,5,2,0.2
39.6955,-104.04112,2,3,0.2
39.732,-103.94041,4,4,0.2
39.73995,-104.06784,3,5,0.2
39.74003,-103.79607,1,1,0.8
39.73505,-103.83406,3,2,0.2
39.73701,-103.81992,2,3,0.2
39.73986,-103.74048,4,4,0.2
39.74001,-103.65009,1,1,0.8
39.79323,-103.59317,2,2,0.8
39.7837,-103.59324,3,3,0.8
39.7398,-103.72525,4,4,0.8
39.80582,-103.59307,5,5,0.2
39.73943,-103.42456,1,1,0.8
39.73967,-103.47522,3,2,0.2
39.73985,-103.53264,2,3,0.2
39.7396,-103.45555,4,4,0.2
39.73952,-103.43959,5,5,0.2
39.74004,-103.29277,1,1,0.8
39.7403,-103.27393,2,2,0.8
39.74117,-103.21747,3,3,1.0
39.73955,-103.33052,4,4,0.8
39.74088,-103.23621,5,5,0.8
39.74141,-103.17988,1,1,0.8
39.72761,-103.16056,2,2,0.8
39.74148,-103.19868,3,3,0.8
39.72737,-103.1226,4,4,0.8
39.72735,-103.10725,5,5,0.2
39.75725,-102.97221,1,1,0.8
39.80094,-102.97227,3,2,0.8
39.81551,-102.97231,4,3,0.8
39.74264,-102.97237,2,4,0.8
39.83011,-102.97244,5,5,0.8
39.81616,-102.70698,1,1,0.8
39.77243,-102.70723,3,2,0.8
39.78705,-102.70713,2,3,0.8
39.75785,-102.70728,5,4,0.8
39.80152,-102.70705,4,5,0.8
39.88376,-102.24172,1,1,0.8
39.87496,-102.2499,2,2,0.8
39.77483,-102.2575,3,3,0.8
39.8144,-102.25518,5,4,0.2
39.80461,-102.25507,4,5,0.2
39.85096,-101.88041,1,1,0.8
39.85086,-101.89924,2,2,0.8
39.84841,-101.84247,4,3,0.8
39.82922,-101.84242,5,4,0.8
39.85806,-101.93655,3,5,0.8
39.84385,-101.5411,1,1,0.8
39.82935,-101.54109,2,2,0.8
39.81493,-101.54148,3,3,0.8
39.80039,-101.54172,4,4,0.8
39.91606,-101.54118,5,5,0.8
39.81487,-101.3726,1,1,0.8
39.90052,-101.0467,1,1,0.8
39.88596,-101.04659,2,2,0.8
39.84989,-101.04666,3,3,0.8
39.87481,-101.04661,4,4,0.2
39.86577,-101.04663,5,5,0.2
39.87165,-100.77776,1,1,0.8
39.94419,-100.77687,2,2,0.8
39.86248,-100.77797,3,3,0.2
39.84393,-100.77808,4,4,0.2
39.88166,-100.7776,5,5,0.2
39.8287,-100.63711,1,1,0.8
39.90041,-100.53395,4,1,0.8
39.92938,-100.53388,1,2,0.8
39.87148,-100.534,2,3,0.8
39.94394,-100.53629,3,4,0.8
39.90973,-100.53395,5,5,0.2
39.90013,-99.88824,1,1,0.8
39.91456,-99.8883,3,2,0.8
39.92903,-99.88918,2,3,0.8
39.94351,-99.88917,4,4,0.8
39.95801,-99.88906,5,5,0.8
39.88647,-99.53366,1,1,0.8
39.91523,-99.53374,3,2,0.8
39.8992,-99.53357,2,3,0.8
39.98161,-99.53419,4,4,0.2
39.99086,-99.5342,5,5,0.2
39.91499,-99.32844,1,1,0.8
39.9757,-99.32876,3,2,0.2
39.95454,-99.32858,4,3,0.2
39.9864,-99.45969,2,4,0.8
39.92427,-99.32848,5,5,0.2
40.00223,-98.93483,1,1,1.0
39.95894,-98.93575,4,2,0.8
39.97813,-98.93576,5,3,0.2
39.91553,-98.93574,2,4,0.8
39.98806,-98.93575,3,5,0.8
39.98764,-98.53514,2,1,0.8
39.97308,-98.5421,4,2,0.8
39.95862,-98.54211,1,3,0.8
39.94418,-98.54211,5,4,0.8
40.00238,-98.52331,3,5,1.0
39.97568,-98.3246,1,1,0.8
39.91528,-98.30587,3,2,0.8
40.03141,-98.33033,5,3,0.8
39.92978,-98.30581,4,4,0.8
39.97082,-98.30581,2,5,0.8
39.95833,-98.11762,1,1,0.8
39.92934,-98.11792,3,2,0.8
39.98719,-98.11115,2,3,0.8
39.97283,-98.11748,4,4,0.8
39.94384,-98.11777,5,5,0.8
39.92845,-97.98834,2,1,0.8
39.95768,-97.93189,1,2,0.8
39.92868,-97.9506,4,3,0.8
39.92877,-97.93175,3,4,1.0
39.92859,-97.96945,5,5,0.8
40.01668,-97.80259,2,1,0.8
40.0166,-97.82134,1,2,0.8
39.92916,-97.78221,5,3,1.0
39.95819,-97.76315,4,4,0.8
40.0166,-97.84022,3,5,0.8
39.97185,-97.61316,2,1,0.8
39.92834,-97.61433,3,2,1.0
39.95739,-97.63228,1,3,1.0
40.0167,-97.68956,5,4,1.0
39.95695,-97.6135,4,5,1.0
39.98605,-97.40674,1,1,0.8
39.95865,-97.48121,2,2,0.8
39.98733,-97.38791,4,3,0.8
39.95739,-97.53612,5,4,0.8
39.95855,-97.46343,3,5,0.8
40.01647,-97.3312,1,1,0.8
40.03093,-97.33117,2,2,0.8
39.97361,-97.16279,1,1,0.8
39.95537,-97.16271,5,2,0.8
39.98815,-97.163,2,3,0.8
39.93005,-97.16259,3,4,0.8
40.01609,-97.17086,4,5,0.8
40.00151,-96.86222,1,1,1.0
39.97297,-96.8623,3,2,0.8
39.98745,-96.8623,5,3,0.8
39.94392,-96.86253,4,4,0.8
40.01608,-96.85972,2,5,1.0
40.04506,-96.7274,1,1,0.8
40.01622,-96.82195,2,2,0.8
40.0175,-96.80315,3,3,0.2
40.05194,-96.74615,4,4,0.2
40.01622,-96.83523,5,5,0.2
40.00133,-96.65486,1,1,1.0
39.98686,-96.65734,2,2,0.8
39.92179,-96.60089,3,3,0.2
39.94614,-96.6573,4,4,0.2
40.02475,-96.65225,5,5,0.2
40.0445,-96.40734,3,1,0.8
39.92897,-96.35134,2,2,0.8
40.02542,-96.35023,5,3,0.2
40.04474,-96.36911,4,4,0.8
39.95793,-96.35138,1,5,0.8
39.92893,-96.18273,1,1,0.8
39.98657,-96.16388,2,2,0.2
39.96595,-96.16384,3,3,0.2
40.00057,-95.95661,1,1,0.8
39.93646,-96.05226,2,2,0.2
39.9572,-96.00706,3,3,0.2
39.75591,-104.43323,1,1,1.0
39.85658,-103.59268,4,1,0.8
39.84744,-103.59274,5,2,0.8
39.91513,-103.5924,3,3,0.8
39.82745,-103.59289,1,4,0.8
39.9297,-103.59228,2,5,0.8
39.90117,-103.21848,1,1,0.8
39.91583,-103.21698,2,2,0.8
39.85726,-103.21964,4,3,0.8
39.8868,-103.21833,3,4,0.8
39.87046,-103.21966,5,5,0.2
39.9033,-102.9729,1,1,0.8
39.91795,-102.97314,2,2,0.8
39.93222,-102.97318,3,3,0.8
39.94649,-102.97318,4,4,0.8
39.85939,-102.97254,5,5,0.8
39.90177,-102.70772,1,1,0.8
39.88846,-102.70758,3,2,0.8
39.87395,-102.70745,2,3,0.8
39.93155,-102.7083,5,4,0.8
39.91717,-102.70789,4,5,0.8
39.9482,-102.35497,1,1,0.8
39.94743,-102.37374,2,2,0.8
39.94842,-102.26124,3,3,0.8
39.93402,-102.24202,5,4,0.8
39.94737,-102.39252,4,5,0.8
39.94852,-102.24227,1,1,1.0
40.00312,-102.20897,2,2,0.8
39.97766,-102.24269,3,3,0.8
39.95952,-102.24239,4,4,0.2
39.94506,-101.9364,2,1,0.8
39.95952,-101.93609,1,2,0.8
39.91855,-101.93658,3,3,0.2
39.90178,-101.93668,4,4,0.2
39.95042,-101.54144,1,1,0.2
40.01886,-101.54263,2,2,0.2
39.97173,-101.54172,3,3,0.2
39.97263,-101.05608,2,1,0.8
39.95817,-101.05608,4,2,0.8
39.94371,-101.05605,5,3,0.8
39.98354,-101.05674,1,4,0.8
40.06074,-101.06008,3,5,0.8
40.04831,-100.79052,1,1,0.8
39.99496,-100.77567,2,2,0.8
39.96585,-100.77647,3,3,0.8
40.06439,-100.78634,4,4,0.8
40.01381,-100.77624,5,5,0.2
40.02453,-100.57196,1,1,0.8
40.01657,-100.55254,4,2,0.8
40.07476,-100.59065,2,3,1.0
39.96561,-100.54427,3,4,0.8
40.01559,-100.57138,5,5,0.2
40.04612,-100.45899,1,1,0.8
40.07361,-99.8921,1,1,0.8
40.08874,-99.89223,3,2,0.8
40.01542,-99.89082,2,3,0.8
40.05414,-99.89157,4,4,0.2
40.02468,-99.89099,5,5,0.2
40.05303,-99.44705,1,1,1.0
40.06039,-99.46229,2,2,0.8
40.0528,-99.41436,3,3,0.8
40.07002,-99.4624,4,4,0.2
40.05287,-99.43265,5,5,0.2
40.05255,-99.39607,2,1,0.8
40.08916,-99.30701,1,2,0.8
40.10365,-99.25957,5,3,0.8
40.0531,-99.37118,3,4,1.0
40.10372,-99.29223,4,5,0.8
40.10369,-99.13211,1,1,0.8
40.04105,-99.21643,3,2,0.8
40.10367,-99.16308,2,3,0.8
40.05239,-99.20965,4,4,0.8
40.10343,-99.17916,5,5,0.8
40.06014,-98.94356,1,1,0.8
40.13237,-98.95235,2,2,0.8
40.03175,-98.93355,3,3,0.2
40.02237,-98.93361,5,4,0.2
40.01313,-98.9337,4,5,0.2
40.08938,-98.72464,1,1,0.2
40.09619,-98.87903,2,2,0.2
40.08893,-98.57893,2,1,0.2
40.08888,-98.56164,1,2,0.2
40.08923,-98.40581,1,1,0.8
40.08929,-98.38705,2,2,0.8
40.08922,-98.4205,3,3,0.2
40.08931,-98.37027,5,4,0.2
40.08903,-98.44926,4,5,0.2
40.08948,-98.25825,3,1,0.2
40.08946,-98.19893,4,2,0.8
40.10387,-98.33016,2,3,0.8
40.08948,-98.21781,5,4,0.8
40.08942,-98.27366,1,5,0.8
40.0896,-98.06798,1,1,1.0
40.10414,-98.067,2,2,0.8
40.14768,-98.06714,3,3,1.0
40.08951,-98.12354,4,4,0.8
40.11863,-98.06696,5,5,0.8
40.14714,-97.9151,1,1,0.8
40.14724,-97.93403,2,2,0.8
40.01672,-97.7272,1,1,0.8
40.14723,-97.76486,2,2,0.8
40.14768,-97.68687,3,3,0.2
40.08913,-97.61398,1,1,0.8
40.11818,-97.60898,2,2,0.8
40.06015,-97.614,3,3,0.8
40.04572,-97.61406,4,4,0.8
40.13242,-97.60488,5,5,0.8
40.14715,-97.36918,1,1,0.8
40.14717,-97.35039,2,2,0.8
40.14715,-97.33152,3,3,0.8
40.16169,-97.38825,4,4,0.8
40.14711,-97.38369,5,5,0.2
40.10312,-97.19,2,1,0.8
40.10325,-97.21828,1,2,0.8
40.10329,-97.2371,3,3,0.8
40.1013,-97.25308,4,4,0.8
40.13197,-97.10527,5,5,0.8
40.1319,-97.02971,1,1,0.8
40.132,-97.01081,2,2,0.8
40.13199,-96.99175,3,3,0.8
40.13186,-97.08623,4,4,1.0
40.13177,-97.06743,5,5,0.8
40.13233,-96.80322,1,1,1.0
40.13223,-96.84102,3,2,0.8
40.1031,-96.8032,2,3,0.8
40.13219,-96.7847,4,4,0.8
40.13216,-96.8598,5,5,0.8
40.08831,-96.65599,1,1,0.8
40.04476,-96.65222,3,2,1.0
40.11758,-96.74683,2,3,1.0
40.05926,-96.65227,5,4,0.8
40.11755,-96.72782,4,5,0.8
40.132,-96.50146,2,1,0.8
40.04463,-96.46375,1,2,0.8
40.04468,-96.44501,4,3,0.8
40.1035,-96.53936,5,4,0.8
40.04469,-96.48297,3,5,1.0
40.04457,-96.3502,1,1,1.0
40.10977,-96.29355,3,2,0.8
40.08828,-96.35037,5,3,0.8
40.10995,-96.31257,4,4,0.8
40.11733,-96.35033,2,5,0.8
40.10909,-96.10472,1,1,0.8
40.10913,-96.08602,2,2,0.8
40.10925,-96.04833,3,3,0.8
40.07088,-96.04838,5,4,0.2
40.10006,-96.04836,4,5,0.2
39.98822,-103.59163,3,1,0.8
39.97356,-103.59179,1,2,0.8
40.00133,-103.59167,4,3,0.8
39.95886,-103.59197,2,4,0.8
39.94431,-103.59212,5,5,0.8
40.03092,-103.56681,1,1,0.8
39.99553,-103.21771,1,1,0.8
40.04572,-103.20864,3,2,0.8
39.97407,-103.2178,4,3,0.8
40.03123,-103.20856,2,4,0.8
40.00926,-103.20833,5,5,0.2
40.00544,-102.96312,1,1,1.0
40.03175,-102.96363,3,2,0.8
40.01706,-102.96331,2,3,0.8
40.05403,-102.96392,4,4,1.0
39.99961,-102.97334,5,5,0.8
40.0463,-102.71899,1,1,0.8
40.06065,-102.71927,2,2,0.8
40.07517,-102.71936,3,3,0.8
39.99733,-102.7101,4,4,0.8
40.00465,-102.71789,5,5,0.8
40.11585,-102.62425,2,1,0.8
40.11397,-102.60542,1,2,0.8
40.06108,-102.52974,3,3,0.8
40.08418,-102.52996,5,4,0.2
40.11289,-102.59365,4,5,0.2
40.09793,-102.38044,1,1,0.8
40.09517,-102.36754,2,2,0.8
40.10119,-102.40896,3,3,0.2
40.10256,-102.42172,4,4,0.2
40.06112,-102.51331,5,5,0.2
40.00318,-102.23119,1,1,1.0
40.01761,-102.22772,2,2,0.8
39.99949,-102.24306,3,3,0.8
40.08155,-102.32267,4,4,0.8
40.08804,-102.3345,5,5,0.2
40.10508,-101.53124,1,1,0.8
40.09503,-101.53133,3,2,0.2
40.14869,-101.53098,2,3,0.8
40.11434,-101.53118,5,4,0.2
40.08609,-101.53146,4,5,0.2
40.09035,-101.23027,1,1,0.8
40.16959,-101.14927,2,2,0.2
40.10722,-101.23043,3,3,0.2
40.07536,-101.05999,1,1,0.8
40.10406,-100.98462,2,2,0.8
40.16083,-101.06373,4,3,0.2
40.09062,-101.05921,5,4,0.2
40.11384,-100.98467,3,5,0.2
40.15817,-100.81596,1,1,0.8
40.13595,-100.81596,3,2,0.2
40.17441,-100.81736,2,3,0.8
40.06937,-100.78743,4,4,0.2
40.14762,-100.81594,5,5,0.2
40.08528,-100.60027,1,1,1.0
40.11965,-100.61175,2,2,0.8
40.13934,-100.61834,3,3,0.2
40.13066,-100.61556,4,4,0.2
40.1081,-100.60605,5,5,0.2
40.17518,-100.40199,1,1,0.8
40.14626,-100.28796,1,1,0.8
40.13164,-100.28766,2,2,0.8
40.19,-100.29232,4,3,0.2
40.20346,-100.29851,5,4,0.2
40.11722,-100.28733,3,5,0.8
40.14746,-100.0994,4,1,0.8
40.17638,-100.09966,1,2,0.8
40.20548,-100.09974,3,3,0.8
40.16175,-100.15634,2,4,0.8
40.16192,-100.09954,5,5,0.8
40.13101,-99.92848,1,1,0.8
40.14581,-99.8948,2,2,0.8
40.17536,-99.89205,4,3,0.8
40.13143,-99.91302,5,4,0.8
40.16098,-99.89469,3,5,0.8
40.16132,-99.63942,1,1,0.8
40.17602,-99.63904,2,2,0.8
40.19038,-99.63941,3,3,0.8
40.15185,-99.63936,4,4,0.2
40.19941,-99.63935,5,5,0.2
40.13274,-99.40506,1,1,1.0
40.13275,-99.36759,2,2,1.0
40.17621,-99.36799,3,3,0.8
40.19108,-99.36852,4,4,0.8
40.14733,-99.3674,5,5,0.8
40.205,-98.95246,1,1,1.0
40.19044,-98.95253,3,2,0.8
40.17589,-98.95265,4,3,0.8
40.21964,-98.95239,2,4,0.8
40.14687,-98.95242,5,5,0.8
40.17605,-98.51939,3,1,1.0
40.19048,-98.51934,4,2,0.8
40.14685,-98.51904,5,3,0.8
40.1759,-98.50058,2,4,0.8
40.20503,-98.51938,1,5,0.8
40.20538,-98.33036,1,1,0.8
40.1473,-98.33027,2,2,0.8
40.13281,-98.33004,4,3,0.8
40.24878,-98.33058,3,4,0.8
40.17625,-98.33026,5,5,0.8
40.23481,-98.06733,1,1,1.0
40.14733,-98.00987,3,2,0.8
40.14749,-98.02868,2,3,0.8
40.14787,-98.04802,4,4,0.8
40.16222,-98.06856,5,5,0.8
40.14716,-97.80264,1,1,0.8
40.1473,-97.82081,2,2,0.8
40.14716,-97.77842,3,3,0.2
40.20539,-97.57659,1,1,1.0
40.17606,-97.72692,2,2,0.8
40.21993,-97.57665,3,3,0.8
40.23441,-97.72685,4,4,0.8
40.21992,-97.72659,5,5,0.8
40.17618,-97.38812,1,1,0.8
40.14695,-97.48217,2,2,0.8
40.14702,-97.46357,3,3,0.8
40.19539,-97.38796,4,4,0.2
40.21896,-97.3879,5,5,0.2
40.16077,-97.30843,1,1,1.0
40.14701,-97.29383,2,2,0.8
40.14687,-97.26029,3,3,0.8
40.14718,-97.3126,4,4,0.8
40.24885,-97.34988,5,5,0.8
40.16753,-97.12417,2,1,0.8
40.19003,-97.04839,1,2,0.8
40.19003,-97.02947,4,3,0.8
40.14636,-97.08627,3,4,0.8
40.20488,-97.1801,5,5,0.8
40.2096,-96.93532,1,1,1.0
40.21772,-96.91635,2,2,0.8
40.2047,-96.91634,3,3,0.8
40.19016,-96.93533,4,4,0.8
40.1756,-96.93527,5,5,0.8
40.22082,-96.79559,1,1,1.0
40.14095,-96.74637,4,2,1.0
40.19036,-96.80326,2,3,0.8
40.21944,-96.8223,3,4,0.8
40.23393,-96.79703,5,5,0.8
40.24778,-96.59581,1,1,0.8
40.23343,-96.59556,3,2,0.8
40.26722,-96.55981,4,3,1.0
40.18973,-96.50146,2,4,0.8
40.26247,-96.59579,5,5,1.0
40.21905,-96.35039,1,1,0.8
40.24813,-96.36942,2,2,0.8
40.24768,-96.46365,4,3,0.8
40.24641,-96.35084,3,4,0.8
40.20451,-96.35032,5,5,0.8
40.18956,-96.19906,1,1,0.8
40.18578,-96.15164,5,2,1.0
40.18961,-96.27452,2,3,0.8
40.18961,-96.29335,3,4,1.0
40.23332,-96.18008,4,5,0.8
40.18907,-96.01029,1,1,0.8
40.1745,-95.99184,2,2,0.8
40.2211,-96.01024,4,3,0.2
40.29036,-96.0102,3,4,0.8
40.17619,-96.02784,5,5,0.2
40.07336,-104.41428,1,1,1.0
40.01553,-104.07515,1,1,1.0
40.04458,-104.05627,2,2,1.0
40.07361,-104.05628,3,3,1.0
40.07322,-103.79262,1,1,1.0
40.08363,-103.79266,2,2,0.8
40.07378,-103.5851,1,1,1.0
40.1027,-103.59762,2,2,0.8
40.11714,-103.59451,5,3,0.8
40.08813,-103.60079,3,4,0.8
40.07387,-103.60237,4,5,1.0
40.11843,-103.20935,2,1,0.8
40.10427,-103.20868,1,2,0.8
40.08977,-103.2087,3,3,0.8
40.075,-103.209,5,4,0.8
40.06074,-103.20854,4,5,0.8
40.1553,-103.04005,1,1,0.8
40.15415,-103.09691,3,2,0.8
40.15556,-103.06846,2,3,0.8
40.15228,-103.00276,4,4,0.8
40.15318,-103.11587,5,5,0.8
40.14861,-102.87022,3,1,0.8
40.14887,-102.88924,5,2,0.8
40.14821,-102.85122,1,3,0.8
40.14786,-102.83219,2,4,0.8
40.14755,-102.81322,4,5,0.8
40.16176,-102.71842,1,1,0.8
40.17617,-102.71824,2,2,0.8
40.19067,-102.7183,3,3,0.8
40.20518,-102.71831,4,4,0.8
40.1177,-102.6433,5,5,1.0
40.1633,-102.49071,3,1,0.8
40.13368,-102.54694,1,2,0.8
40.13345,-102.56711,2,3,0.8
40.13346,-102.58601,5,4,0.8
40.19258,-102.49051,4,5,0.8
40.16929,-102.24638,1,1,0.8
40.21284,-102.24601,2,2,0.8
40.13299,-102.22914,3,3,0.8
40.20338,-102.24622,5,4,0.2
40.19399,-102.24616,4,5,0.2
40.23538,-101.5309,2,1,0.8
40.19251,-101.53067,1,2,0.8
40.21508,-101.53073,3,3,0.2
40.18344,-101.53063,5,4,0.2
40.20234,-101.5307,4,5,0.2
40.17621,-101.11636,1,1,0.8
40.17635,-101.06514,4,2,1.0
40.20555,-101.02142,2,3,0.8
40.24924,-101.02207,3,4,0.8
40.2149,-101.02238,5,5,0.2
40.22465,-100.92876,1,1,0.8
40.26351,-100.89094,2,2,0.8
40.23364,-100.90968,3,3,0.8
40.20793,-100.96257,4,4,1.0
40.26619,-101.01722,5,5,0.2
40.25963,-100.83504,1,1,0.2
40.19805,-100.82938,2,2,0.2
40.25714,-100.65105,1,1,1.0
40.28129,-100.64981,2,2,0.8
40.26645,-100.65,3,3,0.8
40.22792,-100.5189,4,4,0.2
40.2446,-100.65002,5,5,0.2
40.29272,-100.42111,3,1,0.8
40.27803,-100.42115,1,2,0.8
40.19053,-100.40231,2,3,0.8
40.30738,-100.42106,4,4,0.8
40.26784,-100.42112,5,5,0.2
40.29187,-100.21492,1,1,0.8
40.23398,-100.16648,2,2,0.8
40.33555,-100.21633,4,3,0.8
40.30701,-100.21541,5,4,0.8
40.21216,-100.16309,3,5,0.8
40.2418,-100.11887,2,1,0.8
40.27781,-100.00568,1,2,0.8
40.23452,-100.11146,3,3,0.2
40.22357,-100.10927,4,4,0.2
40.2522,-100.11894,5,5,0.2
40.30731,-99.78055,1,1,1.0
40.30717,-99.8191,2,2,0.8
40.21967,-99.89264,3,3,0.8
40.30704,-99.84641,4,4,0.2
40.30725,-99.79954,5,5,0.8
40.30738,-99.76071,1,1,1.0
40.3068,-99.71566,2,2,0.8
40.30725,-99.66812,3,3,0.8
40.30751,-99.65016,5,4,0.8
40.30678,-99.60283,4,5,0.8
40.30705,-99.51741,1,1,0.8
40.3077,-99.46135,2,2,0.8
40.30708,-99.5458,3,3,1.0
40.34942,-99.51732,5,4,0.8
40.30751,-99.49924,4,5,0.8
40.30716,-99.33023,1,1,0.8
40.3071,-99.36839,2,2,1.0
40.30719,-99.38738,3,3,0.8
40.33635,-99.36852,4,4,0.8
40.30841,-99.40429,5,5,0.8
40.29253,-99.16119,1,1,1.0
40.32155,-99.16132,2,2,1.0
40.2926,-99.17927,3,3,0.8
40.29245,-99.1234,4,4,0.8
40.29269,-99.23643,5,5,1.0
40.27798,-98.9524,2,1,1.0
40.29251,-98.95257,1,2,1.0
40.29233,-98.97164,3,3,0.8
40.29234,-99.0096,4,4,0.8
40.29239,-99.0476,5,5,1.0
40.29153,-98.78357,1,1,0.8
40.29149,-98.84015,2,2,0.8
40.29165,-98.859,4,3,0.8
40.35037,-98.78539,5,4,0.8
40.29147,-98.80239,3,5,0.8
40.29211,-98.59484,1,1,1.0
40.2923,-98.63263,2,2,0.8
40.29227,-98.65157,3,3,0.8
40.29206,-98.55734,5,4,0.8
40.29222,-98.61367,4,5,0.8
40.29326,-98.44716,1,1,1.0
40.292,-98.42501,2,2,0.8
40.29189,-98.51992,3,3,1.0
40.29204,-98.48203,5,4,0.8
40.29218,-98.46304,4,5,0.8
40.29237,-98.31142,1,1,0.8
40.29283,-98.19948,4,2,0.8
40.33588,-98.33038,3,3,0.8
40.36487,-98.31585,5,4,0.8
40.29241,-98.33041,2,5,1.0
40.37245,-98.05195,1,1,1.0
40.35087,-98.05877,3,2,0.8
40.36512,-98.07098,5,3,0.8
40.29294,-98.08591,4,4,0.8
40.29299,-98.06716,2,5,1.0
40.30728,-97.89682,1,1,1.0
40.30727,-97.91573,2,2,0.8
40.30713,-97.93452,3,3,0.8
40.29266,-97.89681,4,4,0.8
40.27805,-97.89663,5,5,0.8
40.30529,-97.76518,1,1,0.8
40.27798,-97.72705,2,2,0.8
40.26344,-97.72696,3,3,0.8
40.24894,-97.72689,5,4,0.8
40.30716,-97.74582,4,5,0.8
40.30715,-97.57674,1,1,1.0
40.30729,-97.59421,2,2,0.8
40.29253,-97.57678,3,3,0.8
40.36507,-97.57727,5,4,0.8
40.30735,-97.61334,4,5,0.8
40.32128,-97.38803,1,1,1.0
40.30687,-97.38801,3,2,0.8
40.32145,-97.35014,4,3,0.8
40.29229,-97.38796,5,4,0.8
40.32133,-97.36888,2,5,1.0
40.32065,-97.17998,2,1,1.0
40.32066,-97.1989,1,2,0.8
40.33515,-97.17979,3,3,0.8
40.32073,-97.21768,4,4,0.8
40.36442,-97.17902,5,5,0.8
40.30616,-97.02914,1,1,0.8
40.30616,-97.06684,2,2,0.8
40.30622,-97.08596,3,3,0.8
40.30622,-97.10487,5,4,0.8
40.30603,-97.04797,4,5,0.8
40.30638,-96.87955,1,1,1.0
40.31735,-96.83291,5,2,0.8
40.30624,-96.91363,3,3,1.0
40.30646,-96.84154,2,4,0.8
40.29789,-96.86062,4,5,0.8
40.3784,-96.68571,1,1,1.0
40.33536,-96.70872,3,2,0.8
40.37827,-96.62859,2,3,0.8
40.3782,-96.60987,4,4,0.8
40.37835,-96.66681,5,5,0.8
40.37809,-96.5395,3,1,1.0
40.34914,-96.53966,1,2,0.8
40.33481,-96.53935,2,3,0.8
40.36361,-96.53961,4,4,0.8
40.29598,-96.4826,5,5,0.8
40.36353,-96.27434,1,1,0.8
40.36607,-96.23972,3,2,0.2
40.36353,-96.26187,2,3,0.2
40.37812,-96.08516,2,1,0.8
40.378,-96.14184,1,2,0.8
40.27684,-96.16083,5,3,0.8
40.37817,-96.0662,3,4,0.8
40.27668,-96.0857,4,5,0.8
40.20379,-104.11236,1,1,1.0
40.2326,-103.96194,3,2,0.8
40.24873,-103.9995,4,3,0.8
40.23277,-103.99943,2,4,0.8
40.23254,-103.92433,1,1,1.0
40.21763,-103.84926,4,2,0.8
40.21773,-103.86834,3,3,0.8
40.21758,-103.83027,2,4,0.8
40.23238,-103.9063,5,5,0.8
40.25391,-103.6972,1,1,1.0
40.26786,-103.69702,2,2,1.0
40.1887,-103.75458,4,3,0.8
40.22105,-103.6976,3,4,0.2
40.25398,-103.72218,5,5,0.2
40.2604,-103.53851,1,1,0.2
40.25827,-103.52477,3,2,0.2
40.25293,-103.50168,4,3,0.2
40.26226,-103.55048,2,4,0.2
40.25593,-103.51303,5,5,0.2
40.22605,-103.39731,1,1,0.8
40.22121,-103.37867,2,2,0.2
40.21041,-103.33823,3,3,0.2
40.23054,-103.41563,4,4,0.2
40.23542,-103.20956,1,1,0.8
40.20599,-103.20905,3,2,0.8
40.22054,-103.2092,2,3,0.8
40.29318,-103.21259,4,4,0.8
40.1956,-103.20862,5,5,0.2
40.26625,-102.96594,1,1,0.8
40.23696,-102.96608,4,2,0.8
40.28059,-102.96637,2,3,0.8
40.22236,-102.96589,3,4,0.8
40.29496,-102.96656,5,5,0.8
40.27791,-102.71817,3,1,0.8
40.2633,-102.71841,2,2,0.8
40.24877,-102.71837,1,3,0.8
40.23417,-102.71832,4,4,0.8
40.30694,-102.71825,2,1,0.8
40.2924,-102.71819,1,2,0.8
40.2503,-102.50969,1,1,0.8
40.23584,-102.50935,3,2,0.8
40.26492,-102.50958,2,3,0.8
40.27069,-102.24562,2,1,0.8
40.23131,-102.24563,1,2,0.8
40.25911,-102.24527,3,3,0.2
40.24931,-102.24535,4,4,0.2
40.35218,-102.26958,5,5,0.2
40.32149,-101.53165,1,1,0.8
40.35004,-101.53212,2,2,0.8
40.2926,-101.53147,3,3,0.8
40.3644,-101.53238,4,4,0.8
40.30701,-101.53157,5,5,0.8
40.35246,-101.38032,1,1,0.8
40.37949,-101.38079,2,2,0.8
40.36159,-101.38049,3,3,0.2
40.41112,-101.03238,1,1,0.8
40.3937,-101.06965,2,2,0.8
40.33161,-101.00831,4,3,0.2
40.31508,-101.00833,3,4,0.2
40.40156,-101.03227,5,5,0.2
40.37918,-100.64659,1,1,0.8
40.30341,-100.64947,2,2,0.8
40.32964,-100.645,4,3,0.2
40.39821,-100.64694,5,4,0.2
40.41623,-100.6474,3,5,0.8
40.35061,-100.42212,1,1,0.8
40.32934,-100.42186,3,2,0.2
40.33871,-100.42229,2,3,0.2
40.32091,-100.32874,2,1,0.8
40.35227,-100.30792,1,2,0.8
40.34284,-100.31046,3,3,0.2
40.3336,-100.31032,4,4,0.2
40.3822,-100.20567,1,1,1.0
40.42395,-100.20997,2,2,1.0
40.40882,-100.21,3,3,0.2
40.3913,-100.20884,4,4,0.2
40.42352,-99.89628,2,1,0.8
40.38008,-99.9011,3,2,0.8
40.40902,-99.89638,1,3,0.8
40.39648,-99.89649,4,4,0.2
40.43573,-99.89292,5,5,0.2
40.4518,-99.43814,1,1,1.0
40.39327,-99.4546,2,2,0.8
40.40799,-99.42554,3,3,0.8
40.42271,-99.4925,5,4,0.8
40.39894,-99.43594,4,5,0.8
40.38238,-99.21782,1,1,1.0
40.39989,-99.25557,4,2,0.8
40.40879,-99.27478,2,3,0.8
40.39411,-99.24309,3,4,0.8
40.42227,-99.30388,5,5,0.8
40.40863,-99.06553,1,1,0.8
40.36513,-99.06546,2,2,1.0
40.43767,-99.06569,5,3,0.8
40.42571,-99.06566,3,4,0.8
40.39411,-99.06544,4,5,0.8
40.43761,-98.93277,1,1,1.0
40.43764,-98.95176,2,2,1.0
40.42311,-98.95178,3,3,0.8
40.40855,-98.95169,4,4,0.8
40.39404,-98.95167,5,5,0.8
40.39423,-98.64786,1,1,0.8
40.48078,-98.68646,2,2,0.8
40.40847,-98.8001,3,3,0.8
40.43724,-98.79994,4,4,0.8
40.40827,-98.64784,5,5,0.8
40.43973,-98.51502,1,1,0.8
40.45195,-98.51555,3,2,0.8
40.43751,-98.49657,2,3,0.8
40.46438,-98.51624,4,4,0.8
40.43722,-98.59126,5,5,0.8
40.46632,-98.34986,1,1,1.0
40.43727,-98.40181,2,2,1.0
40.48086,-98.35379,4,3,1.0
40.43731,-98.33489,3,4,0.8
40.36484,-98.33494,5,5,1.0
40.43755,-98.18437,1,1,0.8
40.43757,-98.16533,2,2,0.8
40.43751,-98.20344,3,3,0.8
40.43761,-98.14648,4,4,0.8
40.43746,-98.22237,5,5,0.8
40.42304,-97.9571,1,1,1.0
40.42326,-97.99503,5,2,0.8
40.42328,-98.05151,2,3,1.0
40.42316,-98.01397,4,4,0.8
40.43756,-97.97608,3,5,1.0
40.42319,-97.86222,1,1,1.0
40.42297,-97.80473,3,2,0.8
40.423,-97.76676,2,3,0.8
40.42299,-97.78568,4,4,0.8
40.42306,-97.90029,5,5,0.8
40.42312,-97.65318,1,1,0.8
40.42303,-97.63403,2,2,0.8
40.42306,-97.672,3,3,0.8
40.45188,-97.59603,4,4,0.8
40.46637,-97.59597,5,5,0.8
40.42308,-97.52041,1,1,0.8
40.42323,-97.53938,2,2,0.8
40.42301,-97.40669,3,3,0.8
40.51015,-97.48275,5,4,0.8
40.46639,-97.38764,4,5,0.8
40.42273,-97.2549,1,1,0.8
40.42263,-97.23596,3,2,0.8
40.42274,-97.27405,2,3,0.8
40.51018,-97.31163,4,4,0.8
40.42258,-97.21692,5,5,0.8
40.4222,-97.08444,1,1,0.8
40.48027,-97.12221,5,2,0.8
40.48025,-97.10343,2,3,0.8
40.42256,-97.17898,4,4,1.0
40.45119,-97.08442,3,5,0.8
40.422,-96.96097,1,1,0.8
40.46557,-96.91334,5,2,0.8
40.42213,-96.85637,2,3,0.8
40.41032,-96.96083,3,4,0.8
40.43661,-96.96111,4,5,0.8
40.46394,-96.73695,1,1,1.0
40.46684,-96.70942,2,2,1.0
40.45088,-96.74199,3,3,0.8
40.4653,-96.7608,4,4,0.8
40.46538,-96.72307,5,5,0.8
40.46529,-96.60984,1,1,1.0
40.46524,-96.59088,2,2,0.8
40.47976,-96.61007,3,3,0.8
40.46536,-96.64757,5,4,0.8
40.49422,-96.61029,4,5,0.8
40.465,-96.46367,1,1,0.8
40.46499,-96.43691,2,2,0.2
40.43585,-96.18933,1,1,0.8
40.45065,-96.17987,4,2,0.8
40.42145,-96.21782,2,3,0.8
40.42148,-96.17984,5,4,1.0
40.42148,-96.19883,3,5,0.8
40.37822,-96.04734,1,1,0.8
40.37983,-96.01075,4,2,1.0
40.45314,-96.00953,5,3,0.2
40.43614,-96.0095,2,4,0.8
40.39275,-95.97157,3,5,0.8
40.31979,-103.97962,1,1,0.8
40.26147,-103.92433,2,2,1.0
40.31997,-104.05521,3,3,1.0
40.29095,-104.05544,4,4,1.0
40.2904,-103.92364,5,5,0.8
40.31919,-103.76306,1,1,0.8
40.31936,-103.73485,2,2,0.8
40.30945,-103.73482,3,3,0.2
40.29944,-103.59347,1,1,0.8
40.29107,-103.59817,2,2,0.2
40.35149,-103.52618,1,1,0.2
40.30762,-103.21322,1,1,0.8
40.38311,-103.21715,2,2,0.2
40.37344,-103.2171,3,3,0.2
40.34298,-103.21679,4,4,0.2
40.31777,-103.21367,5,5,0.2
40.40844,-103.00775,1,1,0.8
40.36825,-103.0073,2,2,0.8
40.37744,-103.00788,3,3,0.2
40.36513,-102.99601,4,4,0.2
40.3514,-102.92859,1,1,0.8
40.35119,-102.94766,5,2,0.8
40.35192,-102.85625,4,3,0.8
40.35173,-102.89425,3,4,0.8
40.35161,-102.90942,2,5,0.8
40.34905,-102.71753,1,1,1.0
40.38024,-102.70321,2,2,0.8
40.36577,-102.70331,3,3,0.8
40.39485,-102.68392,4,4,0.8
40.35157,-102.70431,5,5,0.8
40.39579,-102.62628,1,1,1.0
40.40946,-102.62625,2,2,0.8
40.42403,-102.62609,3,3,0.8
40.39489,-102.63886,4,4,0.2
40.4401,-102.30124,2,1,0.8
40.39285,-102.28816,1,2,0.8
40.4214,-102.30095,4,3,0.2
40.40502,-102.29571,3,4,0.2
40.44917,-102.30122,5,5,0.2
40.3677,-102.26901,1,1,0.2
40.38481,-102.27974,2,2,0.2
40.465,-101.83648,1,1,1.0
40.49399,-101.83673,2,2,0.8
40.46512,-101.79875,4,3,0.8
40.46513,-101.81752,3,4,0.8
40.46513,-101.85465,5,5,0.8
40.49546,-101.49556,1,1,0.8
40.48773,-101.41944,2,2,0.8
40.45882,-101.40006,4,3,0.8
40.48057,-101.40991,3,4,0.8
40.48752,-101.43835,5,5,0.8
40.44601,-101.38863,1,1,0.2
40.47328,-101.02577,1,1,0.8
40.46267,-101.02628,3,2,0.2
40.4403,-101.02814,2,3,0.2
40.42661,-101.03268,4,4,0.2
40.45198,-100.64863,1,1,0.8
40.43731,-100.64843,3,2,0.8
40.53311,-100.64874,2,3,0.8
40.47778,-100.64867,5,4,0.2
40.51594,-100.65007,4,5,0.2
40.53762,-100.34957,2,1,0.2
40.55477,-100.43639,1,2,0.2
40.48245,-100.22858,1,1,0.8
40.49702,-100.22877,3,2,0.8
40.46053,-100.22835,2,3,0.8
40.45153,-100.20977,4,4,0.8
40.54125,-100.26807,5,5,0.8
40.4961,-99.88711,1,1,0.8
40.51058,-99.89018,2,2,0.8
40.53277,-99.89094,3,3,0.8
40.45259,-99.88698,4,4,0.8
40.43807,-99.89136,5,5,0.8
40.54613,-99.67964,1,1,0.8
40.55366,-99.69903,2,2,0.8
40.49645,-99.64421,3,3,0.8
40.5572,-99.62498,4,4,0.2
40.50321,-99.56942,3,1,1.0
40.5104,-99.51217,1,2,0.8
40.52481,-99.51207,2,3,0.8
40.51006,-99.58692,4,4,1.0
40.49559,-99.54993,5,5,1.0
40.52529,-99.37989,1,1,0.8
40.51064,-99.37988,2,2,0.8
40.53873,-99.38073,3,3,0.8
40.49631,-99.37962,4,4,0.8
40.55382,-99.38068,5,5,0.8
40.47062,-99.17948,1,1,0.8
40.52481,-99.08474,5,2,0.8
40.5393,-99.08471,2,3,0.8
40.51035,-99.08473,3,4,0.8
40.46792,-99.1985,4,5,0.8
40.49198,-99.02795,1,1,1.0
40.49541,-99.00347,2,2,0.8
40.55386,-98.95181,4,3,0.8
40.56838,-98.95182,3,4,0.8
40.48111,-99.02791,5,5,0.8
40.5388,-98.80009,1,1,0.8
40.52443,-98.79998,2,2,0.8
40.53206,-98.87588,3,3,1.0
40.55607,-98.81903,5,4,0.8
40.54799,-98.83791,4,5,0.8
40.52417,-98.62911,1,1,1.0
40.56771,-98.6481,2,2,1.0
40.53501,-98.62912,3,3,0.8
40.53866,-98.64812,4,4,0.8
40.52416,-98.64815,5,5,0.8
40.54829,-98.45337,1,1,1.0
40.52447,-98.45904,2,2,1.0
40.53896,-98.44003,3,3,1.0
40.55349,-98.43627,4,4,0.8
40.50994,-98.45903,5,5,0.8
40.54766,-98.29747,3,1,1.0
40.53924,-98.30362,1,2,1.0
40.56781,-98.29238,2,3,1.0
40.58226,-98.27832,4,4,1.0
40.58226,-98.26015,5,5,1.0
40.58266,-98.10906,1,1,1.0
40.58266,-98.05163,2,2,1.0
40.58277,-98.08975,3,3,0.8
40.56823,-98.05163,5,4,0.8
40.52476,-98.10856,4,5,0.8
40.52463,-97.8624,1,1,1.0
40.52458,-97.91935,2,2,0.8
40.52458,-97.90047,3,3,0.8
40.52458,-97.93818,4,4,0.8
40.58297,-97.9008,5,5,0.8
40.52443,-97.72894,1,1,0.8
40.52445,-97.74782,2,2,0.8
40.52437,-97.70989,4,3,0.8
40.5245,-97.76683,3,4,0.8
40.52454,-97.7858,5,5,0.8
40.56779,-97.5956,1,1,0.8
40.51026,-97.52065,2,2,0.8
40.5103,-97.50171,4,3,0.8
40.50997,-97.53966,3,4,0.8
40.57836,-97.59564,5,5,0.2
40.51013,-97.44451,1,1,0.8
40.51003,-97.42252,2,2,0.2
40.51002,-97.33539,3,3,0.2
40.51004,-97.34843,4,4,0.2
40.58229,-97.17911,1,1,0.8
40.59683,-97.17903,2,2,0.8
40.50959,-97.21692,5,3,0.8
40.53869,-97.17905,4,4,0.8
40.50952,-97.17923,3,5,1.0
40.6266,-97.02741,1,1,0.8
40.6358,-97.02736,2,2,0.2
40.5958,-96.87597,2,1,1.0
40.53766,-96.83679,1,2,0.8
40.62474,-96.81176,4,3,0.8
40.49491,-96.85551,5,4,0.8
40.62488,-96.83837,3,5,0.8
40.53758,-96.70841,1,1,1.0
40.57379,-96.70434,3,2,0.8
40.5983,-96.60311,5,3,1.0
40.56706,-96.62952,2,4,1.0
40.53793,-96.66675,4,5,0.8
40.53817,-96.55121,1,1,1.0
40.55228,-96.50152,2,2,0.8
40.53791,-96.51255,5,3,0.2
40.59649,-96.57259,4,4,0.8
40.50849,-96.5018,3,5,0.8
40.53732,-96.23652,1,1,0.8
40.53736,-96.25562,2,2,0.8
40.53734,-96.22447,3,3,0.2
40.53751,-96.17964,1,1,1.0
40.53748,-96.19858,2,2,0.8
40.58098,-96.17948,3,3,0.8
40.59567,-96.06743,5,4,0.8
40.59551,-96.17932,4,5,1.0
40.43667,-103.80029,2,1,0.8
40.46597,-103.80315,1,2,0.8
40.45134,-103.80339,3,3,0.8
40.42739,-103.80145,4,4,0.2
40.4756,-103.80318,5,5,0.2
40.45037,-103.59964,1,1,0.8
40.4649,-103.59998,2,2,0.8
40.43585,-103.59931,4,3,0.8
40.47944,-103.60029,3,4,0.8
40.49392,-103.60064,5,5,0.8
40.47956,-103.31287,2,1,0.8
40.46436,-103.44596,1,2,0.8
40.45006,-103.36449,3,3,0.2
40.45966,-103.29851,5,4,0.2
40.46436,-103.4309,4,5,0.2
40.51125,-103.00832,4,1,0.8
40.51015,-103.08474,2,2,0.8
40.46664,-103.00795,3,3,0.8
40.42293,-103.00772,5,4,0.8
40.48914,-103.00813,1,5,0.8
40.49707,-102.83636,1,1,0.8
40.46726,-102.83677,4,2,0.8
40.54046,-102.83731,2,3,0.8
40.55554,-102.83754,3,4,1.0
40.51158,-102.83685,5,5,0.8
40.43861,-102.62643,1,1,0.8
40.58514,-102.47511,2,1,0.8
40.57062,-102.47505,1,2,0.8
40.52734,-102.30155,2,1,0.8
40.54195,-102.30185,1,2,0.8
40.51269,-102.30151,3,3,0.8
40.49599,-102.30143,5,4,0.2
40.46419,-102.30136,4,5,0.2
40.58581,-102.11009,1,1,0.8
40.58575,-102.12918,2,2,0.8
40.58584,-102.09107,3,3,0.8
40.5857,-102.14833,4,4,0.8
40.58193,-102.05155,5,5,0.8
40.53771,-101.93134,1,1,0.8
40.53729,-101.94927,4,2,0.8
40.53781,-101.9119,2,3,0.8
40.53775,-101.89395,3,4,0.8
40.53768,-101.87538,5,5,0.8
40.53755,-101.77972,1,1,0.8
40.53753,-101.79944,2,2,0.8
40.5376,-101.74163,3,3,0.8
40.53766,-101.72273,4,4,0.8
40.53751,-101.81843,5,5,0.8
40.56661,-101.62881,1,1,0.8
40.49457,-101.57154,2,2,0.8
40.55614,-101.6289,3,3,0.2
40.60578,-101.62878,5,4,0.2
40.5768,-101.62879,4,5,0.2
40.64726,-101.06361,1,1,0.8
40.59233,-101.02664,4,2,0.2
40.61951,-101.02732,2,3,0.8
40.63318,-101.04494,3,4,0.8
40.63887,-101.05446,5,5,0.2
40.54789,-100.64171,1,1,0.8
40.60322,-100.62968,2,2,0.8
40.57447,-100.62977,3,3,0.2
40.61295,-100.62987,4,4,0.2
40.55561,-100.63531,5,5,0.2
40.59394,-100.49223,1,1,0.8
40.56714,-100.45903,3,2,0.8
40.64176,-100.45766,4,3,0.8
40.58495,-100.48228,2,4,0.8
40.60439,-100.50087,5,5,0.2
40.54092,-100.31855,1,1,0.8
40.54071,-100.33688,2,2,0.2
40.54085,-100.3056,3,3,0.2
40.66319,-99.98176,1,1,0.8
40.65624,-99.96603,5,2,0.8
40.61556,-99.88692,2,3,0.8
40.62009,-99.90607,4,4,0.8
40.68521,-100.0009,3,5,0.8
40.68167,-99.82789,1,1,1.0
40.62326,-99.8385,2,2,0.8
40.58661,-99.78889,4,3,0.8
40.58747,-99.8031,3,4,0.8
40.65488,-99.83207,5,5,0.8
40.62699,-99.62445,1,1,0.8
40.61222,-99.62499,2,2,0.8
40.64131,-99.62415,3,3,0.8
40.6556,-99.62424,4,4,0.8
40.59757,-99.62547,5,5,0.8
40.65608,-99.43694,1,1,1.0
40.65749,-99.39891,2,2,1.0
40.65794,-99.38036,3,3,1.0
40.65612,-99.45536,4,4,0.8
40.65622,-99.4175,5,5,0.8
40.64214,-99.2753,2,1,1.0
40.6421,-99.25616,1,2,1.0
40.62736,-99.23701,5,3,1.0
40.64216,-99.23695,3,4,1.0
40.62743,-99.27559,4,5,1.0
40.62644,-99.08476,2,1,1.0
40.62644,-99.06591,1,2,1.0
40.641,-99.0277,3,3,0.8
40.58285,-99.08482,4,4,1.0
40.62647,-99.02772,5,5,0.8
40.64101,-98.95141,1,1,1.0
40.65499,-98.8473,2,2,1.0
40.64095,-98.91397,3,3,0.8
40.64101,-98.97042,4,4,1.0
40.68658,-98.95146,5,5,1.0
40.64022,-98.7053,2,1,0.8
40.655,-98.80049,3,2,1.0
40.68378,-98.72436,4,3,0.8
40.64028,-98.72159,1,4,1.0
40.72261,-98.74068,5,5,1.0
40.61138,-98.57317,1,1,1.0
40.65504,-98.57305,2,2,0.8
40.64062,-98.5161,3,3,0.8
40.64048,-98.57308,4,4,0.8
40.65518,-98.49704,5,5,0.8
40.6842,-98.37396,1,1,1.0
40.6984,-98.37815,3,2,1.0
40.67697,-98.382,2,3,0.8
40.71295,-98.37819,4,4,1.0
40.68405,-98.35454,5,5,0.8
40.62587,-98.26044,1,1,0.8
40.64034,-98.26039,2,2,0.8
40.61688,-98.26042,3,3,0.2
40.66961,-97.9956,1,1,0.8
40.65508,-97.99563,2,2,0.8
40.7128,-97.99714,3,3,1.0
40.68421,-97.99563,4,4,0.8
40.64052,-97.99551,5,5,0.8
40.69918,-97.8074,1,1,1.0
40.66942,-97.86278,2,2,0.8
40.684,-97.86282,3,3,0.8
40.69857,-97.82571,4,4,0.8
40.69854,-97.84383,5,5,0.8
40.63173,-97.6721,1,1,1.0
40.68372,-97.59576,2,2,1.0
40.6329,-97.65305,3,3,0.8
40.6838,-97.57843,5,4,0.8
40.69877,-97.59583,4,5,0.8
40.64769,-97.40677,1,1,1.0
40.64047,-97.50225,3,2,0.8
40.63976,-97.54035,2,3,1.0
40.64883,-97.38766,4,4,0.8
40.74226,-97.46369,5,5,0.8
40.68394,-97.2926,1,1,0.8
40.69852,-97.29231,3,2,0.8
40.65107,-97.34966,2,3,1.0
40.64996,-97.3684,5,4,1.0
40.65218,-97.3307,4,5,0.8
40.68344,-97.12221,1,1,0.8
40.6547,-97.16739,2,2,1.0
40.65473,-97.15379,3,3,0.8
40.71403,-97.12072,4,4,0.8
40.72734,-97.12058,5,5,0.8
40.6687,-96.93279,1,1,0.8
40.68322,-96.93269,2,2,0.8
40.65422,-96.8953,3,3,0.8
40.65411,-96.8764,4,4,1.0
40.72698,-96.93008,5,5,0.8
40.65395,-96.74306,3,1,1.0
40.63927,-96.78407,2,2,0.8
40.65382,-96.78095,1,3,0.8
40.65375,-96.81947,5,4,0.8
40.66856,-96.70514,4,5,0.8
40.71118,-96.5397,2,1,1.0
40.71166,-96.50671,1,2,1.0
40.65443,-96.57242,3,3,0.8
40.70976,-96.55917,5,4,0.8
40.7111,-96.52092,4,5,1.0
40.71134,-96.34951,4,1,0.8
40.63891,-96.3877,1,2,0.8
40.71155,-96.44429,5,3,0.8
40.71155,-96.48277,3,4,0.8
40.62447,-96.38776,2,5,0.8
40.71157,-96.17821,1,1,0.8
40.72602,-96.17817,2,2,1.0
40.72596,-96.16472,4,3,0.2
40.71155,-96.28786,5,4,0.2
40.7406,-96.17826,3,5,0.8
40.67549,-96.06831,1,1,0.8
40.67518,-95.99224,4,2,0.8
40.66833,-96.12203,3,3,1.0
40.66953,-96.10741,2,4,1.0
40.66798,-95.95418,5,5,0.8
40.56771,-103.80256,1,1,0.8
40.58225,-103.80223,2,2,0.8
40.5968,-103.80184,4,3,0.8
40.611,-103.77245,5,4,0.8
40.53866,-103.80309,3,5,0.8
40.61057,-103.60052,1,1,1.0
40.6101,-103.65753,2,2,0.8
40.53766,-103.60067,4,3,0.8
40.55227,-103.60062,5,4,0.8
40.60993,-103.677,3,5,1.0
40.56669,-103.48653,3,1,0.8
40.5957,-103.48669,1,2,0.8
40.62146,-103.48662,2,3,1.0
40.5516,-103.41044,5,4,0.8
40.58119,-103.48672,4,5,0.8
40.58064,-103.25821,2,1,1.0
40.57999,-103.29672,4,2,0.8
40.62391,-103.33486,1,3,0.8
40.60943,-103.35404,5,4,0.8
40.54419,-103.32313,3,5,1.0
40.58409,-103.02884,1,1,0.8
40.53103,-103.0853,2,2,0.2
40.58402,-102.91371,1,1,0.8
40.5842,-103.01268,2,2,1.0
40.58417,-102.89488,3,3,0.8
40.58414,-102.93381,5,4,0.8
40.58401,-102.95292,4,5,0.8
40.61295,-102.72281,1,1,0.8
40.62749,-102.72242,2,2,0.8
40.58376,-102.72237,4,3,0.8
40.58457,-102.79892,5,4,0.8
40.65492,-102.72207,3,5,1.0
40.62929,-102.57,1,1,0.8
40.62607,-102.55098,3,2,0.8
40.63251,-102.58904,2,3,0.8
40.62295,-102.53257,4,4,0.8
40.61969,-102.51334,5,5,0.8
40.6001,-102.39818,1,1,0.8
40.60338,-102.41741,2,2,0.8
40.59351,-102.35973,3,3,0.8
40.6062,-102.434,4,4,0.2
40.59559,-102.37181,5,5,0.2
40.64335,-102.22203,1,1,0.8
40.65526,-102.2044,2,2,0.8
40.62921,-102.24291,3,3,0.8
40.61495,-102.26394,4,4,0.8
40.58547,-102.22539,5,5,0.8
40.68516,-101.62896,1,1,0.8
40.71448,-101.62783,2,2,0.8
40.66346,-101.62889,3,3,0.2
40.675,-101.62893,4,4,0.2
40.63306,-101.62885,5,5,0.2
40.7073,-101.13302,1,1,0.8
40.69378,-101.11829,2,2,0.8
40.71266,-101.14821,3,3,0.8
40.66864,-101.07812,5,4,0.8
40.65796,-101.06463,4,5,1.0
40.70821,-100.69828,1,1,0.2
40.72446,-100.7093,2,2,0.2
40.68116,-100.66844,1,1,0.2
40.67223,-100.65861,2,2,0.2
40.6886,-100.67664,4,3,0.2
40.70122,-100.69057,3,4,0.2
40.68383,-100.44837,1,1,0.8
40.67145,-100.45397,2,2,0.2
40.66072,-100.45654,3,3,0.2
40.68643,-100.34547,4,4,0.2
40.6999,-100.28338,1,1,0.8
40.68587,-100.33256,2,2,0.8
40.70028,-100.26623,3,3,0.8
40.70023,-100.16286,4,4,0.8
40.75771,-100.16531,5,5,0.8
40.71456,-99.9952,1,1,1.0
40.70553,-99.99581,2,2,0.8
40.75797,-99.99531,3,3,0.8
40.67118,-100.07673,4,4,0.8
40.73332,-99.99519,5,5,0.2
40.7149,-99.8694,2,1,1.0
40.70003,-99.87857,1,2,1.0
40.7145,-99.88226,3,3,0.8
40.70739,-99.84659,4,4,0.8
40.71434,-99.94054,5,5,0.8
40.7217,-99.69415,2,1,0.8
40.76132,-99.67317,1,2,0.8
40.75727,-99.6548,3,3,0.8
40.78673,-99.69198,4,4,0.8
40.78689,-99.67397,5,5,0.8
40.691,-99.5407,1,1,1.0
40.74355,-99.57877,2,2,0.8
40.74596,-99.59783,3,3,0.8
40.69642,-99.52965,4,4,0.8
40.69703,-99.4927,5,5,0.8
40.68994,-99.37984,1,1,1.0
40.71075,-99.32186,4,2,1.0
40.69023,-99.34117,2,3,0.8
40.72423,-99.42703,5,4,1.0
40.75822,-99.38808,3,5,0.8
40.72853,-99.15885,1,1,0.8
40.75037,-99.25517,2,2,0.8
40.77495,-99.2552,3,3,0.2
40.73743,-99.25507,5,4,0.2
40.76262,-99.25517,4,5,0.2
40.72496,-98.95037,1,1,1.0
40.7335,-98.91238,2,2,1.0
40.72923,-98.93143,3,3,0.8
40.71364,-98.9504,4,4,0.8
40.74977,-98.91238,5,5,0.8
40.76817,-98.77897,1,1,1.0
40.76293,-98.79809,2,2,0.8
40.73778,-98.89341,4,3,1.0
40.78615,-98.77895,5,4,0.8
40.70197,-98.84554,3,5,1.0
40.77168,-98.64558,1,1,0.8
40.77167,-98.58805,2,2,1.0
40.76267,-98.58817,3,3,1.0
40.77165,-98.62649,4,4,0.8
40.80665,-98.64575,5,5,1.0
40.77546,-98.45471,1,1,0.8
40.80858,-98.45557,2,2,1.0
40.79847,-98.49363,3,3,1.0
40.77885,-98.41015,5,4,1.0
40.8141,-98.49164,4,5,1.0
40.77081,-98.28276,2,1,0.8
40.77079,-98.26392,1,2,0.8
40.81929,-98.26403,4,3,1.0
40.77088,-98.30181,3,4,0.8
40.8,-98.34042,5,5,1.0
40.77095,-98.09223,1,1,0.8
40.77087,-98.07314,2,2,0.8
40.82209,-98.14982,3,3,1.0
40.77087,-98.05391,4,4,0.8
40.81406,-98.13075,5,5,0.8
40.77085,-97.88297,1,1,1.0
40.82099,-97.88309,2,2,1.0
40.77093,-97.99691,3,3,1.0
40.78542,-97.88293,4,4,0.8
40.81449,-97.90215,5,5,0.8
40.82102,-97.80715,2,1,1.0
40.82127,-97.69305,1,2,1.0
40.82142,-97.76913,3,3,0.8
40.82131,-97.71174,4,4,0.8
40.7421,-97.69249,5,5,0.8
40.77102,-97.59754,1,1,0.8
40.82182,-97.50176,5,2,0.8
40.74171,-97.50178,4,3,0.8
40.82187,-97.52094,2,4,0.8
40.78549,-97.59759,3,5,0.8
40.8214,-97.34907,1,1,1.0
40.82181,-97.46385,2,2,1.0
40.82142,-97.42598,3,3,0.8
40.82106,-97.40661,4,4,0.8
40.82122,-97.38776,5,5,0.8
40.82224,-97.17804,1,1,0.8
40.82192,-97.29195,2,2,1.0
40.8222,-97.15894,4,3,0.8
40.75632,-97.12047,5,4,1.0
40.82239,-97.25389,3,5,0.8
40.81428,-97.04454,1,1,1.0
40.82204,-97.10184,2,2,1.0
40.82882,-97.04469,3,3,0.8
40.74169,-97.04432,5,4,0.8
40.77072,-97.10133,4,5,1.0
40.7742,-96.84602,1,1,1.0
40.81384,-96.85379,2,2,0.8
40.74749,-96.79851,4,3,1.0
40.83393,-96.89213,5,4,0.8
40.82313,-96.92974,3,5,0.8
40.84199,-96.52092,2,1,0.8
40.81301,-96.5209,5,2,1.0
40.81299,-96.50187,1,3,0.8
40.82752,-96.52099,4,4,1.0
40.81296,-96.48269,3,5,0.8
40.81269,-96.27463,1,1,0.8
40.81282,-96.3506,2,2,0.8
40.81271,-96.2556,5,3,0.8
40.81257,-96.29372,3,4,1.0
40.81289,-96.36965,4,5,1.0
40.81299,-96.17849,1,1,1.0
40.82766,-96.13993,2,2,0.8
40.81315,-96.19777,3,3,0.8
40.8132,-96.07381,4,4,0.8
40.82751,-96.17852,5,5,0.8
40.64081,-104.02234,1,1,0.2
40.63647,-104.0086,2,2,0.2
40.61925,-103.97257,1,1,0.8
40.61147,-103.96486,3,2,0.8
40.62635,-103.99193,2,3,0.8
40.60314,-103.94898,4,4,0.2
40.73045,-103.68819,1,1,0.8
40.61033,-103.73421,2,2,0.8
40.66987,-103.67716,3,3,0.2
40.70769,-103.68836,5,4,0.2
40.6598,-103.67593,4,5,0.2
40.68963,-103.35318,1,1,0.8
40.70219,-103.38424,2,2,0.8
40.67452,-103.35339,3,3,0.8
40.6384,-103.35379,5,4,0.8
40.70225,-103.3567,4,5,0.2
40.70186,-103.22203,2,1,1.0
40.71646,-103.21894,1,2,0.8
40.66757,-103.2583,3,3,0.8
40.72561,-103.2189,4,4,0.2
40.75235,-103.17148,5,5,0.2
40.6788,-102.95321,1,1,0.8
40.7485,-103.11328,3,2,0.2
40.78295,-103.00742,5,3,0.2
40.6742,-102.995,2,4,0.2
40.67872,-102.97165,4,5,0.2
40.719,-102.80682,1,1,0.8
40.70402,-102.80484,2,2,0.8
40.67949,-102.87796,3,3,0.8
40.67928,-102.91491,5,4,0.8
40.6794,-102.89552,4,5,0.8
40.779,-102.55563,3,1,0.8
40.76422,-102.55537,1,2,0.8
40.74948,-102.5551,2,3,0.8
40.78846,-102.55581,4,4,0.2
40.7602,-102.28683,1,1,0.8
40.74913,-102.28692,2,2,0.8
40.73446,-102.28708,3,3,0.8
40.76354,-102.23275,4,4,1.0
40.71982,-102.28741,5,5,0.8
40.76376,-102.15117,2,1,0.8
40.7639,-102.13198,1,2,0.8
40.76361,-102.16995,3,3,0.8
40.7642,-102.09417,4,4,0.8
40.76406,-102.11314,5,5,0.8
40.78639,-101.97371,1,1,0.8
40.7918,-101.95461,2,2,0.8
40.79722,-101.93549,4,3,0.8
40.78099,-101.99276,3,4,0.8
40.80346,-101.91239,5,5,0.8
40.83682,-101.78246,2,1,0.8
40.82428,-101.83962,1,2,0.8
40.81889,-101.85877,3,3,0.8
40.8374,-101.76763,4,4,0.2
40.83575,-101.79875,5,5,0.2
40.7719,-101.66586,2,1,0.8
40.78632,-101.66591,4,2,0.8
40.76042,-101.66559,1,3,0.8
40.83029,-101.66604,3,4,0.8
40.733,-101.62951,5,5,0.8
40.84835,-101.43802,1,1,1.0
40.83147,-101.34221,2,2,0.8
40.82564,-101.33293,3,3,0.2
40.83515,-101.35417,4,4,0.2
40.84768,-101.42526,5,5,0.2
40.82095,-101.24766,2,1,0.8
40.82564,-101.22792,3,2,0.8
40.82286,-101.28754,1,3,1.0
40.82426,-101.30434,4,4,0.8
40.81946,-101.2663,5,5,0.8
40.82993,-101.05767,1,1,0.8
40.83033,-101.01936,2,2,0.8
40.85941,-101.0019,4,3,0.8
40.83046,-101.00178,3,4,1.0
40.82925,-101.115,5,5,0.8
40.83549,-100.89574,4,1,0.2
40.83015,-100.93128,1,2,0.2
40.82932,-100.83552,2,3,0.2
40.82912,-100.85741,5,4,0.2
40.82955,-100.8183,3,5,0.2
40.87248,-100.67784,1,1,1.0
40.87308,-100.69692,5,2,0.8
40.844,-100.67775,4,3,0.8
40.85853,-100.67779,3,4,0.8
40.8271,-100.75379,2,5,1.0
40.83941,-99.93848,1,1,0.8
40.85941,-99.91922,2,2,0.8
40.83227,-99.91936,3,3,0.8
40.90307,-99.97661,4,4,0.8
40.85935,-99.90036,5,5,0.8
40.85894,-99.80699,1,1,0.8
40.859,-99.82608,2,2,0.8
40.85928,-99.88289,3,3,1.0
40.85916,-99.84519,5,4,0.8
40.80405,-99.84409,4,5,1.0
40.87236,-99.53948,1,1,0.8
40.78689,-99.63003,4,2,0.2
40.84051,-99.53995,3,3,0.2
40.82901,-99.53902,2,4,0.8
40.87314,-99.38849,1,1,0.8
40.85874,-99.38798,2,2,0.8
40.88594,-99.38755,3,3,0.2
40.83688,-99.38787,4,4,0.2
40.82789,-99.3882,5,5,0.2
40.81936,-99.24295,1,1,0.2
40.84449,-99.08461,2,1,0.8
40.82991,-99.08436,3,2,0.8
40.88773,-99.08476,4,3,0.8
40.87316,-99.08455,1,4,0.8
40.85896,-99.08459,5,5,0.8
40.87315,-98.91213,1,1,0.8
40.81519,-98.91174,4,2,0.8
40.8297,-98.91177,2,3,1.0
40.9309,-98.91334,5,4,0.8
40.85864,-98.91197,3,5,0.8
40.88789,-98.72197,1,1,0.8
40.88797,-98.74099,2,2,0.8
40.88778,-98.64616,3,3,0.8
40.82972,-98.68373,4,4,0.8
40.87318,-98.74097,5,5,0.8
40.88782,-98.55058,1,1,0.8
40.88781,-98.60785,2,2,1.0
40.88785,-98.56968,3,3,0.8
40.91699,-98.52322,5,4,1.0
40.88785,-98.53147,4,5,0.8
40.8319,-98.37834,1,1,1.0
40.91695,-98.45476,2,2,1.0
40.85876,-98.41703,3,3,0.8
40.82009,-98.3783,4,4,1.0
40.84419,-98.41683,5,5,0.8
40.87284,-98.14996,1,1,1.0
40.87236,-98.24547,2,2,1.0
40.87251,-98.188,4,3,0.8
40.87102,-98.26457,3,4,1.0
40.87268,-98.16883,5,5,0.8
40.916,-97.99802,1,1,0.8
40.93057,-97.99818,2,2,0.8
40.94512,-97.99829,3,3,0.8
40.87238,-97.94035,4,4,0.8
40.87232,-98.09321,5,5,0.8
40.88696,-97.80742,1,1,1.0
40.88692,-97.82607,2,2,0.8
40.88692,-97.84522,3,3,0.8
40.87248,-97.80732,4,4,0.8
40.88701,-97.78831,5,5,0.8
40.88701,-97.69282,1,1,1.0
40.87257,-97.69278,3,2,0.8
40.93028,-97.59759,4,3,0.8
40.84357,-97.69321,5,4,0.8
40.88714,-97.67372,2,5,1.0
40.90125,-97.50157,1,1,1.0
40.91571,-97.50171,2,2,0.8
40.90161,-97.40635,3,3,1.0
40.93013,-97.50177,4,4,0.8
40.90131,-97.5207,5,5,0.8
40.90183,-97.29206,1,1,0.8
40.90182,-97.27297,2,2,0.8
40.9308,-97.34951,3,3,0.8
40.94531,-97.3495,5,4,0.8
40.85858,-97.3495,4,5,0.8
40.90166,-97.17736,1,1,1.0
40.90164,-97.15829,2,2,0.8
40.91615,-97.17724,3,3,0.8
40.9016,-97.1455,4,4,0.8
40.97406,-97.10123,5,5,1.0
40.8668,-96.88025,2,1,1.0
40.88644,-96.89179,1,2,1.0
40.87196,-96.89154,4,3,0.8
40.8818,-96.87247,5,4,0.2
40.90125,-97.0251,3,5,0.8
40.90762,-96.79577,1,1,0.2
40.92023,-96.79561,3,2,0.2
40.9587,-96.74488,2,3,0.8
40.91434,-96.70082,4,4,0.2
40.92952,-96.67664,5,5,0.2
40.92899,-96.6123,2,1,0.8
40.93521,-96.62828,1,2,1.0
40.9292,-96.64333,3,3,1.0
40.95831,-96.6434,4,4,0.8
40.94367,-96.64328,5,5,0.8
40.91434,-96.3895,1,1,0.8
40.94333,-96.38875,2,2,0.8
40.89986,-96.38951,3,3,0.8
40.91431,-96.31264,5,4,0.8
40.97139,-96.38842,4,5,1.0
40.9575,-96.2358,1,1,1.0
40.91411,-96.23604,2,2,0.8
40.87056,-96.29414,4,3,0.8
40.91421,-96.21647,3,4,0.8
40.95739,-96.27405,5,5,0.8
40.91497,-96.04477,2,1,0.8
40.91492,-95.99742,1,2,1.0
40.9148,-96.06391,3,3,0.8
40.91475,-96.08325,5,4,0.8
40.91499,-95.97831,4,5,1.0
40.78712,-103.68813,1,1,0.2
40.79624,-103.68826,3,2,0.2
40.73982,-103.68811,2,3,0.2
40.80384,-103.2674,3,1,0.8
40.76381,-103.2673,1,2,0.8
40.78932,-103.22926,2,3,0.8
40.79275,-103.26409,5,4,0.2
40.7983,-103.22913,4,5,0.2
40.7899,-103.11366,1,1,0.8
40.76064,-103.11349,2,2,1.0
40.76061,-103.13474,3,3,0.2
40.82426,-102.96046,2,1,0.2
40.81213,-102.99863,1,2,0.2
40.81266,-103.03705,3,3,0.2
40.83158,-103.03736,4,4,0.2
40.78517,-103.00196,5,5,0.2
40.90808,-102.80653,1,1,0.2
40.83749,-102.55284,1,1,0.8
40.86681,-102.51719,3,2,0.8
40.83954,-102.51745,4,3,0.8
40.85208,-102.51706,2,4,0.8
40.83756,-102.53664,5,5,0.8
40.86626,-102.38255,1,1,0.8
40.88092,-102.38225,2,2,0.8
40.85157,-102.38229,3,3,0.8
40.89542,-102.38238,4,4,0.8
40.8369,-102.38208,5,5,0.8
40.88056,-102.22787,1,1,0.8
40.86587,-102.22765,2,2,0.8
40.83666,-102.2279,3,3,0.8
40.82209,-102.228,4,4,0.8
40.9387,-102.22826,5,5,0.8
40.90086,-101.72743,3,1,0.8
40.93024,-101.72789,2,2,0.8
40.91558,-101.7277,1,3,0.8
40.84118,-101.66612,4,4,1.0
40.95965,-101.72822,5,5,0.8
40.93068,-101.34371,1,1,0.8
40.88618,-101.38038,2,2,0.8
40.99353,-101.34531,3,3,0.8
40.92158,-101.34335,4,4,0.2
40.88739,-101.35424,5,5,0.2
40.90148,-101.15301,1,1,1.0
40.94539,-101.15185,3,2,0.8
40.90141,-101.13966,2,3,0.8
40.91606,-101.15262,4,4,0.8
40.93066,-101.15225,5,5,0.2
40.95334,-101.00112,2,1,0.8
40.90249,-101.00098,1,2,0.8
40.9892,-101.00114,3,3,0.8
40.94072,-101.00107,5,4,0.2
40.92409,-101.00102,4,5,0.2
40.97462,-100.75391,1,1,0.8
40.95154,-100.7536,2,2,0.8
40.98911,-100.75398,3,3,0.8
40.93357,-100.75362,5,4,0.2
40.91645,-100.7539,4,5,0.8
41.01665,-100.41418,1,1,0.8
41.01232,-100.40285,3,2,0.2
41.02079,-100.42643,2,3,0.2
40.9963,-100.37643,5,4,0.2
41.0244,-100.43821,4,5,0.2
40.95312,-100.2242,1,1,1.0
40.96131,-100.2431,4,2,0.8
40.9502,-100.24377,3,3,0.8
40.98788,-100.22431,2,4,0.8
40.97331,-100.22427,5,5,0.8
40.93148,-100.07186,1,1,1.0
40.93129,-100.09061,2,2,0.8
40.96418,-100.12847,3,3,0.8
40.93143,-100.05255,4,4,0.8
40.93194,-100.01451,5,5,0.8
40.93208,-99.97655,1,1,1.0
40.94661,-99.97653,2,2,0.8
40.96109,-99.97649,3,3,0.8
40.93206,-99.99108,4,4,0.2
40.99091,-99.97652,5,5,0.2
41.00298,-99.71369,1,1,0.2
41.00279,-99.68759,5,2,0.2
41.00296,-99.65737,3,3,0.2
40.98151,-99.74708,2,4,0.2
40.9724,-99.74679,4,5,0.2
40.90553,-99.53976,1,1,0.2
40.97029,-99.38768,1,1,0.8
40.96006,-99.38777,2,2,0.2
40.9905,-99.38744,3,3,0.2
41.01222,-99.38718,4,4,0.2
40.98098,-99.38755,5,5,0.2
41.01814,-99.08321,1,1,0.8
41.00286,-99.01412,5,2,0.2
41.0029,-99.02644,2,3,0.8
41.03261,-99.08346,3,4,0.8
41.00365,-99.08303,4,5,0.8
41.0034,-98.81744,1,1,0.8
41.00342,-98.7981,2,2,0.8
40.95985,-98.91284,3,3,0.8
40.97446,-98.91299,4,4,0.8
40.99127,-98.91305,5,5,0.8
41.0036,-98.66489,1,1,1.0
41.03252,-98.56941,3,2,1.0
41.00359,-98.68397,2,3,0.8
41.00395,-98.70309,5,4,0.8
41.03735,-98.6079,4,5,0.8
41.03259,-98.53106,1,1,1.0
40.98548,-98.53114,3,2,1.0
40.98978,-98.55036,2,3,1.0
41.03268,-98.55021,4,4,1.0
40.96739,-98.45532,5,5,0.8
41.01733,-98.26393,1,1,1.0
41.01776,-98.32106,2,2,1.0
41.01735,-98.2824,3,3,0.8
41.01733,-98.30182,4,4,0.8
40.96988,-98.24446,5,5,1.0
41.0463,-98.11843,1,1,1.0
41.05983,-98.09602,2,2,1.0
41.07092,-98.07764,3,3,1.0
40.98813,-98.09408,4,4,0.8
40.98588,-98.11354,5,5,0.8
41.00327,-97.9597,1,1,0.8
41.01768,-97.88412,3,2,0.8
41.0031,-97.88393,2,3,0.8
40.98854,-97.88381,4,4,0.8
40.97391,-97.88342,5,5,0.8
41.00296,-97.67405,1,1,0.8
41.07575,-97.73264,3,2,0.8
41.07569,-97.71319,2,3,0.8
41.00301,-97.69327,5,4,0.8
40.94494,-97.74999,4,5,0.8
41.0027,-97.55945,1,1,0.8
41.0467,-97.59796,2,2,0.8
41.07572,-97.59822,4,3,1.0
41.06117,-97.59823,3,4,0.8
40.95923,-97.59762,5,5,0.8
41.06138,-97.40638,2,1,0.8
41.03171,-97.44483,1,2,0.8
41.07541,-97.40824,3,3,0.8
41.07652,-97.42374,4,4,0.8
41.0316,-97.46384,5,5,0.8
41.07549,-97.15745,1,1,0.8
40.97438,-97.21592,2,2,0.8
41.00306,-97.1013,1,1,1.0
41.03207,-97.10137,2,2,0.8
41.04642,-97.10059,3,3,0.8
41.01756,-97.10141,5,4,0.8
40.98851,-97.10133,4,5,0.8
40.99752,-96.91072,1,1,1.0
41.0604,-96.78765,4,2,0.2
41.07516,-96.88944,2,3,0.8
41.01685,-96.78519,5,4,0.2
41.06039,-96.77448,3,5,0.8
41.0016,-96.64135,2,1,0.8
41.06032,-96.73623,5,2,0.8
41.01469,-96.75213,1,3,1.0
41.01677,-96.71984,3,4,0.8
41.00236,-96.70076,4,5,0.8
41.04512,-96.46387,1,1,0.8
41.0452,-96.483,3,2,0.8
41.04512,-96.44457,4,3,0.8
41.05764,-96.5022,2,4,0.8
41.0598,-96.52133,5,5,0.8
41.05977,-96.25335,4,1,0.8
41.01184,-96.30759,1,2,1.0
40.99371,-96.34968,5,3,0.8
40.95723,-96.31233,2,4,0.8
41.04524,-96.23499,3,5,0.8
41.00184,-96.09278,1,1,1.0
41.00198,-96.04477,2,2,0.8
41.00177,-96.10693,5,3,0.2
41.04535,-96.1971,3,4,0.8
41.04534,-96.21515,4,5,0.8
40.94855,-103.68788,1,1,0.8
40.93924,-103.68814,2,2,0.2
40.93474,-103.22894,1,1,0.8
40.94933,-103.22899,2,2,0.8
40.92016,-103.22898,3,3,0.8
40.96389,-103.22894,4,4,0.8
40.96346,-103.21036,5,5,0.8
40.99339,-103.09473,1,1,0.8
41.00432,-103.08929,2,2,0.8
40.93347,-103.11552,3,3,0.2
41.00068,-102.47909,1,1,0.8
41.01403,-102.46919,4,2,0.2
41.02558,-102.46921,2,3,0.2
41.03484,-102.46924,3,4,0.2
41.04564,-102.2976,1,1,1.0
41.03337,-102.37408,2,2,0.8
41.01901,-102.29399,3,3,0.2
41.03565,-102.29767,4,4,0.2
41.04661,-102.31487,5,5,0.2
41.03777,-102.22461,1,1,0.2
41.03569,-102.21181,2,2,0.2
41.03911,-101.72731,1,1,1.0
41.04756,-101.72116,2,2,1.0
41.01783,-101.72829,4,3,0.8
41.00328,-101.72841,3,4,0.8
40.98876,-101.72869,5,5,0.8
41.00362,-101.34551,3,1,0.8
41.0477,-101.36607,2,2,0.8
41.06377,-101.3565,1,3,1.0
41.01815,-101.34574,2,1,0.8
41.04743,-101.34649,1,2,0.8
41.0276,-101.34585,3,3,0.2
41.03685,-101.34603,4,4,0.2
41.0564,-101.34699,5,5,0.2
41.03279,-101.15185,2,1,0.8
41.04735,-101.00131,1,2,0.8
41.04739,-101.1541,3,3,0.8
41.07646,-101.15534,5,4,0.8
41.06151,-101.00258,4,5,0.8
41.04912,-100.81427,1,1,0.2
41.05407,-100.75446,2,1,1.0
41.05047,-100.76657,1,2,1.0
41.03227,-100.75522,3,3,1.0
41.01084,-100.71598,4,4,0.8
41.01818,-100.73491,5,5,0.8
41.04235,-100.48999,1,1,0.8
41.04968,-100.51218,2,2,0.2
41.06538,-100.47967,4,3,0.2
41.03749,-100.47931,5,4,0.2
41.12902,-100.52417,3,5,0.2
41.10409,-100.29493,1,1,0.8
41.05974,-100.33684,5,2,0.2
41.0761,-100.29569,3,3,0.2
41.04983,-100.34269,2,4,0.2
41.06999,-100.30883,4,5,0.2
41.07536,-100.18179,1,1,0.8
41.11829,-100.19081,2,2,0.8
41.14051,-100.18973,3,3,0.8
41.08556,-100.1822,4,4,0.2
41.09474,-100.18593,5,5,0.2
41.13326,-99.95136,1,1,1.0
41.03759,-99.96725,2,2,0.2
41.07558,-99.76081,1,1,1.0
41.07559,-99.81745,3,2,0.2
41.07549,-99.79905,2,3,0.8
41.06582,-99.76093,5,4,0.2
41.0905,-99.7607,4,5,0.2
41.10423,-99.41695,1,1,0.8
41.10437,-99.3789,4,2,1.0
41.10413,-99.46895,3,3,0.2
41.07552,-99.37896,2,4,0.8
41.10407,-99.4457,5,5,0.2
41.12607,-99.30218,1,1,0.8
41.15859,-99.30098,3,2,0.2
41.17199,-99.30088,4,3,0.2
41.14276,-99.30142,2,4,0.2
41.06123,-99.08227,1,1,0.8
41.1198,-99.10931,2,2,0.8
41.10505,-99.03825,3,3,0.2
41.10497,-99.01422,4,4,0.8
41.04445,-99.08347,5,5,0.2
41.14834,-98.97721,3,1,0.8
41.10491,-98.99542,5,2,0.8
41.10486,-98.9201,2,3,1.0
41.10366,-98.93973,1,4,1.0
41.10477,-98.95875,4,5,0.8
41.07605,-98.66221,1,1,0.2
41.16269,-98.55691,1,1,0.8
41.1768,-98.55692,2,2,0.8
41.10518,-98.4983,5,3,0.8
41.19135,-98.55689,3,4,0.8
41.14853,-98.55712,4,5,0.8
41.11971,-98.37663,3,1,0.8
41.14831,-98.39695,1,2,1.0
41.13413,-98.38469,4,3,0.8
41.10548,-98.42126,2,4,1.0
41.10517,-98.38311,5,5,0.8
41.11868,-98.17361,1,1,1.0
41.11868,-98.15426,2,2,1.0
41.11869,-98.19091,3,3,0.8
41.11868,-98.13488,4,4,1.0
41.1332,-98.17377,5,5,0.8
41.13951,-97.96339,1,1,1.0
41.08991,-98.0461,2,2,1.0
41.08243,-98.05853,3,3,1.0
41.14752,-97.95,4,4,1.0
41.11875,-98.0588,5,5,0.8
41.18565,-97.8862,1,1,1.0
41.19117,-97.87227,2,2,1.0
41.17412,-97.90549,3,3,1.0
41.16224,-97.92491,4,4,1.0
41.1193,-97.78995,5,5,0.8
41.17739,-97.65591,1,1,1.0
41.1774,-97.67512,3,2,0.8
41.14829,-97.59832,4,3,0.8
41.17739,-97.59822,2,4,1.0
41.07574,-97.6751,5,5,0.8
41.163,-97.42611,1,1,0.8
41.19197,-97.48361,2,2,0.8
41.19191,-97.50292,3,3,0.8
41.1195,-97.54056,4,4,1.0
41.09047,-97.42582,5,5,0.8
41.14888,-97.31149,1,1,0.8
41.1634,-97.31137,2,2,0.8
41.19206,-97.34962,3,3,0.8
41.13835,-97.31139,5,4,0.2
41.19254,-97.25335,4,5,0.8
41.14806,-97.10046,1,1,0.8
41.07541,-97.10007,2,2,1.0
41.10436,-97.10066,3,3,0.8
41.08986,-97.10041,5,4,0.8
41.1335,-97.10054,4,5,0.8
41.20575,-96.94712,1,1,0.8
41.14765,-97.0238,2,2,0.8
41.11869,-97.02383,4,3,0.8
41.2058,-96.92764,3,4,0.8
41.07507,-96.92792,5,5,0.8
41.13311,-96.8321,1,1,1.0
41.16215,-96.83189,3,2,0.8
41.11853,-96.83196,2,3,0.8
41.20575,-96.79017,4,4,0.2
41.18149,-96.83215,5,5,0.2
41.14765,-96.60188,4,1,0.8
41.20555,-96.56359,3,2,0.8
41.14765,-96.63073,1,3,1.0
41.13311,-96.63035,2,4,0.8
41.14767,-96.57515,5,5,0.2
41.16121,-96.42562,1,1,1.0
41.16121,-96.40642,2,2,0.8
41.14637,-96.42869,3,3,0.8
41.13223,-96.42562,4,4,0.8
41.16122,-96.44488,5,5,0.8
41.08902,-96.17688,1,1,0.8
41.089,-96.19202,3,2,0.2
41.20128,-96.2693,2,3,0.2
41.15811,-96.28355,4,4,0.2
41.09261,-96.01897,2,1,0.8
41.08728,-96.03549,1,2,1.0
41.08371,-96.04779,3,3,0.2
40.97301,-104.22238,1,1,1.0
41.03278,-103.68622,1,1,0.8
41.06186,-103.66354,2,2,1.0
41.04726,-103.67109,3,3,0.8
41.07638,-103.66372,4,4,0.8
41.06174,-103.62494,5,5,0.8
41.06197,-103.49055,1,1,0.8
41.07685,-103.49073,2,2,0.8
41.09135,-103.49097,3,3,0.8
41.10217,-103.4912,4,4,0.2
41.04759,-103.15378,1,1,0.8
41.04756,-103.13775,2,2,0.2
41.07654,-102.97377,1,1,0.8
41.04772,-102.9454,2,2,0.8
41.04775,-102.91669,4,3,0.8
41.10563,-103.0123,5,4,0.8
41.09518,-103.03098,3,5,1.0
41.11292,-102.7635,1,1,1.0
41.04775,-102.8498,3,2,0.8
41.11339,-102.85939,4,3,0.8
41.11285,-102.80188,2,4,0.8
41.11302,-102.72513,5,5,0.8
41.12004,-102.66772,1,1,0.8
41.11316,-102.68644,2,2,0.8
41.11342,-102.64367,3,3,0.2
41.1133,-102.65861,4,4,0.2
41.1131,-102.70263,5,5,0.2
41.09155,-102.41891,1,1,0.8
41.09154,-102.39946,2,2,0.8
41.09147,-102.38021,3,3,0.8
41.13512,-102.47637,4,4,0.8
41.10589,-102.36114,5,5,0.8
41.10582,-102.26603,1,1,0.8
41.09125,-102.3038,2,2,1.0
41.09128,-102.20855,4,3,0.8
41.09143,-102.28531,3,4,0.8
41.09114,-102.18926,5,5,0.8
41.09109,-102.06937,1,1,1.0
41.13472,-102.07449,2,2,0.8
41.09116,-102.09379,3,3,0.8
41.09103,-102.05586,4,4,0.8
41.09089,-102.03648,5,5,0.8
41.19225,-101.88343,1,1,0.8
41.19198,-101.92181,2,2,0.8
41.19211,-101.90266,3,3,0.8
41.16422,-101.6723,1,1,1.0
41.06209,-101.72043,2,2,0.8
41.17803,-101.66409,3,3,0.8
41.16437,-101.78764,4,4,0.8
41.07307,-101.72035,5,5,0.2
41.1636,-101.59607,2,1,0.8
41.17814,-101.59608,1,2,0.8
41.18756,-101.59631,3,3,0.2
41.12798,-101.13782,1,1,0.8
41.10553,-101.16492,3,2,1.0
41.11937,-101.15639,2,3,0.8
41.15971,-101.19374,4,4,0.2
41.08752,-101.15856,5,5,0.2
41.16256,-100.92589,1,1,1.0
41.19164,-101.00244,5,2,0.8
41.17728,-100.94493,2,3,0.8
41.17692,-100.92587,4,4,0.8
41.16276,-100.9451,3,5,0.8
41.17694,-100.84923,1,1,1.0
41.17688,-100.88737,2,2,1.0
41.16243,-100.88722,3,3,1.0
41.17928,-100.83002,5,4,0.8
41.17701,-100.90618,4,5,1.0
41.20685,-100.71832,1,1,0.8
41.19997,-100.52421,2,1,0.2
41.17072,-100.52456,1,2,0.2
41.14967,-100.52425,3,3,0.2
41.18991,-100.52436,4,4,0.2
41.1695,-100.20082,1,1,0.8
41.23407,-100.21567,2,2,0.8
41.22055,-100.19631,4,3,0.2
41.23406,-100.19672,3,4,1.0
41.2065,-100.19946,5,5,0.2
41.24906,-100.06415,1,1,0.8
41.26364,-100.08269,2,2,0.8
41.23452,-100.06408,3,3,0.8
41.21953,-100.18746,4,4,0.2
41.15807,-99.9412,2,1,0.8
41.14709,-99.95084,1,2,0.8
41.21432,-99.94999,3,3,0.2
41.23615,-99.67664,1,1,0.2
41.2375,-99.51,1,1,0.8
41.1829,-99.56865,2,2,0.2
41.15549,-99.561,3,3,0.2
41.14471,-99.55818,4,4,0.2
41.16199,-99.37853,2,1,0.8
41.1956,-99.37758,1,2,0.2
41.19265,-99.30036,3,3,0.2
41.18313,-99.30059,5,4,0.2
41.22497,-99.42239,4,5,0.2
41.27866,-99.16569,1,1,0.8
41.27861,-99.15086,2,2,0.2
41.27988,-99.02364,1,1,0.8
41.21842,-98.97694,2,2,0.2
41.26318,-98.92975,4,3,0.2
41.27969,-99.04112,5,4,0.2
41.27967,-99.06098,3,5,0.2
41.25007,-98.84183,2,1,0.8
41.27911,-98.89971,3,2,1.0
41.2495,-98.86069,1,3,0.8
41.26467,-98.86089,4,4,0.8
41.26464,-98.89943,5,5,0.8
41.22042,-98.5751,2,1,0.8
41.22055,-98.70948,1,2,0.8
41.2205,-98.6709,4,3,0.2
41.22058,-98.69027,3,4,0.8
41.22215,-98.72863,5,5,0.8
41.22044,-98.55583,1,1,1.0
41.22025,-98.50781,4,2,0.8
41.2422,-98.55532,3,3,0.8
41.20584,-98.55673,5,4,0.8
41.25678,-98.5551,2,5,1.0
41.19112,-98.25083,2,1,1.0
41.19113,-98.28688,3,2,0.8
41.19109,-98.27004,1,3,1.0
41.19112,-98.30583,5,4,0.8
41.19116,-98.32526,4,5,0.8
41.24968,-98.0979,1,1,0.8
41.22053,-98.05918,4,2,0.8
41.24953,-98.1172,2,3,1.0
41.19151,-98.09739,5,4,0.8
41.19143,-98.05906,3,5,1.0
41.26373,-97.9833,1,1,1.0
41.26373,-97.92531,2,2,0.8
41.26367,-97.9434,4,3,0.8
41.24927,-97.90598,3,4,0.8
41.2638,-97.906,5,5,0.8
41.25366,-97.77197,1,1,1.0
41.26512,-97.75267,2,2,1.0
41.23495,-97.80345,4,3,1.0
41.288,-97.7141,3,4,1.0
41.29337,-97.72512,5,5,1.0
41.23568,-97.54117,1,1,0.8
41.22104,-97.54107,2,2,0.8
41.21203,-97.54118,4,3,0.2
41.21086,-97.65592,5,4,0.2
41.221,-97.65618,3,5,0.8
41.23559,-97.36802,1,1,0.8
41.26449,-97.42621,2,2,0.8
41.27917,-97.36807,5,3,0.8
41.24995,-97.42605,3,4,0.8
41.19206,-97.36796,4,5,1.0
41.19205,-97.19587,1,1,0.8
41.19228,-97.23394,2,2,0.8
41.19215,-97.20858,3,3,0.2
41.21552,-97.12902,4,4,0.2
41.27808,-97.02362,1,1,0.8
41.20638,-97.04257,2,2,0.8
41.20638,-97.06186,4,3,0.8
41.2062,-97.08201,5,4,0.8
41.27826,-97.00556,3,5,0.8
41.20596,-96.90872,2,1,0.8
41.30725,-96.90873,4,2,0.8
41.2495,-96.81282,1,3,0.8
41.2062,-96.88984,5,4,0.8
41.30714,-96.89008,3,5,0.8
41.21569,-96.7169,2,1,0.2
41.26746,-96.60295,3,2,0.2
41.23473,-96.71684,1,3,0.8
41.23458,-96.54129,2,1,1.0
41.30686,-96.50267,1,2,1.0
41.29276,-96.50298,3,3,0.8
41.23376,-96.44499,4,4,0.8
41.30649,-96.48333,5,5,0.8
41.26281,-96.31107,1,1,1.0
41.25171,-96.30525,2,2,1.0
41.20858,-96.28341,3,3,1.0
41.26765,-96.33059,4,4,0.2
41.23378,-96.3147,5,5,0.2
41.19164,-103.79747,1,1,0.8
41.19143,-103.83561,2,2,0.8
41.19613,-103.754,3,3,0.2
41.19185,-103.78284,5,4,0.2
41.19177,-103.81484,4,5,0.2
41.14898,-103.6634,1,1,1.0
41.12005,-103.66335,2,2,0.8
41.10542,-103.66336,3,3,0.8
41.17782,-103.66346,4,4,0.2
41.19003,-103.66346,5,5,0.2
41.16314,-103.49179,2,1,0.8
41.14856,-103.49173,1,2,0.8
41.12051,-103.49141,3,3,0.8
41.19241,-103.49151,4,4,0.8
41.17774,-103.49168,5,5,0.8
41.19295,-103.32339,1,1,0.8
41.17768,-103.22225,2,2,0.8
41.21437,-103.07827,1,1,1.0
41.21419,-103.09797,2,2,1.0
41.22133,-103.06393,4,3,1.0
41.22134,-103.03283,3,4,1.0
41.22821,-103.02193,5,5,1.0
41.22136,-102.97298,1,1,1.0
41.19224,-102.96839,2,2,0.8
41.26434,-102.89631,3,3,0.8
41.2016,-102.96986,4,4,0.2
41.22165,-102.98703,5,5,0.2
41.18709,-102.72473,1,1,0.8
41.23671,-102.72549,4,2,0.8
41.20715,-102.62983,2,3,0.8
41.19276,-102.62973,3,4,0.8
41.17829,-102.62962,5,5,0.8
41.22181,-102.34216,1,1,0.8
41.23613,-102.34201,2,2,0.8
41.16378,-102.34234,3,3,1.0
41.25065,-102.34197,5,4,0.8
41.20725,-102.34244,4,5,0.8
41.23651,-102.08751,1,1,0.8
41.24525,-102.09998,2,2,0.2
41.23603,-102.0739,1,1,1.0
41.21894,-101.9983,2,2,0.8
41.19261,-102.0746,4,3,1.0
41.22163,-102.07462,3,4,1.0
41.22877,-102.01565,5,5,0.2
41.18826,-101.81953,1,1,0.2
41.17775,-101.80685,2,2,0.2
41.19124,-101.83376,3,3,0.2
41.19233,-101.87123,4,4,0.2
41.188,-101.65902,1,1,0.2
41.29741,-101.167,1,1,0.2
41.28595,-101.15822,2,2,0.2
41.31739,-101.17455,3,3,0.2
41.25321,-100.66938,1,1,0.8
41.24697,-100.67805,2,2,0.2
41.35033,-100.58279,4,1,0.8
41.36476,-100.54262,5,2,0.8
41.36478,-100.56599,3,3,1.0
41.32137,-100.61073,1,4,1.0
41.33238,-100.60009,2,5,1.0
41.3655,-100.36987,1,1,0.8
41.36551,-100.3892,4,2,0.8
41.36537,-100.35054,2,3,0.8
41.36535,-100.40766,3,4,0.8
41.26304,-100.19683,1,1,1.0
41.30678,-100.15777,5,2,0.8
41.27737,-100.19678,2,3,0.8
41.26318,-100.17766,4,4,0.8
41.30664,-100.19584,3,5,1.0
41.26402,-100.06378,1,1,1.0
41.33558,-99.75823,1,1,0.8
41.38743,-99.82974,2,2,0.8
41.30615,-99.75903,3,3,0.2
41.34709,-99.75362,4,4,0.2
41.3181,-99.7585,5,5,0.2
41.34497,-99.66446,1,1,0.2
41.31292,-99.61218,2,2,0.2
41.3227,-99.38711,2,1,0.2
41.35345,-99.39106,1,2,0.2
41.28439,-99.32485,1,1,0.8
41.27822,-99.28844,4,2,0.2
41.27782,-99.24887,3,3,0.2
41.29764,-99.30009,5,4,0.2
41.30944,-99.29971,2,5,0.2
41.27915,-99.08772,1,1,0.8
41.27866,-99.13569,2,2,0.2
41.27956,-99.0747,3,3,0.2
41.30818,-98.8738,5,1,0.8
41.36603,-98.93773,3,2,0.8
41.33729,-98.93795,1,3,0.8
41.36609,-98.91675,4,4,0.8
41.32278,-98.93785,2,5,0.8
41.358,-98.44862,1,1,0.8
41.33632,-98.44877,2,2,0.8
41.32182,-98.44889,3,3,0.8
41.39381,-98.32969,4,4,0.8
41.34839,-98.44879,5,5,0.2
41.39415,-98.21176,1,1,0.8
41.39419,-98.19505,2,2,0.8
41.394,-98.24997,3,3,0.8
41.39427,-98.16568,4,4,0.8
41.39409,-98.22831,5,5,0.2
41.36564,-98.0409,2,1,0.8
41.36572,-98.02156,1,2,0.8
41.36608,-98.08244,3,3,0.8
41.37202,-98.10615,4,4,0.8
41.40905,-97.98415,5,5,0.8
41.34379,-97.92964,1,1,0.8
41.35198,-97.69506,1,1,1.0
41.36643,-97.69465,2,2,0.8
41.38018,-97.69431,3,3,0.8
41.39485,-97.59861,4,4,1.0
41.3356,-97.61723,5,5,1.0
41.40971,-97.54167,1,1,1.0
41.36019,-97.55935,2,2,1.0
41.40874,-97.44538,4,3,1.0
41.40247,-97.41632,5,4,0.8
41.39507,-97.54152,3,5,1.0
41.42408,-97.27181,1,1,1.0
41.42399,-97.25254,4,2,0.8
41.36617,-97.36824,2,3,1.0
41.38073,-97.36822,3,4,0.8
41.35167,-97.3682,5,5,0.8
41.38707,-97.06168,1,1,0.8
41.31428,-97.12916,2,2,0.2
41.39449,-97.05369,4,3,0.2
41.41039,-97.0597,3,4,0.2
41.30704,-96.93376,1,1,0.2
41.39364,-96.7133,1,1,1.0
41.39372,-96.75183,2,2,0.8
41.39368,-96.73252,5,3,0.8
41.37976,-96.81254,3,4,0.8
41.39362,-96.69401,4,5,0.8
41.36526,-96.60182,2,1,0.8
41.39344,-96.56872,1,2,0.8
41.35077,-96.60209,3,3,0.8
41.33617,-96.60228,5,4,0.8
41.37936,-96.51055,4,5,1.0
41.3778,-96.4103,1,1,1.0
41.37892,-96.36798,2,2,1.0
41.37892,-96.38711,3,3,0.8
41.39319,-96.40619,5,4,0.8
41.39317,-96.38708,4,5,0.8
41.36393,-96.23158,1,1,1.0
41.36434,-96.24605,2,2,1.0
41.3498,-96.23436,3,3,1.0
41.34996,-96.20364,4,4,1.0
41.35706,-96.26803,5,5,1.0
41.39318,-96.09687,1,1,0.8
41.39805,-95.98317,5,2,0.8
41.42231,-96.0382,4,3,0.8
41.41473,-96.09819,3,4,0.8
41.37038,-96.11022,2,5,1.0
41.19181,-103.89303,1,1,1.0
41.19173,-103.90532,5,2,0.2
41.19167,-103.88084,4,3,0.2
41.19094,-103.85273,2,4,0.2
41.19073,-103.86836,3,5,0.2
41.20517,-103.72043,1,1,0.8
41.29399,-103.66338,2,2,0.8
41.32239,-103.70087,3,3,0.8
41.28389,-103.66326,4,4,0.2
41.19971,-103.74066,5,5,0.2
41.22104,-103.52877,2,1,0.8
41.26977,-103.48916,1,2,0.8
41.22115,-103.55505,3,3,0.2
41.22125,-103.57695,5,4,0.2
41.2211,-103.54184,4,5,0.2
41.27821,-103.31933,1,1,0.8
41.29267,-103.31939,2,2,0.8
41.30716,-103.31929,5,3,0.8
41.32161,-103.28021,4,4,0.8
41.32151,-103.31906,3,5,0.8
41.3212,-103.23816,1,1,0.8
41.32108,-103.26118,2,2,0.8
41.26488,-102.97362,1,1,1.0
41.26481,-102.95398,2,2,1.0
41.29401,-102.9735,3,3,0.8
41.28781,-103.01873,4,4,0.8
41.27944,-102.97356,5,5,0.8
41.3227,-102.80185,1,1,0.8
41.3228,-102.84024,2,2,0.8
41.3229,-102.85948,4,3,0.8
41.32286,-102.76401,5,4,0.8
41.3227,-102.82106,3,5,0.8
41.32255,-102.7224,1,1,0.8
41.31034,-102.72551,2,2,0.2
41.30042,-102.3415,1,1,0.2
41.3281,-102.33847,5,2,0.2
41.3097,-102.34131,3,3,0.2
41.31915,-102.34065,4,4,0.2
41.28966,-102.34176,2,5,0.2
41.30391,-101.73009,1,1,0.2
41.37725,-101.72906,2,2,0.2
41.37846,-101.17436,1,1,0.2
41.47525,-100.63515,1,1,0.2
41.42253,-100.5015,1,1,1.0
41.40106,-100.52062,2,2,1.0
41.42225,-100.44265,4,3,0.8
41.42249,-100.46233,3,4,0.8
41.39349,-100.5301,5,5,0.8
41.42218,-100.33771,1,1,0.8
41.42301,-100.3184,2,2,0.8
41.4224,-100.37531,3,3,0.2
41.4802,-100.07827,1,1,0.8
41.43698,-100.03967,3,2,0.8
41.4806,-100.05897,2,3,0.8
41.45781,-100.1951,4,4,0.2
41.47791,-100.10228,5,5,0.2
41.48113,-99.94289,1,1,0.8
41.48125,-99.88578,4,2,0.8
41.48105,-99.96233,3,3,0.8
41.48122,-99.90425,2,4,0.8
41.48101,-99.97478,5,5,0.2
41.40057,-99.82735,1,1,0.8
41.4028,-99.81549,2,2,0.2
41.51299,-99.74866,3,3,0.2
41.40391,-99.48969,2,1,0.2
41.40161,-99.56302,1,2,0.2
41.40091,-99.57674,3,3,0.2
41.43137,-99.51993,4,4,0.2
41.46694,-99.63457,5,5,0.2
41.50457,-99.38639,1,1,0.2
41.39416,-99.23832,2,1,0.2
41.40617,-99.18138,1,2,0.2
41.40898,-99.15995,3,3,0.2
41.4239,-99.07794,1,1,0.8
41.44409,-98.99324,3,2,0.2
41.46051,-98.98496,4,3,0.2
41.42323,-99.04913,5,4,0.2
41.40881,-99.01093,2,5,0.8
41.48842,-98.84116,1,1,0.2
41.46617,-98.63587,1,1,0.8
41.46607,-98.60311,3,2,0.2
41.46673,-98.58318,4,3,0.2
41.46639,-98.65453,2,4,0.2
41.42111,-98.47701,1,1,1.0
41.41105,-98.46381,2,2,0.8
41.4523,-98.50299,3,3,0.2
41.45993,-98.5111,4,4,0.2
41.44429,-98.49511,5,5,0.2
41.53856,-98.28978,1,1,0.2
41.53849,-98.27601,2,2,0.2
41.5384,-98.31551,3,3,0.2
41.46689,-98.03351,1,1,0.2
41.46697,-97.9843,1,1,1.0
41.45247,-97.98429,3,2,0.8
41.46691,-98.00355,2,3,0.8
41.43799,-97.98425,4,4,0.8
41.48578,-97.98415,5,5,0.2
41.47945,-97.74395,1,1,0.8
41.5299,-97.69604,2,2,0.8
41.47671,-97.69583,4,3,0.8
41.52013,-97.69603,3,4,0.8
41.47575,-97.72984,5,5,0.2
41.42414,-97.54164,1,1,1.0
41.43858,-97.5993,3,2,0.8
41.52593,-97.59965,2,3,0.8
41.42411,-97.56088,4,4,0.8
41.40952,-97.58012,5,5,0.8
41.49688,-97.46491,1,1,1.0
41.49687,-97.44561,3,2,0.8
41.4562,-97.43589,2,3,0.8
41.45792,-97.46499,5,4,0.8
41.46439,-97.42595,4,5,0.8
41.46552,-97.21407,1,1,0.8
41.49666,-97.27191,2,2,0.8
41.46773,-97.27198,3,3,0.8
41.48213,-97.27186,4,4,0.8
41.51125,-97.28136,5,5,0.8
41.46718,-97.00221,4,1,0.8
41.51056,-97.05964,1,2,1.0
41.46702,-96.96385,2,3,0.8
41.52509,-97.05925,3,4,0.8
41.46707,-96.97787,5,5,0.2
41.46612,-96.84792,5,1,0.8
41.46656,-96.86715,4,2,0.8
41.49559,-96.78068,1,3,0.8
41.51014,-96.78077,2,4,0.8
41.53524,-96.7808,3,5,0.8
41.45662,-96.69355,1,1,0.8
41.45911,-96.71291,3,2,0.8
41.45501,-96.67424,2,3,0.8
41.45934,-96.73211,4,4,0.8
41.50228,-96.4971,1,1,0.8
41.51127,-96.49716,2,2,0.2
41.55655,-96.50195,3,3,0.2
41.49474,-96.30979,1,1,0.8
41.45135,-96.30977,2,2,1.0
41.53837,-96.27113,3,3,1.0
41.48024,-96.30985,4,4,0.8
41.50927,-96.30976,5,5,0.8
41.47289,-96.14434,1,1,1.0
41.45578,-96.13654,2,2,1.0
41.44765,-96.09818,3,3,1.0
41.43669,-96.12562,4,4,0.8
41.42461,-96.11699,5,5,0.8
41.37914,-103.66279,1,1,0.8
41.33734,-103.66407,3,2,0.8
41.36518,-103.66286,2,3,0.8
41.42218,-103.65941,4,4,0.8
41.45129,-103.65931,5,5,0.8
41.38132,-103.03101,1,1,0.8
41.38124,-103.01884,2,2,0.2
41.41001,-102.90628,2,1,0.8
41.40993,-102.9256,1,2,0.8
41.40997,-102.88668,3,3,0.8
41.38099,-102.99205,4,4,0.8
41.43452,-102.98327,5,5,0.2
41.46731,-101.83655,1,1,0.2
41.51927,-101.65694,1,1,0.2
41.52605,-101.3099,1,1,0.2
41.55446,-101.29624,3,2,0.2
41.56095,-101.3196,2,3,0.2
41.55368,-101.11055,2,1,0.2
41.55363,-101.0962,3,2,0.2
41.55383,-101.17534,1,3,0.2
41.55332,-101.00179,2,1,0.8
41.50194,-100.88666,4,2,0.2
41.52377,-100.88657,1,3,1.0
41.55571,-100.88664,5,4,0.2
41.52357,-100.84815,3,5,0.8
41.50921,-100.79078,1,1,1.0
41.50757,-100.76445,4,2,0.2
41.54523,-100.79045,2,3,0.8
41.56681,-100.78441,3,4,0.8
41.51423,-100.80748,5,5,0.2
41.53092,-100.50182,1,1,0.2
41.5089,-100.19494,2,1,0.8
41.60846,-100.19964,1,2,1.0
41.49865,-100.19507,3,3,0.2
41.60976,-100.21411,5,4,0.2
41.59693,-100.19762,4,5,0.2
41.48089,-100.02048,1,1,0.8
41.48103,-100.00122,2,2,0.8
41.48082,-100.03255,3,3,0.2
41.48084,-100.04596,4,4,0.2
41.54786,-99.88448,2,1,0.2
41.61891,-99.82641,1,2,0.8
41.61141,-99.63593,1,1,0.8
41.59967,-99.6359,2,2,0.2
41.5204,-99.58733,5,3,0.2
41.53264,-99.57944,4,4,0.2
41.55048,-99.63942,3,5,0.2
41.58282,-99.47397,1,1,0.8
41.56734,-99.55023,3,2,0.2
41.59723,-99.46446,2,3,0.2
41.59586,-99.44895,4,4,0.2
41.55256,-99.56976,5,5,0.2
41.55383,-99.34677,1,1,0.8
41.55352,-99.29987,2,2,0.2
41.55373,-99.32453,3,3,0.2
41.61129,-99.07786,1,1,0.8
41.61151,-99.03662,2,2,0.2
41.59631,-99.18815,3,3,0.2
41.61061,-99.1663,4,4,0.2
41.571,-98.92401,1,1,0.2
41.61136,-99.01333,3,2,0.2
41.56271,-98.91901,2,3,0.2
41.53908,-98.91437,4,4,0.2
41.58192,-98.54056,1,1,1.0
41.58191,-98.55845,4,2,0.2
41.60601,-98.54074,3,3,0.2
41.6251,-98.54097,2,4,0.8
41.63591,-98.54093,5,5,0.2
41.5385,-98.34898,1,1,0.8
41.53847,-98.38672,2,2,0.2
41.53864,-98.41427,3,3,0.2
41.53844,-98.40194,5,4,0.2
41.5385,-98.37349,4,5,0.2
41.60822,-98.14827,4,1,0.8
41.5385,-98.27229,2,2,0.8
41.53822,-98.21483,1,3,0.8
41.53827,-98.23723,5,4,0.2
41.5383,-98.19572,3,5,0.8
41.56731,-98.06124,2,1,0.8
41.56804,-97.98458,1,2,1.0
41.58251,-97.98447,3,3,0.8
41.5679,-98.00379,5,4,0.8
41.56751,-98.04231,4,5,0.8
41.56853,-97.90268,3,1,0.2
41.56863,-97.77327,1,2,0.8
41.56852,-97.7926,2,3,0.8
41.56864,-97.81913,4,4,0.2
41.56843,-97.9286,5,5,0.2
41.62718,-97.69678,1,1,0.8
41.64167,-97.69686,4,2,0.8
41.59822,-97.69645,2,3,0.8
41.58376,-97.69642,3,4,0.8
41.61277,-97.6966,5,5,0.8
41.61321,-97.46514,1,1,1.0
41.59853,-97.46515,2,2,0.8
41.58419,-97.46522,4,3,0.8
41.61299,-97.54287,5,4,0.8
41.64216,-97.4652,3,5,1.0
41.61275,-97.34873,1,1,1.0
41.61296,-97.38753,2,2,1.0
41.58378,-97.34886,3,3,0.8
41.59826,-97.34875,5,4,0.8
41.5693,-97.34906,4,5,0.8
41.61222,-97.05922,2,1,0.8
41.64116,-97.05931,4,2,0.8
41.59044,-97.05929,1,3,0.8
41.6267,-97.05927,3,4,0.8
41.59941,-97.05925,5,5,0.2
41.62641,-96.79003,1,1,0.8
41.56607,-96.7893,2,2,0.8
41.55383,-96.78068,3,3,0.8
41.59741,-96.79007,5,4,0.8
41.61191,-96.79005,4,5,0.8
41.64028,-96.55756,1,1,0.8
41.65439,-96.55894,2,2,0.8
41.66934,-96.61717,4,3,0.8
41.5819,-96.502,3,4,0.8
41.66895,-96.55988,5,5,0.8
41.61096,-96.42523,2,1,0.8
41.65442,-96.38654,5,2,0.8
41.6546,-96.42524,4,3,0.8
41.66907,-96.40579,3,4,0.8
41.61091,-96.40576,1,5,0.8
41.5455,-96.23251,2,1,0.8
41.6084,-96.30964,3,2,0.8
41.59278,-96.30974,4,3,0.8
41.61829,-96.21305,1,4,0.8
41.58188,-96.30976,5,5,0.8
41.58808,-96.02498,1,1,0.8
41.65016,-96.02583,3,2,0.8
41.63298,-96.09393,2,3,0.8
41.66042,-96.03108,4,4,0.8
41.56316,-96.03398,5,5,0.8
41.49484,-103.65835,1,1,0.8
41.48024,-103.65817,2,2,0.8
41.51175,-103.65831,3,3,0.2
41.46954,-103.65891,4,4,0.2
41.4581,-103.65916,5,5,0.2
41.55491,-103.02495,3,1,0.2
41.58337,-102.98402,2,2,0.2
41.56856,-102.98463,1,3,0.2
41.55415,-102.59814,1,1,0.8
41.54482,-102.59812,2,2,0.2
41.58429,-102.21379,2,1,0.2
41.56562,-102.21375,3,2,0.2
41.60966,-102.21335,1,3,0.2
41.61489,-101.46429,1,1,0.2
41.58993,-101.44166,2,2,0.2
41.59796,-101.25226,1,1,0.2
41.56214,-101.25024,2,2,0.2
41.61076,-100.9627,1,1,1.0
41.6386,-100.96263,2,2,0.2
41.62223,-100.96266,3,3,0.2
41.65525,-100.96249,4,4,0.2
41.59161,-100.88624,1,1,0.8
41.58127,-100.88629,2,2,0.2
41.6155,-100.85643,3,3,0.2
41.58869,-100.86261,5,4,0.2
41.60277,-100.85735,4,5,0.2
41.60968,-100.49031,1,1,1.0
41.62751,-100.49844,5,2,0.2
41.6733,-100.50816,3,3,0.2
41.63894,-100.50146,4,4,0.2
41.65019,-100.50226,2,5,0.2
41.61178,-100.24351,1,1,0.2
41.60996,-100.23072,2,2,0.2
41.63235,-100.0706,1,1,0.8
41.63954,-100.10958,2,2,0.2
41.68131,-100.15587,3,3,0.2
41.69219,-100.15561,4,4,0.2
41.63931,-100.12985,5,5,0.2
41.69084,-99.94688,1,1,0.2
41.68394,-99.93734,3,2,0.2
41.71274,-99.97661,4,3,0.2
41.69614,-99.95746,2,4,0.2
41.7235,-99.98537,5,5,0.2
41.66562,-99.73118,2,1,0.2
41.61894,-99.8071,1,2,0.8
41.61894,-99.79474,3,3,0.2
41.63052,-99.6359,1,1,0.2
41.64026,-99.65919,2,2,0.2
41.69805,-99.48167,1,1,0.8
41.70523,-99.37255,2,2,0.2
41.69351,-99.47103,3,3,0.2
41.68527,-99.46491,4,4,0.2
41.69602,-99.36922,5,5,0.2
41.63885,-98.87826,1,1,0.2
41.6968,-98.54193,1,1,1.0
41.69727,-98.49146,2,2,0.2
41.69738,-98.52506,3,3,0.2
41.69725,-98.50708,4,4,0.2
41.71765,-98.54359,5,5,0.2
41.68316,-98.263,1,1,0.8
41.72647,-98.25364,2,2,0.8
41.68315,-98.23898,4,3,0.8
41.74133,-98.25402,3,4,0.8
41.71052,-98.24987,5,5,0.2
41.68302,-98.09955,1,1,0.8
41.68288,-98.17626,2,2,0.8
41.68299,-98.13814,3,3,0.8
41.68313,-98.11331,5,4,0.2
41.68292,-98.16377,4,5,0.2
41.72732,-97.97807,1,1,0.8
41.6989,-97.90806,2,2,0.8
41.69875,-97.93745,4,3,0.2
41.69899,-97.88869,3,4,0.8
41.69911,-97.8693,5,5,0.8
41.69945,-97.77352,1,1,1.0
41.69961,-97.7544,2,2,0.8
41.69924,-97.83075,4,3,0.8
41.6992,-97.85001,3,4,0.8
41.71394,-97.7734,5,5,0.8
41.7001,-97.54233,1,1,0.8
41.7002,-97.61955,2,2,0.8
41.70005,-97.63905,4,3,1.0
41.72201,-97.61945,5,4,0.8
41.70013,-97.52343,3,5,0.8
41.71452,-97.43845,1,1,1.0
41.71445,-97.42612,3,2,0.8
41.71437,-97.40686,2,3,0.8
41.72917,-97.46469,4,4,0.8
41.67075,-97.34925,5,5,0.8
41.72832,-97.21407,1,1,0.8
41.71422,-97.29168,4,2,0.8
41.71421,-97.31088,5,3,0.8
41.71373,-97.19466,3,4,0.8
41.78651,-97.21348,2,5,0.8
41.71363,-97.05941,1,1,1.0
41.75752,-97.05851,3,2,0.8
41.74302,-97.05854,4,3,0.8
41.77182,-97.00057,5,4,0.8
41.7136,-97.04002,2,5,0.8
41.71365,-96.94496,1,1,0.8
41.78624,-96.88401,2,2,0.8
41.70641,-96.82396,3,3,0.2
41.75905,-96.88423,5,4,0.2
41.67655,-96.78995,4,5,0.2
41.72787,-96.6844,1,1,0.8
41.70633,-96.73269,2,2,0.8
41.80039,-96.6766,3,3,0.2
41.70446,-96.72025,4,4,0.2
41.66912,-96.50238,1,1,1.0
41.71266,-96.44451,2,2,0.8
41.65447,-96.50518,4,3,0.8
41.71265,-96.42503,5,4,0.8
41.68363,-96.50236,3,5,0.8
41.66537,-96.3093,1,1,1.0
41.71242,-96.34759,3,2,0.8
41.71236,-96.32881,2,3,0.8
41.75044,-96.2614,4,4,0.8
41.75634,-96.36669,5,5,0.8
41.77972,-96.13905,1,1,0.8
41.77813,-96.15366,2,2,0.8
41.73383,-96.04818,3,3,0.8
41.78909,-96.13869,4,4,0.2
41.77816,-96.16773,5,5,0.2
41.63811,-104.0528,1,1,0.8
41.63979,-103.9846,2,2,0.2
41.63973,-103.90377,1,1,0.2
41.67627,-103.22119,1,1,0.2
41.6704,-103.17629,3,1,0.2
41.6245,-103.09918,2,2,0.2
41.67042,-103.16101,4,3,0.2
41.61066,-103.099,1,4,0.2
41.59829,-102.95276,1,1,0.2
41.62353,-103.024,3,2,0.2
41.59634,-102.98385,2,3,0.2
41.70435,-102.39843,1,1,0.2
41.74691,-102.42545,2,2,0.2
41.64609,-102.21352,2,1,0.2
41.65658,-102.21327,1,2,0.2
41.68975,-102.16883,3,3,0.2
41.75025,-102.0486,1,1,0.2
41.77504,-101.49669,1,1,0.2
41.72657,-101.25232,1,1,0.2
41.67787,-100.93548,1,1,0.8
41.67849,-100.96217,2,2,0.2
41.69986,-100.7698,1,1,0.2
41.73916,-100.13506,1,1,0.2
41.73837,-100.15189,3,2,0.2
41.72507,-100.15528,2,3,0.2
41.739,-100.10552,2,1,0.8
41.77191,-100.09157,1,2,1.0
41.76353,-100.07267,3,3,0.2
41.74529,-100.02139,5,4,0.2
41.75287,-100.09177,4,5,0.2
41.77025,-99.45394,1,1,0.8
41.83231,-99.55414,2,2,0.2
41.79821,-99.37977,2,1,0.2
41.83764,-99.38006,1,2,0.2
41.81001,-99.37979,3,3,0.2
41.82504,-99.37981,4,4,0.2
41.81685,-99.10813,1,1,0.2
41.82504,-99.10237,2,2,0.2
41.84361,-99.20521,3,3,0.2
41.84821,-99.08814,5,4,0.2
41.8584,-99.08714,4,5,0.2
41.823,-98.99165,1,1,0.8
41.78408,-98.97195,2,2,0.8
41.78403,-98.94517,4,3,0.2
41.784,-98.92843,3,4,0.2
41.79119,-98.99111,5,5,0.2
41.78374,-98.81808,1,1,0.8
41.78341,-98.78883,2,2,0.8
41.78346,-98.80348,3,3,0.2
41.78337,-98.76874,4,4,0.2
41.78335,-98.75256,5,5,0.2
41.78367,-98.60504,1,1,0.8
41.85622,-98.54786,2,2,0.8
41.78361,-98.58018,3,3,0.2
41.78372,-98.55691,5,4,0.2
41.83304,-98.54737,4,5,0.2
41.85034,-98.13892,1,1,0.2
41.8504,-98.0264,1,1,0.8
41.85066,-98.00715,2,2,0.8
41.85518,-97.98725,3,3,0.8
41.85032,-98.03864,5,4,0.2
41.85762,-97.96865,4,5,0.8
41.85808,-97.9299,4,1,0.8
41.87279,-97.83314,3,2,0.8
41.82934,-97.77509,5,3,1.0
41.82919,-97.85235,1,4,0.8
41.85825,-97.83307,2,5,1.0
41.82954,-97.69756,2,1,0.8
41.82956,-97.67822,1,2,0.8
41.82967,-97.65884,3,3,0.8
41.84421,-97.60069,4,4,0.8
41.82974,-97.60074,5,5,1.0
41.82962,-97.52314,2,1,0.8
41.82957,-97.50373,1,2,0.8
41.82972,-97.5813,3,3,1.0
41.82961,-97.54252,5,4,0.8
41.78663,-97.46498,4,5,0.8
41.83004,-97.27138,2,1,0.8
41.83002,-97.32939,1,2,0.8
41.8299,-97.39707,3,3,1.0
41.83004,-97.31164,5,4,0.2
41.8301,-97.25221,4,5,0.8
41.80099,-97.21358,3,1,0.8
41.85917,-97.05844,4,2,0.8
41.83013,-97.13228,5,3,0.2
41.83021,-97.09714,2,4,0.8
41.83022,-97.11648,1,5,0.8
41.8297,-96.88404,1,1,1.0
41.84422,-96.92288,3,2,0.8
41.82996,-97.00028,2,3,1.0
41.87321,-96.92266,4,4,0.8
41.88765,-96.92282,5,5,0.8
41.82973,-96.80658,1,1,0.8
41.82977,-96.82609,2,2,0.8
41.82973,-96.84538,4,3,0.8
41.82946,-96.76802,3,4,0.8
41.89836,-96.80998,5,5,0.8
41.82915,-96.61339,1,1,1.0
41.81468,-96.61295,5,2,0.8
41.87232,-96.541,3,3,0.8
41.87286,-96.65227,4,4,0.8
41.82897,-96.5747,2,5,0.8
41.84348,-96.38606,1,1,0.8
41.78543,-96.42499,3,2,0.8
41.8578,-96.3473,2,3,0.8
41.88683,-96.34738,5,4,0.8
41.78552,-96.40557,4,5,0.8
41.82932,-96.17809,3,1,0.8
41.80341,-96.13408,2,2,0.8
41.8144,-96.13405,1,3,0.8
41.84031,-96.08852,3,1,0.8
41.84757,-96.09621,1,2,0.8
41.86528,-96.0886,2,3,0.8
41.86596,-96.10314,4,4,0.8
41.88695,-96.08984,5,5,0.8
41.66895,-103.94755,1,1,0.8
41.68343,-103.94745,2,2,0.8
41.65181,-103.94766,3,3,0.2
41.81453,-103.421,1,1,0.8
41.75841,-103.28373,2,1,0.2
41.80369,-103.15448,1,2,0.2
41.78808,-103.15501,3,3,0.2
41.79014,-102.45577,1,1,0.8
41.80037,-102.58084,2,2,0.8
41.80898,-102.56791,5,3,0.2
41.78957,-102.43443,3,4,0.2
41.77016,-102.4422,4,5,0.2
41.8494,-102.34205,1,1,0.2
41.83071,-102.35208,3,2,0.2
41.83588,-102.37352,2,3,0.2
41.82144,-102.39754,4,4,0.2
41.82989,-102.38648,5,5,0.2
41.80548,-101.48825,1,1,0.2
41.81045,-101.02353,1,1,0.2
41.88017,-100.67073,1,1,0.2
41.88289,-100.72074,3,2,0.2
41.89163,-100.70234,2,3,0.2
41.92661,-100.47882,2,1,0.2
41.9383,-100.48228,4,2,0.2
41.94757,-100.49134,5,3,0.2
41.86964,-100.55882,1,4,0.2
41.84325,-100.55047,3,5,0.2
41.90356,-100.33771,1,1,0.2
41.9058,-100.3496,3,2,0.2
41.90877,-100.37068,2,3,0.2
41.9097,-100.38637,5,4,0.2
41.90284,-100.31986,4,5,0.2
41.92127,-99.93309,2,1,0.2
41.92406,-99.91382,1,2,0.2
41.88402,-100.0145,3,3,0.2
41.90716,-99.71999,1,1,0.2
41.90623,-99.77297,2,2,0.2
41.90707,-99.73675,3,3,0.2
41.90704,-99.74914,4,4,0.2
41.90682,-99.78885,5,5,0.2
41.88262,-99.38401,5,1,0.2
41.89872,-99.38394,2,2,0.2
41.86762,-99.3827,3,3,0.2
41.90784,-99.38402,4,4,0.2
41.85296,-99.38141,1,5,0.8
41.91873,-99.30556,1,1,0.2
41.85234,-99.21464,2,2,0.2
41.87079,-99.08741,2,1,0.8
41.89248,-99.08755,1,2,0.8
41.941,-99.08868,4,3,0.2
41.88052,-99.08765,3,4,0.2
41.95831,-99.08849,5,5,0.2
41.98676,-98.54866,1,1,1.0
41.97223,-98.54785,5,2,1.0
41.98706,-98.50905,2,3,0.8
41.98717,-98.4897,3,4,0.8
41.98719,-98.47013,4,5,0.8
41.95856,-98.27756,1,1,0.8
41.98732,-98.31531,3,2,0.8
41.97281,-98.37349,4,3,0.8
41.98747,-98.29573,2,4,1.0
41.98737,-98.37358,5,5,0.8
41.97312,-98.20018,4,1,0.8
41.94406,-98.21952,1,2,0.8
41.91526,-98.08432,3,3,0.8
41.94415,-98.18057,5,4,0.8
41.94435,-98.14234,2,5,0.8
41.98839,-97.96019,1,1,1.0
41.97379,-97.95969,2,2,0.8
42.00272,-97.96496,3,3,0.8
41.98798,-98.00796,5,4,0.8
41.98779,-98.02741,4,5,0.8
41.97443,-97.73684,2,1,0.8
41.91638,-97.73653,3,2,0.8
41.93088,-97.7754,1,3,0.8
41.88743,-97.73653,4,4,0.8
41.93087,-97.71746,5,5,0.8
41.96015,-97.60087,1,1,1.0
41.91669,-97.60052,2,2,0.8
41.93097,-97.52316,3,3,0.8
41.94831,-97.6008,4,4,0.2
41.97452,-97.50429,5,5,0.8
41.96016,-97.42657,1,1,1.0
41.93131,-97.40715,2,2,1.0
41.96027,-97.40686,4,3,0.8
41.91666,-97.42626,5,4,0.8
41.9458,-97.40714,3,5,0.8
41.9896,-97.21419,2,1,0.8
42.01839,-97.22875,3,2,0.8
42.01848,-97.21439,1,3,1.0
41.98042,-97.21415,5,4,0.2
42.00399,-97.21443,4,5,0.8
41.96032,-96.98149,2,1,0.8
41.93147,-97.05886,1,2,1.0
41.88812,-97.0585,3,3,0.8
41.93164,-97.0977,4,4,0.8
41.90258,-97.05832,5,5,0.8
41.96016,-96.80687,1,1,0.8
42.018,-96.88369,2,2,0.8
41.91677,-96.92267,3,3,0.8
41.9603,-96.94258,4,4,0.8
42.0035,-96.87214,5,5,0.2
42.00359,-96.70994,1,1,1.0
41.93097,-96.69033,2,2,0.8
42.00354,-96.69047,5,3,0.8
42.00346,-96.67108,4,4,0.8
41.96001,-96.70976,3,5,0.8
41.93771,-96.42494,2,1,0.8
41.93768,-96.4079,3,2,0.8
41.93759,-96.55318,5,3,0.8
42.00283,-96.46307,1,4,1.0
41.98838,-96.46301,4,5,0.8
41.93028,-96.34722,1,1,0.8
41.93034,-96.36666,2,2,0.8
41.93043,-96.40335,3,3,0.8
41.93039,-96.38608,4,4,0.8
42.00263,-96.34714,5,5,0.8
41.9651,-96.08888,1,1,1.0
41.95797,-96.10299,2,2,0.8
41.96743,-96.10192,3,3,0.8
41.9029,-96.10423,4,4,0.8
41.96508,-96.05013,5,5,0.8
41.87132,-104.01235,1,1,0.2
41.87129,-103.97838,2,2,0.2
41.83729,-103.59772,1,1,0.8
41.8147,-103.44059,1,1,0.8
41.8603,-103.57305,2,2,0.8
41.83825,-103.49966,3,3,0.2
41.8796,-103.4986,4,4,0.2
41.81475,-103.4528,5,5,0.2
41.79563,-103.32441,1,1,0.2
41.8117,-103.15034,1,1,1.0
41.84094,-103.13112,2,2,0.8
41.85201,-103.12433,3,3,0.8
41.8644,-103.11464,4,4,0.2
41.83635,-103.1448,5,5,0.2
41.91508,-103.05706,2,1,0.2
41.92844,-103.03865,1,2,0.2
41.88394,-102.59399,1,1,1.0
41.93227,-102.58947,5,2,0.2
41.8931,-102.59328,4,3,0.2
41.91553,-102.591,3,4,0.2
41.9469,-102.57928,2,5,0.2
41.93893,-102.36821,1,1,0.2
41.8911,-102.34921,2,2,0.2
41.94674,-101.92302,1,1,0.2
41.91455,-101.1793,1,1,0.2
41.97787,-100.97587,1,1,0.2
41.98476,-101.04402,2,2,0.2
41.94248,-101.04724,3,3,0.2
42.01861,-100.77645,1,1,0.2
42.02444,-100.80201,2,2,0.2
42.04249,-100.54139,2,1,0.2
42.03336,-100.54137,1,2,0.2
41.9463,-100.55422,3,3,0.2
42.04242,-100.26768,1,1,0.2
42.02779,-100.26759,2,2,0.2
41.95423,-100.27565,4,3,0.2
42.00027,-100.27828,3,4,0.2
42.02091,-99.85928,1,1,0.2
42.08664,-99.5248,1,1,1.0
42.0751,-99.51438,2,2,0.8
42.0332,-99.47288,3,3,0.8
42.06193,-99.50114,4,4,0.2
42.05139,-99.49054,5,5,0.2
42.04404,-99.07018,1,1,1.0
42.06669,-99.07026,3,2,0.8
42.05838,-99.09481,2,3,0.8
41.98623,-99.08051,4,4,0.8
42.01826,-99.07265,5,5,0.2
42.04416,-98.99148,2,1,0.8
42.04421,-99.01208,1,2,0.8
42.04415,-99.04084,4,3,0.2
42.04416,-99.02569,3,4,0.2
42.05891,-98.64516,1,1,0.8
42.07341,-98.64509,2,2,0.8
42.00088,-98.56758,3,3,0.8
42.08859,-98.65026,4,4,0.8
42.02814,-98.60611,5,5,0.2
41.98732,-98.40284,1,1,0.8
41.9873,-98.43397,2,2,0.2
41.98731,-98.42065,4,3,0.2
41.98736,-98.38692,3,4,0.2
42.0892,-98.18413,1,1,1.0
42.10367,-98.19871,4,2,0.8
42.0879,-98.23934,2,3,0.8
42.07449,-98.23922,5,4,0.8
42.05991,-98.16237,3,5,0.8
42.06015,-98.02745,2,1,1.0
42.06011,-98.04686,1,2,1.0
42.028,-97.96952,5,3,0.8
42.04543,-98.05809,3,4,0.8
42.05994,-98.10415,4,5,0.8
41.99926,-97.83385,1,1,0.2
42.07585,-97.73727,1,1,1.0
42.0616,-97.60137,2,2,0.8
42.08576,-97.73735,3,3,0.2
41.98906,-97.6884,5,4,0.2
42.07343,-97.60139,4,5,0.2
42.04687,-97.50431,3,1,0.8
42.06143,-97.50432,1,2,0.8
42.07588,-97.50442,2,3,0.8
42.01828,-97.29098,1,1,0.8
42.01822,-97.26064,2,2,0.2
42.0183,-97.31709,3,3,0.2
42.10524,-97.25691,4,4,0.2
42.01827,-97.3387,5,5,0.2
42.03684,-97.05851,2,1,0.8
42.01857,-97.13662,1,2,0.8
42.01861,-97.11715,3,3,0.8
42.01858,-97.15157,4,4,0.2
42.11271,-97.19314,5,5,0.2
42.04699,-96.88385,1,1,0.8
42.09059,-97.01876,2,2,0.8
42.11957,-97.018,4,3,0.8
42.03249,-96.88381,5,4,0.8
42.0474,-96.95167,3,5,0.8
42.04697,-96.76755,1,1,0.8
42.04707,-96.70984,4,2,1.0
42.11965,-96.82331,5,3,0.8
42.1194,-96.76517,2,4,0.8
42.00361,-96.74912,3,5,0.8
42.1191,-96.60931,1,1,0.8
42.1192,-96.64825,3,2,0.8
42.11897,-96.55091,2,3,0.8
42.11912,-96.58994,4,4,0.8
42.11908,-96.57046,5,5,0.8
42.06087,-96.463,1,1,1.0
42.04634,-96.46302,2,2,0.8
42.08978,-96.46278,3,3,0.8
42.03182,-96.463,4,4,0.8
42.10433,-96.46291,5,5,0.8
42.05605,-96.19364,4,1,1.0
42.04521,-96.16959,1,2,1.0
42.06973,-96.19429,5,3,0.8
42.12779,-96.20155,2,4,1.0
42.04843,-96.15431,3,5,1.0
42.08285,-96.11729,1,1,0.8
42.09348,-96.12516,2,2,0.8
42.03005,-96.02107,3,3,0.8
42.06576,-96.10459,4,4,0.2
42.07364,-96.11043,5,5,0.2
41.96535,-103.97012,1,1,0.2
41.89097,-103.92845,5,2,0.2
41.91475,-103.99468,4,3,0.2
41.96736,-103.98615,2,4,0.2
41.97034,-104.00334,3,5,0.2
41.92831,-103.73627,1,1,0.8
41.92934,-103.77124,2,2,0.2
41.94319,-103.76686,4,3,0.2
41.94322,-103.75187,3,4,0.2
41.92073,-103.74921,5,5,0.2
42.00303,-103.36853,1,1,0.8
41.97643,-103.41328,2,2,0.2
41.99764,-103.39539,4,3,0.2
41.98898,-103.40004,3,4,0.2
41.95067,-103.00665,1,1,0.2
41.96124,-102.98856,2,2,0.2
41.96943,-102.97805,4,3,0.2
41.94437,-103.01591,3,4,0.2
42.03102,-102.92691,1,1,0.8
42.01649,-102.9395,2,2,0.8
42.03882,-102.92026,4,3,0.2
41.99622,-102.9567,3,4,0.2
42.02473,-102.58186,3,1,0.2
41.99268,-102.57897,4,2,0.2
41.97769,-102.57795,2,3,0.2
42.0652,-102.53835,1,4,0.2
41.98398,-102.37209,1,1,0.2
42.04918,-102.25998,2,2,0.2
42.03272,-102.15444,1,1,0.2
42.04077,-102.20044,2,2,0.2
42.02562,-102.21981,4,3,0.2
42.04367,-102.22849,3,4,0.2
42.03701,-101.51967,1,1,0.2
42.09424,-101.03636,1,1,0.2
42.13944,-101.10171,2,2,0.2
42.12105,-100.81042,1,1,1.0
42.08428,-100.81343,2,2,0.2
42.03401,-100.88071,3,3,0.2
42.08696,-100.54102,2,1,0.8
42.06198,-100.54104,1,2,1.0
42.12047,-100.5381,3,3,0.2
42.07164,-100.54095,5,4,0.2
42.11118,-100.53895,4,5,0.2
42.18884,-100.12418,1,1,0.2
42.17076,-99.87291,1,1,0.2
42.13562,-99.86405,2,2,0.2
42.0993,-99.86889,3,3,0.2
42.14797,-99.52618,3,1,1.0
42.13016,-99.5649,1,2,0.8
42.13002,-99.52613,2,3,0.8
42.13927,-99.56491,4,4,0.2
42.11752,-99.52608,5,5,0.2
42.15171,-99.49706,1,1,0.8
42.16407,-99.49727,2,2,0.2
42.1732,-99.49932,3,3,0.2
42.17324,-99.51176,4,4,0.2
42.13171,-99.04027,1,1,1.0
42.1215,-99.04025,3,2,0.8
42.13167,-99.0802,4,3,0.8
42.16058,-99.00615,2,4,0.8
42.16837,-99.06975,5,5,0.8
42.20454,-98.84606,1,1,0.8
42.20463,-98.80715,2,2,0.8
42.19025,-98.78797,3,3,0.8
42.21913,-98.90394,4,4,1.0
42.20456,-98.90398,5,5,1.0
42.17569,-98.70984,1,1,1.0
42.17571,-98.67042,2,2,1.0
42.14665,-98.67089,3,3,1.0
42.17575,-98.69056,4,4,1.0
42.17571,-98.6509,5,5,1.0
42.17591,-98.45642,4,1,1.0
42.17584,-98.59325,3,2,0.8
42.16126,-98.45654,1,3,1.0
42.16136,-98.43691,2,4,1.0
42.13223,-98.45623,5,5,0.8
42.17571,-98.31997,2,1,1.0
42.1613,-98.32001,1,2,1.0
42.16143,-98.33955,3,3,1.0
42.17586,-98.35899,5,4,1.0
42.14687,-98.33961,4,5,0.8
42.11818,-98.18429,1,1,1.0
42.14713,-98.22342,3,2,1.0
42.21928,-98.12577,2,3,0.8
42.23376,-98.12587,4,4,0.8
42.16186,-98.22836,5,5,0.2
42.13325,-97.93166,1,1,0.8
42.13301,-97.98514,3,2,0.2
42.13314,-97.94458,5,3,0.2
42.20526,-97.99671,2,4,0.2
42.20989,-98.029,4,5,0.2
42.23485,-97.79597,1,1,1.0
42.22037,-97.79616,2,2,0.8
42.21105,-97.79611,3,3,0.2
42.23496,-97.77322,4,4,0.2
42.24405,-97.79598,5,5,0.2
42.1631,-97.54309,1,1,1.0
42.23533,-97.64005,2,2,0.8
42.20637,-97.57862,3,3,0.2
42.23583,-97.38753,1,1,0.8
42.22102,-97.42643,2,2,0.8
42.23579,-97.40699,3,3,0.8
42.23575,-97.36118,4,4,0.2
42.14321,-97.42618,5,5,0.2
42.23551,-97.21275,3,1,0.8
42.23558,-97.23227,2,2,0.8
42.21134,-97.17378,4,3,0.2
42.14869,-97.19318,1,4,0.8
42.24161,-97.19325,5,5,0.2
42.17754,-97.01784,1,1,0.8
42.16304,-97.01789,2,2,0.8
42.14852,-97.01793,3,3,0.8
42.19992,-97.01773,4,4,0.2
42.13634,-97.01797,5,5,0.2
42.20646,-96.86248,1,1,0.8
42.16351,-96.86221,2,2,0.8
42.13427,-96.86217,3,3,0.8
42.19189,-96.86249,4,4,0.8
42.17739,-96.86224,5,5,0.8
42.20598,-96.72601,1,1,0.8
42.22043,-96.72624,2,2,0.8
42.24493,-96.72645,3,3,0.2
42.23058,-96.72633,4,4,0.2
42.11918,-96.66116,5,5,0.2
42.14811,-96.44416,1,1,0.8
42.21998,-96.41936,2,2,0.8
42.1912,-96.41689,3,3,1.0
42.11926,-96.50394,5,4,0.2
42.205,-96.4372,4,5,0.8
42.18545,-96.25196,1,1,1.0
42.18532,-96.27134,4,2,0.8
42.19994,-96.25179,2,3,0.8
42.16865,-96.25204,3,4,0.8
42.2292,-96.27074,5,5,0.8
42.15581,-96.10057,1,1,1.0
42.15589,-96.11685,2,2,0.8
42.22808,-96.13535,4,3,0.8
42.22834,-96.15458,5,4,0.8
42.17005,-96.09727,3,5,0.8
42.02112,-104.02787,1,1,0.2
41.99762,-103.91174,1,1,0.2
42.06869,-103.67916,1,1,0.2
42.05977,-103.6805,3,2,0.2
42.12861,-103.67897,2,3,0.2
42.10365,-102.99499,1,1,0.8
42.10346,-102.9754,2,2,0.8
42.10369,-103.01456,3,3,0.8
42.10249,-102.9583,5,4,0.8
42.10372,-103.03419,4,5,0.8
42.09132,-102.79916,2,1,0.8
42.09168,-102.77982,3,2,0.8
42.1634,-102.86051,1,3,0.8
42.17832,-102.86132,4,4,0.8
42.14889,-102.85966,5,5,0.8
42.09863,-102.59487,1,1,0.2
42.13711,-102.59235,2,2,0.2
42.13672,-102.23728,1,1,0.2
42.21706,-101.71674,1,1,0.2
42.23265,-101.7142,2,2,0.2
42.20313,-101.52126,1,1,0.2
42.17297,-101.03562,2,1,0.2
42.25406,-101.03255,1,2,0.2
42.24706,-100.53566,1,1,0.2
42.18796,-100.52798,2,2,0.2
42.30183,-100.4298,1,1,0.2
42.23239,-100.06525,2,1,0.2
42.22705,-100.07527,1,2,0.2
42.28119,-99.86685,1,1,1.0
42.23777,-99.87152,2,2,0.8
42.31744,-99.86768,4,3,0.8
42.24931,-99.87157,3,4,0.8
42.2778,-99.88747,5,5,0.2
42.26032,-99.52666,2,1,1.0
42.24595,-99.52651,1,2,1.0
42.23656,-99.52645,5,3,0.2
42.20239,-99.52628,3,4,0.8
42.30462,-99.53482,4,5,0.8
42.29144,-98.96346,1,1,0.8
42.23349,-98.96327,2,2,1.0
42.26239,-98.96334,5,3,0.8
42.24798,-98.9633,4,4,0.8
42.23529,-98.91249,3,5,0.8
42.2627,-98.7101,1,1,1.0
42.23363,-98.71016,2,2,1.0
42.23356,-98.7295,3,3,0.8
42.26268,-98.72973,4,4,0.8
42.27733,-98.65136,1,1,1.0
42.26281,-98.65133,2,2,1.0
42.33536,-98.65144,3,3,1.0
42.26272,-98.69056,4,4,1.0
42.24823,-98.65104,5,5,0.8
42.30786,-98.41723,1,1,1.0
42.32112,-98.43668,3,2,1.0
42.33447,-98.45631,2,3,1.0
42.34995,-98.41727,4,4,1.0
42.24403,-98.39769,5,5,1.0
42.24831,-98.24284,3,1,1.0
42.30629,-98.2425,1,2,0.8
42.30788,-98.18421,4,3,0.8
42.33544,-98.30045,2,4,0.8
42.24826,-98.26244,5,5,0.8
42.26274,-98.10681,5,1,0.8
42.26278,-98.08731,3,2,0.8
42.30633,-98.02899,1,3,0.8
42.34014,-98.04859,2,4,0.8
42.27728,-98.12635,4,5,0.8
42.30683,-97.89316,1,1,0.8
42.23448,-97.89308,2,2,0.8
42.33581,-97.89315,3,3,0.8
42.35033,-97.8734,5,4,0.8
42.27787,-97.89326,4,5,0.8
42.32226,-97.67911,1,1,0.8
42.35113,-97.64032,2,2,1.0
42.30423,-97.71778,4,3,0.8
42.35114,-97.65983,3,4,0.8
42.32708,-97.7569,5,5,0.8
42.36576,-97.52363,1,1,1.0
42.2933,-97.52358,4,2,0.8
42.26436,-97.52389,2,3,0.8
42.24993,-97.52394,3,4,0.8
42.29351,-97.4264,5,5,0.8
42.23563,-97.31027,2,1,0.8
42.23566,-97.29083,1,2,0.8
42.23562,-97.32974,3,3,0.8
42.35152,-97.19353,1,1,0.8
42.32249,-97.19348,2,2,0.8
42.337,-97.19321,4,3,0.8
42.23546,-97.15427,3,4,0.8
42.30144,-97.19338,5,5,0.2
42.33684,-97.01779,1,1,0.8
42.29346,-97.01779,3,2,0.8
42.23537,-96.93984,4,3,0.8
42.23558,-96.95916,2,4,0.8
42.32241,-97.0177,5,5,0.8
42.29319,-96.78394,1,1,0.8
42.29307,-96.79703,4,2,0.2
42.33664,-96.86178,5,3,0.8
42.29324,-96.82261,3,4,0.8
42.29285,-96.76568,2,5,0.8
42.32214,-96.65797,1,1,0.8
42.33658,-96.65796,2,2,0.8
42.34322,-96.64881,3,3,0.2
42.34744,-96.35016,1,1,0.2
42.32271,-96.35834,2,2,0.2
42.30093,-96.23213,1,1,1.0
42.28653,-96.23218,2,2,0.8
42.27208,-96.2322,3,3,0.8
42.27597,-96.26125,4,4,0.8
42.34431,-96.25201,5,5,0.8
42.32786,-96.03501,1,1,0.8
42.29907,-95.94129,2,2,0.8
42.21017,-103.79323,2,1,0.2
42.20051,-103.79521,1,2,0.2
42.21919,-103.79121,3,3,0.2
42.22872,-103.7887,4,4,0.2
42.20985,-103.65908,2,1,0.2
42.19843,-103.65905,1,2,0.2
42.25006,-103.65952,3,3,0.2
42.26082,-103.66003,4,4,0.2
42.28149,-103.03386,1,1,0.8
42.25706,-103.01383,2,2,0.8
42.24812,-103.00648,3,3,0.2
42.27301,-103.02691,4,4,0.2
42.26506,-103.02038,5,5,0.2
42.23695,-102.88443,1,1,1.0
42.20601,-102.92237,2,2,1.0
42.25189,-102.88521,3,3,0.8
42.26184,-102.88583,5,4,0.8
42.20653,-102.90255,4,5,0.8
42.33576,-101.72547,1,1,0.2
42.25614,-101.7209,2,2,0.2
42.31716,-101.02697,1,1,0.2
42.3754,-100.54439,1,1,0.2
42.35502,-100.54099,2,2,0.2
42.41734,-100.5395,3,3,0.2
42.29605,-100.40166,1,1,0.2
42.3355,-99.87151,1,1,0.8
42.36099,-99.87854,2,2,0.8
42.37044,-99.88211,3,3,0.2
42.35,-99.87435,4,4,0.2
42.38978,-99.87758,5,5,0.2
42.34729,-99.53693,1,1,0.8
42.37206,-99.53931,2,2,0.2
42.38143,-99.54023,3,3,0.2
42.41636,-99.53944,4,4,0.2
42.39889,-99.5401,5,5,0.2
42.40472,-99.35139,1,1,0.8
42.40555,-99.38788,3,2,0.2
42.40554,-99.37522,4,3,0.2
42.38026,-99.35162,5,4,0.2
42.39519,-99.35154,2,5,0.2
42.43498,-99.08828,1,1,0.8
42.43493,-99.10775,2,2,0.8
42.435,-99.07343,3,3,0.2
42.42111,-99.022,5,4,0.2
42.43508,-99.02528,4,5,0.2
42.40392,-98.96383,4,1,0.2
42.41493,-98.96389,3,2,0.2
42.43237,-98.96433,2,3,0.2
42.39265,-98.96378,5,4,0.2
42.34997,-98.96358,1,5,0.2
42.4224,-98.65168,1,1,1.0
42.39341,-98.65179,2,2,0.8
42.40789,-98.65176,3,3,0.8
42.37887,-98.65173,4,4,0.8
42.43592,-98.69104,5,5,0.8
42.42275,-98.53394,1,1,1.0
42.43574,-98.53454,2,2,1.0
42.36121,-98.4956,3,3,1.0
42.41181,-98.53396,4,4,0.8
42.34789,-98.476,5,5,1.0
42.36447,-98.33955,2,1,0.8
42.3355,-98.33954,1,2,1.0
42.39676,-98.24281,3,3,0.8
42.33551,-98.32,5,4,0.8
42.46598,-98.30537,4,5,0.8
42.37839,-98.16527,1,1,1.0
42.37856,-98.12655,2,2,1.0
42.37847,-98.18417,3,3,0.8
42.3787,-98.06789,4,4,0.8
42.36651,-98.18418,5,5,0.8
42.37875,-98.02929,1,1,1.0
42.37884,-97.97078,2,2,0.8
42.45191,-98.03374,4,3,1.0
42.36422,-98.02918,5,4,0.8
42.39367,-97.89315,3,5,0.8
42.46686,-97.77889,1,1,0.8
42.4669,-97.75939,3,2,0.8
42.36523,-97.73734,4,3,0.8
42.46686,-97.73991,2,4,0.8
42.35108,-97.74118,5,5,0.2
42.43954,-97.64184,3,1,0.8
42.46729,-97.60292,5,2,0.8
42.42371,-97.54344,4,3,0.8
42.45268,-97.64191,1,4,0.8
42.40928,-97.64037,2,5,0.8
42.38055,-97.42612,2,1,0.8
42.42412,-97.42668,1,2,0.8
42.46766,-97.4263,3,3,1.0
42.36605,-97.44573,4,4,0.8
42.40948,-97.42641,5,5,0.8
42.46743,-97.19066,1,1,0.8
42.45293,-97.21107,2,2,0.8
42.47529,-97.21111,4,3,0.2
42.46733,-97.17213,3,4,0.8
42.46375,-97.21107,5,5,0.2
42.36582,-97.01777,3,1,0.8
42.46725,-97.0854,1,2,1.0
42.46737,-97.11351,5,3,0.8
42.46704,-96.99596,4,4,1.0
42.46075,-97.09389,2,5,1.0
42.36563,-96.84242,1,1,0.8
42.34825,-96.8616,5,2,0.8
42.3803,-96.90072,3,3,0.8
42.35418,-96.84288,4,4,0.8
42.38028,-96.86203,2,5,0.8
42.47384,-96.69207,1,1,0.2
42.44747,-96.48293,2,1,1.0
42.41549,-96.48267,1,2,1.0
42.43734,-96.48297,3,3,0.8
42.44835,-96.50275,4,4,0.8
42.37906,-96.44897,5,5,1.0
42.43103,-96.28624,1,1,1.0
42.35242,-96.31855,3,2,0.2
42.42482,-96.2771,2,3,0.2
42.47514,-96.26468,4,4,0.2
42.4004,-96.11735,1,1,0.8
42.44706,-96.21359,2,2,0.8
42.36101,-96.14347,3,3,0.8
42.43713,-96.21349,4,4,0.8
42.47491,-96.13484,5,5,0.8
42.28962,-103.77702,1,1,0.2
42.30228,-103.77692,2,2,0.2
42.27911,-103.64693,3,3,0.2
42.28033,-103.77707,4,4,0.2
42.27927,-103.62132,1,1,0.8
42.27913,-103.56382,3,2,0.2
42.27915,-103.57612,5,3,0.2
42.27911,-103.5502,4,4,0.2
42.29353,-103.48409,2,5,0.8
42.32349,-103.36661,1,1,1.0
42.33818,-103.36647,2,2,1.0
42.32306,-103.34748,3,3,1.0
42.33771,-103.34723,4,4,1.0
42.32357,-103.38617,5,5,0.8
42.3372,-103.2682,1,1,1.0
42.35158,-103.26822,2,2,1.0
42.32187,-103.22924,3,3,0.8
42.33747,-103.24937,4,4,0.8
42.32273,-103.24921,5,5,0.8
42.35079,-102.99448,1,1,1.0
42.35074,-103.01392,2,2,0.8
42.35085,-102.97461,3,3,1.0
42.35216,-102.95082,5,4,1.0
42.33629,-102.99421,4,5,0.8
42.32696,-102.82929,1,1,1.0
42.35741,-102.83055,3,2,0.8
42.32697,-102.8093,2,3,1.0
42.37176,-102.81141,4,4,0.8
42.34226,-102.83002,5,5,0.8
42.41747,-102.44243,1,1,0.2
42.43978,-102.44372,2,2,0.2
42.35995,-102.34243,1,1,0.2
42.43557,-101.73584,1,1,0.2
42.37964,-101.73301,3,2,0.2
42.46571,-101.71069,2,3,0.2
42.36478,-101.73149,4,4,0.2
42.43936,-101.00545,1,1,0.2
42.43922,-100.98909,3,2,0.2
42.46456,-100.94606,2,3,0.2
42.44755,-100.9692,5,4,0.2
42.4675,-100.92017,4,5,0.2
42.46746,-100.9062,1,1,0.2
42.45491,-100.54439,3,1,0.2
42.4726,-100.54182,2,2,0.2
42.43892,-100.54098,1,3,0.2
42.42754,-100.5399,4,4,0.2
42.4895,-100.53997,1,1,0.8
42.49838,-100.53836,2,2,0.2
42.50247,-100.02692,3,1,0.2
42.47749,-100.02687,2,2,0.2
42.52918,-100.02741,1,3,0.2
42.50639,-99.87179,1,1,0.8
42.44829,-99.87131,2,2,0.8
42.46221,-99.8714,3,3,0.2
42.55293,-99.90352,4,4,0.2
42.49456,-99.87165,5,5,0.2
42.55001,-99.74455,1,1,0.2
42.47798,-99.53942,2,1,1.0
42.50699,-99.51972,3,2,0.8
42.46346,-99.53934,5,3,1.0
42.47795,-99.51951,4,4,1.0
42.50697,-99.53937,1,5,1.0
42.53645,-99.34285,1,1,0.8
42.56506,-99.34294,2,2,0.8
42.54724,-99.34279,3,3,0.2
42.45904,-99.43638,4,4,0.2
42.44557,-99.405,5,5,0.2
42.52174,-99.14724,1,1,1.0
42.5218,-99.12767,2,2,1.0
42.52167,-99.16679,3,3,0.8
42.49278,-99.12752,4,4,0.8
42.53156,-99.14727,5,5,0.8
42.50755,-99.0101,1,1,1.0
42.52205,-99.02981,2,2,1.0
42.49312,-98.9709,3,3,0.8
42.47861,-98.97083,4,4,0.8
42.50745,-99.02975,5,5,0.8
42.50829,-98.77532,1,1,0.8
42.53732,-98.77539,2,2,0.8
42.47915,-98.75564,4,3,0.8
42.53721,-98.79505,3,4,1.0
42.53723,-98.81466,5,5,0.8
42.53755,-98.6577,1,1,1.0
42.46513,-98.57927,2,2,1.0
42.53769,-98.61857,3,3,0.8
42.46516,-98.55983,4,4,1.0
42.5376,-98.63813,5,5,0.8
42.50942,-98.42269,1,1,1.0
42.53845,-98.42274,2,2,1.0
42.55299,-98.42278,4,3,1.0
42.55264,-98.46178,5,4,1.0
42.50948,-98.40337,3,5,1.0
42.46599,-98.24866,2,1,0.8
42.46604,-98.22921,3,2,0.8
42.46593,-98.26839,1,3,0.8
42.46605,-98.21499,5,4,0.2
42.46596,-98.28784,4,5,0.8
42.46637,-98.05326,1,1,0.8
42.48108,-98.0336,4,2,0.8
42.55353,-98.03293,2,3,0.8
42.46641,-98.03369,3,4,1.0
42.53907,-98.03321,5,5,0.8
42.46666,-97.85728,1,1,0.8
42.48556,-97.95522,2,2,0.2
42.49625,-97.64233,1,1,1.0
42.48169,-97.64219,2,2,0.8
42.46722,-97.70072,3,3,0.8
42.59743,-97.70103,5,4,0.8
42.46692,-97.72033,4,5,0.8
42.51118,-97.48555,2,1,0.8
42.52552,-97.52462,1,2,0.8
42.56899,-97.52478,4,3,0.8
42.54001,-97.52462,3,4,0.8
42.55448,-97.52478,5,5,0.8
42.51524,-97.09412,1,1,0.2
42.54504,-97.09375,2,2,0.2
42.48304,-97.09447,4,3,0.2
42.46733,-97.16746,3,4,0.2
42.53095,-97.09378,5,5,0.2
42.46691,-96.97625,1,1,0.8
42.46686,-96.95771,2,2,1.0
42.46683,-96.94092,3,3,0.2
42.4751,-96.76423,2,1,0.2
42.47179,-96.80035,1,2,0.8
42.47389,-96.78818,3,3,0.2
42.54702,-96.56497,1,1,0.8
42.52935,-96.55925,2,2,1.0
42.59072,-96.60605,3,3,0.8
42.57619,-96.60602,4,4,0.8
42.54728,-96.57996,5,5,0.2
42.5476,-96.2389,1,1,0.8
42.54756,-96.19075,2,2,0.8
42.57573,-96.15486,4,3,1.0
42.5869,-96.23368,5,4,0.8
42.57589,-96.23355,3,5,1.0
42.54693,-96.06021,1,1,0.8
42.57556,-96.0536,2,2,0.8
42.54749,-96.11868,3,3,0.8
42.54709,-96.07298,4,4,0.8
42.53114,-96.08558,5,5,0.8
42.39315,-103.77955,1,1,0.8
42.44297,-103.78997,2,2,0.2
42.46559,-103.79436,5,3,0.2
42.38383,-103.77728,4,4,0.2
42.45466,-103.79347,3,5,0.2
42.50069,-103.35434,1,1,0.2
42.40868,-103.07259,1,1,0.8
42.41921,-103.07254,2,2,0.2
42.47342,-102.96816,1,1,0.2
42.42662,-102.97291,2,2,0.2
42.51643,-102.96892,3,3,0.2
42.4825,-102.96704,4,4,0.2
42.41764,-102.97486,5,5,0.2
42.49806,-102.69437,3,1,1.0
42.41505,-102.75374,1,2,1.0
42.46202,-102.69452,2,3,0.8
42.51248,-102.6943,5,4,0.8
42.44016,-102.7089,4,5,0.8
42.49882,-102.63593,1,1,0.8
42.49814,-102.65486,2,2,0.8
42.5086,-102.43243,2,1,0.2
42.51714,-102.43881,1,2,0.2
42.45175,-102.44531,3,3,0.2
42.46531,-102.44573,4,4,0.2
42.49457,-102.20401,3,1,0.2
42.50425,-102.20395,5,2,0.2
42.5146,-102.20411,1,3,0.2
42.5277,-102.20188,4,4,0.2
42.54444,-102.20151,2,5,0.2
42.57932,-101.70707,1,1,0.2
42.53667,-100.89379,1,1,0.2
42.56551,-100.73552,1,1,0.2
42.55577,-100.7113,2,2,0.2
42.59486,-100.65569,4,3,0.2
42.61379,-100.65606,3,4,0.2
42.58799,-100.53781,2,1,0.2
42.55339,-100.53638,1,2,0.2
42.51351,-100.53579,4,3,0.2
42.61814,-100.53643,5,4,0.2
42.60819,-100.53669,3,5,0.2
42.58602,-100.33952,1,1,0.8
42.54488,-100.27782,2,2,0.8
42.59352,-100.32705,3,3,0.2
42.59336,-100.31472,4,4,0.2
42.59589,-100.29297,5,5,0.2
42.58963,-100.13273,1,1,1.0
42.57582,-100.11268,2,2,1.0
42.62345,-100.1997,4,3,0.8
42.60757,-100.24636,3,4,1.0
42.58222,-100.1222,5,5,0.2
42.55947,-99.98873,1,1,1.0
42.56019,-100.00837,3,2,1.0
42.55874,-99.96904,2,3,1.0
42.55803,-99.94977,4,4,1.0
42.55691,-99.93038,5,5,0.8
42.59355,-99.7554,1,1,1.0
42.54997,-99.79427,4,2,1.0
42.6079,-99.85287,2,3,0.8
42.57903,-99.75537,3,4,0.8
42.62245,-99.85311,5,5,0.8
42.60857,-99.57846,1,1,1.0
42.60859,-99.55877,2,2,1.0
42.62304,-99.53922,3,3,1.0
42.56376,-99.61765,4,4,0.8
42.56938,-99.59812,5,5,0.8
42.5841,-99.39271,1,1,1.0
42.57955,-99.44064,2,2,0.8
42.57966,-99.46033,4,3,0.8
42.57957,-99.42083,3,4,0.8
42.57958,-99.4801,5,5,0.8
42.59396,-99.26504,1,1,0.8
42.59401,-99.24539,2,2,0.8
42.5942,-99.18668,3,3,1.0
42.5939,-99.28438,4,4,0.8
42.59408,-99.22593,5,5,0.8
42.62329,-99.06906,1,1,1.0
42.59444,-99.04952,5,2,1.0
42.5799,-99.06923,2,3,1.0
42.65218,-99.10853,3,4,1.0
42.62329,-99.0888,4,5,0.8
42.6527,-98.95172,1,1,1.0
42.62373,-98.93213,2,2,0.8
42.65301,-98.89298,3,3,0.8
42.66718,-98.95183,4,4,1.0
42.64993,-98.97138,5,5,1.0
42.62439,-98.67733,1,1,1.0
42.60988,-98.67732,2,2,1.0
42.62446,-98.65765,3,3,1.0
42.60994,-98.65764,4,4,1.0
42.5955,-98.65767,5,5,0.8
42.62525,-98.482,1,1,1.0
42.61082,-98.48187,2,2,0.8
42.5961,-98.48155,3,3,0.8
42.58153,-98.48158,4,4,0.8
42.60918,-98.44255,5,5,0.8
42.59655,-98.42288,1,1,1.0
42.59649,-98.36419,3,2,0.8
42.59644,-98.34462,4,3,0.8
42.59643,-98.38393,2,4,0.8
42.59637,-98.40238,5,5,0.2
42.59699,-98.08434,1,1,0.2
42.59668,-98.14705,3,2,0.2
42.59644,-98.24473,2,3,0.2
42.59253,-98.22746,4,4,0.2
42.59723,-97.9694,1,1,0.8
42.59809,-97.94312,2,2,0.2
42.59709,-97.98354,3,3,0.2
42.59729,-97.95613,4,4,0.2
42.5971,-97.78028,1,1,0.8
42.59704,-97.79859,2,2,0.8
42.59747,-97.73633,3,3,0.2
42.59699,-97.81394,5,4,0.2
42.59714,-97.76612,4,5,0.2
42.59789,-97.56395,3,1,0.8
42.65571,-97.66259,1,2,0.8
42.68471,-97.6627,5,3,0.8
42.67019,-97.66264,4,4,0.8
42.59776,-97.58353,2,5,0.8
42.65627,-97.42634,2,1,0.8
42.59831,-97.42643,1,2,0.8
42.61277,-97.3674,3,3,0.8
42.6763,-97.42624,5,4,0.2
42.61278,-97.38704,4,5,0.8
42.65623,-97.26916,1,1,0.8
42.61241,-97.22398,4,2,0.2
42.61221,-97.15244,2,3,0.8
42.61227,-97.18406,3,4,0.2
42.67014,-97.26907,5,5,0.2
42.69891,-97.09383,1,1,0.8
42.67254,-97.09352,2,2,0.2
42.61216,-97.13421,3,3,0.2
42.6896,-97.06371,4,4,0.2
42.66085,-96.91792,1,1,0.8
42.65149,-96.63775,1,1,1.0
42.63831,-96.62106,2,2,1.0
42.64969,-96.62551,3,3,1.0
42.62787,-96.60606,4,4,1.0
42.72125,-96.68795,5,5,0.8
42.67786,-96.42696,1,1,0.8
42.66889,-96.40962,3,2,0.8
42.67785,-96.41422,2,3,0.8
42.68512,-96.45363,4,4,0.8
42.63479,-96.42848,5,5,0.8
42.65547,-96.33148,1,1,0.8
42.64194,-96.33152,2,2,0.8
42.63398,-96.34504,3,3,0.8
42.6911,-96.33116,5,4,0.8
42.6697,-96.33136,4,5,0.8
42.64617,-96.1155,1,1,0.8
42.63345,-96.07568,2,2,1.0
42.63372,-96.11576,4,3,1.0
42.63345,-96.15486,3,4,1.0
42.69248,-96.1552,5,5,1.0
42.55281,-103.82132,1,1,0.8
42.58586,-103.8339,2,2,0.2
42.53586,-103.81461,3,3,0.2
42.56917,-103.83385,5,4,0.2
42.56027,-103.82966,4,5,0.2
42.50952,-103.35865,1,1,0.8
42.52608,-103.36946,2,2,0.2
42.56409,-103.39159,3,3,0.2
42.53951,-102.96895,1,1,0.8
42.6117,-102.96944,2,2,0.8
42.62625,-102.96949,3,3,0.8
42.59268,-102.96985,4,4,0.2
42.62774,-102.69461,1,1,0.8
42.59932,-102.69423,2,2,0.8
42.565,-102.71385,4,3,0.8
42.54134,-102.69412,3,4,0.8
42.57501,-102.69412,5,5,0.2
42.6045,-102.4587,1,1,0.2
42.63253,-102.45861,2,2,0.2
42.5954,-102.45871,3,3,0.2
42.58562,-102.46046,4,4,0.2
42.66424,-102.20488,2,1,0.2
42.60106,-102.20413,3,2,0.2
42.59182,-102.20404,1,3,0.2
42.65602,-101.71481,1,1,0.2
42.61745,-101.71184,3,2,0.2
42.63638,-101.71497,2,3,0.2
42.69753,-101.71849,4,4,0.2
42.67087,-101.71347,5,5,0.2
42.66584,-101.01206,1,1,0.2
42.6748,-101.03327,2,2,0.2
42.66524,-100.99395,3,3,0.2
42.6514,-100.94117,4,4,0.2
42.66415,-100.97968,5,5,0.2
42.63662,-100.87673,1,1,0.2
42.63892,-100.88865,2,2,0.2
42.65206,-100.59157,1,1,0.8
42.65193,-100.63714,2,2,0.2
42.65189,-100.56269,3,3,0.2
42.65179,-100.60838,4,4,0.2
42.65263,-100.62465,5,5,0.2
42.72094,-100.5362,3,1,0.2
42.73465,-100.53623,2,2,0.2
42.66342,-100.53653,1,3,0.2
42.69541,-100.53621,5,4,0.2
42.68009,-100.53621,4,5,0.2
42.67695,-100.3198,1,1,0.8
42.68685,-100.32971,2,2,0.2
42.67009,-100.31073,4,3,0.2
42.66037,-100.2931,3,4,0.2
42.6559,-100.28152,5,5,0.2
42.68082,-99.76529,1,1,1.0
42.69533,-99.76554,3,2,1.0
42.68027,-99.79491,5,3,1.0
42.77908,-99.7487,4,4,0.8
42.70884,-99.76321,2,5,1.0
42.76945,-99.60955,2,1,0.8
42.65209,-99.53934,1,2,0.8
42.6666,-99.5884,3,3,0.8
42.70156,-99.58892,5,4,0.2
42.65218,-99.55244,4,5,0.2
42.68084,-99.36328,1,1,1.0
42.68094,-99.34378,2,2,1.0
42.68095,-99.3244,4,3,1.0
42.69531,-99.36344,5,4,0.8
42.73879,-99.33441,3,5,1.0
42.69577,-99.10846,1,1,1.0
42.72465,-99.10868,2,2,0.8
42.76089,-99.10906,3,3,0.8
42.7139,-99.10857,4,4,0.2
42.73458,-99.10878,5,5,0.2
42.71046,-98.99109,1,1,1.0
42.71057,-98.97155,2,2,1.0
42.72501,-98.95216,3,3,1.0
42.69595,-98.99117,4,4,1.0
42.7249,-98.99109,5,5,0.8
42.72545,-98.85361,1,1,1.0
42.73994,-98.85362,2,2,0.8
42.71101,-98.85352,3,3,0.8
42.75443,-98.85367,4,4,0.8
42.74028,-98.87338,5,5,0.2
42.7117,-98.63811,2,1,1.0
42.75464,-98.65784,1,2,0.8
42.68251,-98.59903,3,3,0.8
42.74562,-98.65779,5,4,0.2
42.76361,-98.65786,4,5,0.2
42.79266,-98.44478,1,1,0.2
42.75605,-98.07944,1,1,0.2
42.72691,-97.81838,1,1,0.8
42.72695,-97.8373,2,2,0.8
42.72731,-97.79889,3,3,0.8
42.80504,-97.86307,4,4,0.2
42.72713,-97.85015,5,5,0.2
42.72793,-97.66259,1,1,1.0
42.72786,-97.68237,2,2,0.8
42.70451,-97.66266,5,3,0.2
42.7279,-97.64783,4,4,0.2
42.7186,-97.66264,3,5,0.2
42.83025,-97.5103,4,1,1.0
42.72872,-97.44122,1,2,0.8
42.80122,-97.50484,2,3,0.8
42.78672,-97.50532,3,4,0.8
42.72873,-97.45585,5,5,0.8
42.72865,-97.3478,2,1,0.8
42.72874,-97.36735,1,2,1.0
42.7283,-97.30453,4,3,0.2
42.78068,-97.40684,5,4,0.2
42.72864,-97.40758,3,5,1.0
42.82994,-97.16047,1,1,0.8
42.83005,-97.17958,2,2,1.0
42.80493,-97.06686,3,3,0.8
42.81593,-97.12091,5,4,0.2
42.82815,-97.12115,4,5,0.2
42.8034,-96.99094,1,1,1.0
42.78636,-97.00283,2,2,1.0
42.82274,-96.95376,3,3,0.8
42.81136,-97.00288,4,4,0.8
42.83736,-96.95401,5,5,0.8
42.78626,-96.78902,1,1,1.0
42.77901,-96.74678,2,2,1.0
42.78612,-96.82621,4,3,1.0
42.7645,-96.76625,5,4,1.0
42.77899,-96.76634,3,5,1.0
42.75034,-96.51103,1,1,0.8
42.80804,-96.50742,2,2,0.8
42.75036,-96.52418,3,3,0.8
42.80838,-96.52109,4,4,0.2
42.74978,-96.37013,1,1,1.0
42.79326,-96.37048,3,2,1.0
42.72119,-96.39495,4,3,0.8
42.72116,-96.38183,5,4,0.8
42.80735,-96.37049,2,5,1.0
42.74963,-96.27525,1,1,0.8
42.7215,-96.19482,5,2,0.8
42.72146,-96.16864,2,3,0.8
42.7496,-96.31668,3,4,0.8
42.79347,-96.23312,4,5,0.8
42.77168,-96.05733,1,1,0.8
42.79234,-96.05682,2,2,0.8
42.74987,-96.03794,3,3,0.8
42.74994,-96.00075,4,4,0.8
42.74977,-95.9581,5,5,1.0
42.69127,-103.81404,1,1,0.8
42.66052,-103.89307,4,2,0.2
42.69123,-103.83323,2,3,0.2
42.59632,-103.84869,5,4,0.2
42.68892,-103.79778,3,5,0.2
42.68383,-103.71582,1,1,0.8
42.68407,-103.75529,2,2,0.8
42.67559,-103.68479,3,3,0.2
42.67091,-103.67219,4,4,0.2
42.66682,-103.66091,5,5,0.2
42.66155,-103.57479,1,1,1.0
42.65787,-103.59186,2,2,0.2
42.64081,-102.96946,1,1,0.8
42.6534,-102.96944,2,2,0.2
42.68665,-102.73384,1,1,0.2
42.71233,-102.51779,1,1,0.8
42.73874,-102.49834,2,2,0.8
42.69221,-102.6164,3,3,0.2
42.6767,-102.59699,4,4,0.2
42.75979,-102.47858,2,1,1.0
42.74524,-102.47843,1,2,1.0
42.74547,-102.45881,3,3,0.8
42.7283,-102.40112,4,4,0.2
42.76928,-102.47869,5,5,0.2
42.73255,-102.22443,1,1,1.0
42.73266,-102.24381,2,2,1.0
42.74705,-102.2244,3,3,0.8
42.73243,-102.20469,5,4,0.8
42.76155,-102.22428,4,5,1.0
42.8001,-102.0266,2,1,0.8
42.79988,-102.06766,1,2,0.8
42.8,-102.04314,3,3,0.2
42.80012,-102.01321,5,4,0.2
42.79994,-102.08047,4,5,0.2
42.77079,-101.71607,1,1,0.2
42.76186,-101.71744,2,2,0.2
42.72847,-101.71215,3,3,0.2
42.73939,-101.71463,4,4,0.2
42.75947,-101.1117,1,1,0.2
42.74264,-101.11677,2,2,0.2
42.85685,-100.92513,1,1,0.8
42.85699,-100.96421,2,2,0.2
42.85686,-100.94924,3,3,0.2
42.86584,-100.92503,4,4,0.2
42.74463,-100.77398,1,1,0.2
42.78756,-100.53287,1,1,0.8
42.79733,-100.51942,4,2,0.2
42.77738,-100.53629,3,3,0.2
42.76434,-100.53628,2,4,0.2
42.82756,-100.51453,5,5,0.2
42.7835,-100.44699,2,1,0.2
42.75861,-100.42462,3,2,0.2
42.79305,-100.45189,4,3,0.2
42.76683,-100.43188,1,4,0.2
42.88225,-100.15845,1,1,0.2
42.87535,-100.13904,2,2,0.2
42.86867,-100.06172,1,1,1.0
42.86777,-100.00324,2,2,0.8
42.86788,-100.0232,3,3,0.8
42.86765,-99.98323,5,4,0.8
42.88186,-100.02393,4,5,1.0
42.8243,-99.78798,1,1,1.0
42.82374,-99.82762,2,2,0.8
42.82405,-99.80765,3,3,0.8
42.79528,-99.74865,4,4,1.0
42.83828,-99.82778,5,5,0.8
42.79561,-99.65029,1,1,1.0
42.79459,-99.63061,2,2,0.8
42.79541,-99.70941,3,3,0.8
42.81265,-99.65034,5,4,0.8
42.79545,-99.68979,4,5,0.8
42.84733,-99.33523,2,1,0.8
42.82564,-99.33523,1,2,0.8
42.85819,-99.33534,5,3,0.2
42.89472,-99.33567,4,4,0.2
42.83563,-99.33525,3,5,0.2
42.81764,-99.10943,1,1,0.8
42.80695,-99.10938,2,2,0.2
42.78493,-99.10928,3,3,0.2
42.91525,-98.91956,1,1,1.0
42.87185,-98.86048,2,2,0.8
42.91526,-98.89983,3,3,0.8
42.88631,-98.82103,5,4,0.8
42.91523,-98.93928,4,5,0.8
42.82827,-98.65159,2,1,0.8
42.9008,-98.78159,1,2,0.8
42.87183,-98.78159,3,3,0.8
42.83749,-98.65051,5,4,0.2
42.91524,-98.69288,4,5,0.8
42.8712,-98.58464,1,1,0.8
42.90666,-98.28812,1,1,0.8
42.86579,-98.08934,1,1,0.8
42.86574,-98.07619,2,2,0.2
42.86494,-97.98877,1,1,1.0
42.86553,-97.97566,2,2,0.8
42.90883,-98.05002,4,3,1.0
42.86565,-98.01069,3,4,0.8
42.90872,-97.95101,5,5,0.8
42.90835,-97.81306,1,1,1.0
42.87935,-97.76643,3,2,1.0
42.93733,-97.81299,2,3,1.0
42.9083,-97.76351,4,4,1.0
42.93731,-97.79327,5,5,0.8
42.90868,-97.55593,1,1,1.0
42.90859,-97.5955,2,2,1.0
42.89769,-97.59537,3,3,0.8
42.90881,-97.53622,5,4,0.8
42.90864,-97.57578,4,5,0.8
42.90874,-97.48743,1,1,1.0
42.95238,-97.41735,2,2,0.8
42.90882,-97.51444,3,3,0.8
42.95232,-97.43189,4,4,0.2
42.88092,-97.48992,5,5,0.2
42.8819,-97.24012,1,1,1.0
42.90925,-97.23983,2,2,1.0
42.88134,-97.22028,3,3,0.8
42.89614,-97.24022,4,4,0.8
42.92375,-97.2398,5,5,0.8
42.84097,-97.06589,1,1,1.0
42.8666,-97.12201,2,2,1.0
42.85173,-97.08944,3,3,0.8
42.85745,-97.10196,4,4,0.8
42.83023,-97.04248,5,5,0.8
42.86637,-96.8651,1,1,1.0
42.86634,-96.84729,2,2,1.0
42.86628,-96.8847,3,3,0.8
42.88089,-96.90414,5,4,0.8
42.89896,-96.90457,4,5,0.8
42.89521,-96.70716,4,1,0.8
42.93809,-96.66617,3,2,1.0
42.90999,-96.7067,2,3,0.8
42.92452,-96.70668,5,4,0.8
42.85117,-96.66545,1,5,1.0
42.83691,-96.4684,1,1,1.0
42.83678,-96.44699,2,2,0.8
42.90883,-96.58709,4,3,0.8
42.8948,-96.46515,5,4,0.8
42.88056,-96.58388,3,5,0.8
42.8944,-96.27292,1,1,1.0
42.85084,-96.31861,3,2,0.8
42.89457,-96.35475,2,3,0.8
42.88768,-96.37156,4,4,0.8
42.87539,-96.37141,5,5,0.8
42.89519,-96.13227,1,1,0.8
42.89531,-96.1192,2,2,0.8
42.89504,-96.14702,3,3,0.8
42.86607,-96.08358,4,4,0.8
42.88813,-96.0563,5,5,0.8
42.73328,-103.89471,1,1,0.8
42.72699,-103.8842,2,2,1.0
42.82615,-103.79817,1,1,0.8
42.83674,-103.79837,2,2,0.2
42.78714,-103.40431,1,1,0.2
42.75549,-103.26676,1,1,0.8
42.76743,-103.2865,2,2,0.2
42.78531,-102.47927,1,1,0.8
42.79984,-102.47943,2,2,1.0
42.81248,-102.4867,3,3,0.2
42.78093,-102.49881,5,4,0.2
42.82173,-102.50087,4,5,0.2
42.81439,-102.1245,1,1,0.8
42.79993,-102.12453,2,2,1.0
42.81447,-102.14412,3,3,0.8
42.85804,-102.20271,4,4,0.8
42.87056,-102.20259,5,5,0.2
42.92392,-101.75742,1,1,0.2
42.92492,-101.627,2,1,0.2
42.9381,-101.63863,3,2,0.2
42.92142,-101.49425,1,3,0.2
42.92254,-101.51094,4,4,0.2
42.92135,-101.49326,1,1,0.2
42.95147,-101.40163,2,2,0.2
42.89308,-101.25903,1,1,1.0
42.92815,-101.2039,3,2,0.2
42.90685,-101.2593,2,3,0.2
42.87296,-101.23813,4,4,0.2
42.93079,-101.16495,5,5,0.2
42.87189,-101.06287,1,1,0.8
42.87178,-101.04514,2,2,0.2
42.92221,-101.06493,3,3,0.2
42.87165,-100.97487,4,4,0.2
42.90376,-100.92513,1,1,0.8
42.92946,-100.80732,2,2,0.2
42.88599,-100.92528,3,3,0.2
42.87229,-100.92503,4,4,0.2
42.91181,-100.57372,1,1,0.8
42.95524,-100.57353,2,2,0.8
42.94476,-100.57324,3,3,0.2
42.93118,-100.57342,4,4,0.2
42.92096,-100.57359,5,5,0.2
42.93985,-100.4729,1,1,0.8
42.92556,-100.47737,2,2,0.8
42.95443,-100.41571,3,3,0.8
42.91388,-100.47902,4,4,0.2
42.94028,-100.43819,5,5,0.2
42.94047,-100.29749,3,1,0.8
42.94061,-100.27824,1,2,0.8
42.94031,-100.31737,2,3,0.8
42.94077,-100.2573,4,4,0.8
42.94092,-100.23721,5,5,0.8
42.95482,-100.12377,1,1,0.8
42.95475,-100.19855,2,2,1.0
42.95477,-100.15829,3,3,0.8
42.89682,-100.1395,4,4,1.0
42.95476,-100.17832,5,5,0.8
42.89625,-99.85872,1,1,0.2
42.92595,-99.76888,1,1,1.0
42.91391,-99.76876,2,2,0.8
42.89675,-99.76908,4,3,0.8
42.89705,-99.68966,5,4,1.0
42.89689,-99.75021,3,5,1.0
42.9116,-99.51163,2,1,0.2
42.92055,-99.4838,3,2,0.2
42.92619,-99.47077,4,3,0.2
42.91164,-99.54787,1,4,0.2
42.88714,-99.57196,5,5,0.2
42.91849,-99.33444,4,1,1.0
42.97117,-99.28675,2,2,0.8
42.96142,-99.28312,1,3,1.0
42.99807,-99.29681,3,4,0.8
42.98706,-99.29617,5,5,0.8
42.95881,-99.17557,2,1,0.8
42.96477,-99.26553,1,2,0.8
42.95878,-99.23478,3,3,0.8
42.95862,-99.2088,5,4,0.2
42.95882,-99.13604,4,5,0.8
42.91525,-98.95901,1,1,1.0
42.91544,-98.98492,3,2,0.8
42.95814,-99.05738,4,3,0.8
42.93736,-99.01782,2,4,0.8
42.92987,-98.95901,5,5,0.8
42.98772,-98.87357,1,1,0.8
43.00995,-98.82415,4,2,0.8
42.92977,-98.88034,3,3,0.8
43.00989,-98.77953,2,4,0.8
43.0096,-98.76461,5,5,0.8
42.97051,-98.70287,1,1,0.8
42.94425,-98.69296,3,2,1.0
43.03897,-98.6334,2,3,0.8
42.94432,-98.64407,4,4,0.8
42.9297,-98.69287,5,5,0.8
42.96473,-98.40059,1,1,0.2
42.93021,-98.38232,2,2,0.2
42.99434,-98.28878,1,1,0.8
43.02254,-98.28875,4,2,0.8
42.97982,-98.2888,3,3,0.8
43.00885,-98.28882,2,4,0.8
42.96572,-98.28928,5,5,0.2
42.93777,-98.04992,1,1,1.0
42.92331,-98.04995,2,2,0.8
43.03916,-98.1285,3,3,1.0
42.9667,-98.04994,4,4,0.8
43.02479,-98.01033,5,5,0.8
42.93782,-97.89186,1,1,1.0
42.9523,-97.89185,4,2,0.8
43.02489,-97.85254,2,3,1.0
42.98074,-97.81306,3,4,1.0
42.99576,-97.93176,5,5,0.8
42.98095,-97.71427,1,1,1.0
42.95836,-97.70955,2,2,1.0
42.99595,-97.71437,3,3,0.8
42.98094,-97.73398,4,4,0.8
43.03947,-97.71453,5,5,1.0
42.9522,-97.49673,1,1,1.0
43.03908,-97.53699,2,2,1.0
42.95209,-97.55621,3,3,0.8
43.01028,-97.59617,4,4,0.8
42.95214,-97.5365,5,5,0.8
42.99594,-97.33829,1,1,0.8
43.01038,-97.3186,2,2,0.8
42.96697,-97.29862,5,3,0.8
42.99591,-97.31856,4,4,1.0
42.99596,-97.3987,3,5,1.0
43.03971,-97.16048,2,1,0.8
43.01078,-97.16064,1,2,1.0
42.95336,-97.08207,3,3,1.0
43.03885,-97.10272,5,4,0.8
42.96787,-97.10155,4,5,0.8
43.01106,-96.96253,1,1,1.0
43.01113,-96.98249,3,2,0.8
43.01098,-96.94226,2,3,0.8
43.02167,-96.9631,4,4,0.8
42.98259,-96.96403,5,5,0.8
43.01114,-96.78583,1,1,1.0
42.98666,-96.7955,2,2,1.0
42.95708,-96.79507,3,3,1.0
43.01112,-96.80558,4,4,0.8
43.04007,-96.7857,5,5,1.0
43.01129,-96.58854,1,1,1.0
42.99683,-96.58849,2,2,0.8
42.98148,-96.58824,3,3,0.8
43.05476,-96.58857,5,4,0.8
42.98154,-96.62775,4,5,0.8
43.00304,-96.39132,2,1,0.8
43.01588,-96.39146,1,2,0.8
42.99682,-96.41103,3,3,0.8
43.04052,-96.41855,5,4,0.8
42.99696,-96.37139,4,5,1.0
42.9676,-96.22399,4,1,0.8
42.96753,-96.23754,2,2,0.8
43.07023,-96.23419,5,3,1.0
43.04103,-96.23392,1,4,1.0
42.99712,-96.27328,3,5,0.8
42.98217,-95.95758,1,1,1.0
43.0316,-95.97786,3,2,0.8
42.96828,-96.09067,2,3,0.8
42.96822,-96.11111,4,4,0.8
43.07023,-96.01773,5,5,0.8
42.88309,-103.79805,1,1,0.2
42.86773,-103.79828,3,2,0.2
42.89226,-103.79796,2,3,0.2
42.92169,-103.46342,1,1,0.8
42.91538,-103.45319,2,2,0.8
42.96256,-103.51349,5,3,0.2
42.96908,-103.54119,4,4,0.2
42.96702,-103.52691,3,5,0.2
42.97297,-103.16609,1,1,0.8
42.97767,-103.17725,2,2,0.2
42.96885,-103.15334,5,3,0.2
42.95811,-103.11974,4,4,0.2
42.98467,-103.19554,3,5,0.2
42.92564,-103.06647,1,1,0.8
42.91319,-103.06637,2,2,0.2
42.92387,-102.22176,2,1,0.2
42.91601,-102.20697,3,2,0.2
42.90166,-102.21679,1,3,0.2
42.96379,-101.7023,1,1,0.2
43.00785,-101.70378,2,2,0.2
42.9389,-101.63878,3,3,0.2
42.97586,-101.47812,1,1,1.0
42.99561,-101.47842,2,2,0.2
42.96006,-101.48511,5,3,0.2
42.98532,-101.47693,3,4,0.2
42.9753,-101.46404,4,5,0.2
43.03136,-100.90497,1,1,0.8
43.04584,-100.905,2,2,0.8
43.06031,-100.90504,3,3,0.8
43.02093,-100.90496,5,4,0.2
43.00883,-100.90495,4,5,0.2
42.97127,-100.74972,1,1,0.8
42.98569,-100.74992,2,2,0.8
42.99533,-100.75,3,3,0.2
43.01633,-100.5798,1,1,1.0
43.04585,-100.55085,2,2,0.8
43.04585,-100.59373,3,3,1.0
42.99851,-100.57324,4,4,0.8
43.04585,-100.53154,5,5,0.8
43.04583,-100.45245,1,1,0.8
43.04584,-100.47226,2,2,0.8
42.98376,-100.19847,1,1,1.0
42.9956,-100.19845,2,2,0.2
43.11135,-99.9622,1,1,0.2
43.11122,-99.85006,2,1,0.8
43.11116,-99.79084,3,2,0.8
43.06752,-99.75651,1,3,0.8
43.11118,-99.81059,4,4,0.8
43.11118,-99.77109,5,5,0.8
43.03861,-99.43521,1,1,0.8
43.0242,-99.43519,3,2,0.8
43.05317,-99.43519,2,3,0.8
43.12551,-99.4352,4,4,0.8
43.116,-99.4352,5,5,0.2
43.00986,-99.29683,1,1,0.8
43.12562,-99.2969,3,2,0.8
43.12572,-99.23772,2,3,0.8
43.02437,-99.29682,4,4,0.8
43.07084,-99.29685,5,5,0.2
43.0792,-99.02144,1,1,1.0
43.06964,-99.02144,2,2,1.0
43.07818,-99.06048,4,3,0.8
43.11001,-99.11972,3,4,0.8
43.10592,-99.13942,5,5,0.8
43.0534,-98.90975,1,1,0.8
43.10416,-98.9622,2,2,0.8
43.11709,-98.95249,3,3,0.8
43.08073,-99.00171,4,4,0.8
43.12683,-98.94612,5,5,0.2
43.03458,-98.7053,1,1,0.8
43.0173,-98.72013,2,2,0.8
43.02587,-98.71449,4,3,0.2
43.03885,-98.6709,3,4,0.2
43.03896,-98.6905,5,5,0.2
43.08227,-98.46716,2,1,0.8
43.08138,-98.48111,1,2,0.8
43.08224,-98.45378,3,3,0.2
43.1401,-98.36741,3,1,0.8
43.14008,-98.34797,1,2,1.0
43.14004,-98.3872,4,3,0.8
43.12557,-98.34754,2,4,0.8
43.15464,-98.34757,5,5,0.8
43.08241,-98.13268,1,1,1.0
43.06815,-98.12804,2,2,0.8
43.08263,-98.08839,3,3,0.8
43.05883,-98.12821,4,4,0.2
43.03922,-98.14085,5,5,0.2
43.08233,-98.00943,1,1,1.0
43.08227,-98.02909,2,2,0.8
43.08269,-98.06861,3,3,1.0
43.08225,-98.0488,4,4,0.8
43.12554,-98.06895,5,5,0.8
43.08281,-97.77339,2,1,0.8
43.11166,-97.71557,3,2,1.0
43.15492,-97.79483,4,3,0.8
43.15531,-97.81433,5,4,0.8
43.08289,-97.79294,1,5,0.8
43.08237,-97.59717,1,1,1.0
43.11116,-97.61763,2,2,0.8
43.11106,-97.63724,3,3,0.8
43.08239,-97.5774,4,4,1.0
43.15429,-97.63743,5,5,1.0
43.12562,-97.47809,1,1,1.0
43.12584,-97.4192,5,2,0.8
43.12571,-97.43906,4,3,0.8
43.09705,-97.39903,3,4,0.8
43.08258,-97.39894,2,5,1.0
43.12643,-97.18022,5,1,0.8
43.16984,-97.20016,4,2,0.8
43.08286,-97.23951,3,3,1.0
43.09728,-97.23933,1,4,0.8
43.11173,-97.23937,2,5,0.8
43.11318,-97.08088,2,1,1.0
43.11179,-97.02208,1,2,1.0
43.11215,-97.06234,4,3,0.8
43.08349,-97.02278,3,4,1.0
43.12677,-97.08156,5,5,0.8
43.12738,-96.8849,1,1,1.0
43.08372,-96.90469,2,2,1.0
43.11272,-96.88487,3,3,0.8
43.08374,-96.92402,4,4,1.0
43.17079,-96.88505,5,5,1.0
43.12725,-96.68734,1,1,1.0
43.15623,-96.68727,2,2,1.0
43.12724,-96.72692,4,3,0.8
43.15627,-96.66797,3,4,1.0
43.15622,-96.64818,5,5,0.8
43.15608,-96.56915,2,1,1.0
43.17061,-96.49009,4,2,0.8
43.12716,-96.54915,1,3,0.8
43.15599,-96.49004,5,4,0.8
43.12712,-96.56904,3,5,1.0
43.12766,-96.30835,1,1,0.8
43.08418,-96.31364,5,2,1.0
43.11495,-96.29412,3,3,0.8
43.08417,-96.35244,4,4,1.0
43.12758,-96.33264,2,5,0.8
43.11362,-96.1323,1,1,0.8
43.12812,-96.13693,3,2,0.8
43.11365,-96.1192,2,3,0.8
43.14259,-96.13727,4,4,0.8
43.11365,-96.09722,5,5,0.8
42.99938,-103.61869,2,1,0.2
42.99427,-103.6055,4,2,0.2
42.97418,-103.55377,3,3,0.2
42.98797,-103.59331,1,4,0.2
43.04278,-103.22879,1,1,0.8
43.03182,-103.2288,3,2,0.2
43.01197,-103.22889,2,3,0.2
43.00202,-103.22631,4,4,0.2
43.02225,-103.22886,5,5,0.2
43.02998,-102.62049,1,1,0.2
43.08475,-102.37717,1,1,0.8
43.07167,-102.37716,3,2,0.2
43.10424,-102.37722,2,3,0.2
43.09429,-102.37717,4,4,0.2
43.08285,-102.18069,1,1,0.8
43.11353,-102.14083,2,2,0.8
43.06108,-102.2004,3,3,0.8
43.09069,-102.17308,4,4,0.2
43.07241,-102.19014,5,5,0.2
43.14378,-102.02976,1,1,0.8
43.13836,-102.0497,2,2,0.8
43.1676,-101.96982,4,3,0.8
43.15828,-101.99027,5,4,0.8
43.14921,-102.00995,3,5,0.8
43.13811,-101.73206,2,1,0.2
43.17239,-101.7917,1,2,0.8
43.17235,-101.77433,3,3,0.2
43.17244,-101.81298,4,4,0.2
43.15345,-100.9605,1,1,0.2
43.16894,-100.96702,2,2,0.2
43.10378,-100.90502,1,1,1.0
43.10374,-100.94456,3,2,0.8
43.10376,-100.92479,2,3,0.8
43.14213,-100.94487,4,4,0.2
43.11358,-100.90501,5,5,0.2
43.14366,-100.60984,1,1,0.8
43.12913,-100.61022,3,2,0.8
43.1582,-100.61012,5,3,0.8
43.11826,-100.61023,4,4,0.8
43.17274,-100.61041,2,5,0.8
43.16074,-100.04796,2,1,0.2
43.21272,-100.05458,1,2,0.2
43.2003,-100.10722,3,3,0.2
43.21263,-99.87014,1,1,0.8
43.15468,-99.86994,2,2,0.8
43.11135,-99.94907,4,3,0.8
43.22714,-99.87016,3,4,0.8
43.20307,-99.8701,5,5,0.2
43.19793,-99.71185,2,1,0.8
43.21242,-99.71185,1,2,0.8
43.18347,-99.7118,4,3,0.8
43.12558,-99.75053,5,4,0.8
43.16902,-99.71183,3,5,0.8
43.15442,-99.51421,1,1,0.8
43.23498,-99.57352,2,2,0.8
43.23563,-99.61312,4,3,0.8
43.23557,-99.59331,5,4,0.8
43.18333,-99.51425,3,5,0.8
43.24132,-99.3589,2,1,1.0
43.16895,-99.43512,1,2,0.8
43.19785,-99.35614,3,3,0.8
43.19813,-99.3364,4,4,0.8
43.14001,-99.43516,5,5,0.8
43.13923,-99.23776,1,1,1.0
43.15043,-99.25755,2,2,0.8
43.24144,-99.26735,3,3,0.8
43.22492,-99.27712,4,4,0.8
43.13539,-99.22495,5,5,0.2
43.25489,-98.84414,2,1,0.8
43.2552,-98.76584,1,2,0.8
43.25503,-98.77997,3,3,0.2
43.25713,-98.6446,2,1,0.8
43.2571,-98.62473,1,2,0.8
43.25698,-98.58503,3,3,0.8
43.25705,-98.60488,4,4,0.8
43.25691,-98.56524,5,5,0.8
43.25655,-98.44657,1,1,0.8
43.2566,-98.46596,2,2,0.8
43.25654,-98.38708,3,3,0.8
43.21333,-98.54577,4,4,0.8
43.25671,-98.50567,5,5,0.8
43.24149,-98.28759,1,1,1.0
43.24143,-98.26758,2,2,0.8
43.24153,-98.30753,3,3,0.8
43.25658,-98.34738,5,4,1.0
43.26806,-98.24695,4,5,0.8
43.26811,-98.07073,1,1,0.8
43.26857,-98.09061,2,2,0.8
43.19681,-98.07,3,3,1.0
43.19685,-98.0503,5,4,0.8
43.26799,-98.0511,4,5,0.8
43.24147,-97.83558,1,1,1.0
43.24143,-97.89407,2,2,0.8
43.24123,-97.87466,3,3,0.8
43.25549,-97.89462,5,4,0.8
43.24128,-97.85568,4,5,0.8
43.24168,-97.71733,1,1,1.0
43.21273,-97.71664,2,2,0.8
43.18375,-97.71596,3,3,1.0
43.19824,-97.71633,4,4,0.8
43.2418,-97.73786,5,5,0.8
43.19763,-97.57785,1,1,1.0
43.27028,-97.57874,2,2,0.8
43.19764,-97.59767,3,3,0.8
43.18315,-97.57792,4,4,0.8
43.19761,-97.61747,5,5,0.8
43.21294,-97.33865,2,1,0.8
43.22757,-97.33882,3,2,0.8
43.24199,-97.33876,1,3,1.0
43.24179,-97.37844,5,4,0.8
43.24191,-97.35868,4,5,0.8
43.2423,-97.16114,1,1,1.0
43.24257,-97.14066,3,2,0.8
43.24279,-97.08213,2,3,1.0
43.24265,-97.1206,4,4,0.8
43.24276,-97.10145,5,5,0.8
43.21478,-96.94216,2,1,1.0
43.25774,-96.94434,1,2,1.0
43.2298,-96.98229,3,3,0.8
43.21353,-96.98231,5,4,0.8
43.21435,-96.88541,4,5,1.0
43.25782,-96.79511,1,1,1.0
43.21426,-96.7958,5,2,1.0
43.25779,-96.7671,2,3,1.0
43.25784,-96.82631,3,4,1.0
43.24329,-96.76694,4,5,0.8
43.21394,-96.62862,1,1,1.0
43.21399,-96.54948,2,2,1.0
43.21397,-96.5619,5,3,1.0
43.21393,-96.60888,4,4,0.8
43.21411,-96.64844,3,5,0.8
43.22858,-96.4331,1,1,1.0
43.25862,-96.43257,2,2,0.8
43.27323,-96.44372,3,3,0.8
43.27343,-96.46091,5,4,0.8
43.22843,-96.44656,4,5,0.8
43.2722,-96.29571,1,1,1.0
43.22922,-96.1774,5,2,0.8
43.25737,-96.17803,4,3,0.8
43.20018,-96.17735,2,4,1.0
43.27187,-96.17775,3,5,1.0
43.272,-96.098,1,1,1.0
43.23186,-96.00068,2,2,0.8
43.18629,-96.05952,3,3,1.0
43.27275,-95.99982,5,4,1.0
43.24421,-96.0202,4,5,0.8
43.16099,-103.64214,1,1,0.2
43.18768,-103.28682,1,1,0.2
43.18767,-103.19548,2,1,0.2
43.15301,-103.23173,1,2,0.2
43.18767,-103.1765,3,3,0.2
43.18741,-103.09611,4,4,0.2
43.18342,-103.07039,1,1,0.8
43.19653,-103.03018,3,2,0.2
43.19081,-103.05564,2,3,0.2
43.19114,-103.04135,5,4,0.2
43.18539,-103.08549,4,5,0.2
43.18836,-102.87843,1,1,0.2
43.1984,-102.33154,1,1,0.2
43.17162,-102.33595,2,2,0.2
43.1788,-102.32748,3,3,0.2
43.20162,-101.91073,2,1,0.8
43.17259,-101.85127,4,2,0.8
43.21597,-101.91065,1,3,0.8
43.1726,-101.89078,3,4,0.8
43.17255,-101.87093,5,5,0.8
43.20152,-101.63193,1,1,1.0
43.20109,-101.69222,2,2,0.8
43.17265,-101.67589,3,3,0.8
43.20158,-101.67254,5,4,0.8
43.21078,-101.61304,4,5,0.8
43.21522,-101.4944,2,1,0.8
43.21525,-101.55351,3,2,0.8
43.20074,-101.53373,5,3,0.8
43.20075,-101.57336,4,4,0.8
43.21524,-101.51384,1,5,1.0
43.21515,-101.40932,2,1,0.2
43.21516,-101.42327,1,2,0.2
43.23149,-101.19901,1,1,0.8
43.22466,-101.1894,2,2,0.2
43.21947,-101.17362,4,3,0.2
43.22723,-101.21182,3,4,0.2
43.21975,-101.22006,5,5,0.2
43.31042,-100.8033,2,1,0.8
43.2845,-100.78924,1,2,0.8
43.30292,-100.7307,5,3,0.8
43.30288,-100.75967,3,4,1.0
43.3038,-100.77515,4,5,0.8
43.21611,-100.62969,1,1,0.8
43.23646,-100.64379,2,2,0.2
43.22675,-100.63706,3,3,0.2
43.25194,-100.65107,4,4,0.2
43.26322,-100.6516,5,5,0.2
43.28503,-99.8702,1,1,0.8
43.27607,-99.87018,4,2,0.2
43.24085,-99.87017,3,3,0.2
43.29601,-99.8702,2,4,0.2
43.24356,-99.67242,2,1,0.8
43.28475,-99.69223,1,2,0.8
43.23767,-99.65266,3,3,0.8
43.23571,-99.63964,5,4,0.2
43.29383,-99.69222,4,5,0.2
43.28455,-99.51444,3,1,0.8
43.27017,-99.4353,1,2,0.8
43.32795,-99.43527,2,3,0.8
43.28871,-99.43528,5,4,0.2
43.31855,-99.43528,4,5,0.2
43.2846,-99.26739,1,1,1.0
43.28709,-99.21803,2,2,1.0
43.28471,-99.29692,3,3,0.8
43.28398,-99.35541,5,4,0.8
43.28469,-99.33638,4,5,0.8
43.32768,-99.14164,1,1,0.8
43.32849,-99.17746,2,2,1.0
43.32782,-99.15892,5,3,0.8
43.3424,-99.17858,3,4,0.8
43.32796,-99.19829,4,5,0.8
43.38396,-98.92337,1,1,0.8
43.35606,-99.00309,2,2,0.8
43.34184,-99.00254,4,3,0.8
43.32913,-99.00257,5,4,0.8
43.298,-98.86426,3,5,0.8
43.32616,-98.70721,1,1,0.8
43.34083,-98.70703,2,2,0.8
43.35551,-98.70686,3,3,0.8
43.38451,-98.70696,4,4,1.0
43.38462,-98.74611,5,5,0.8
43.25686,-98.54539,1,1,1.0
43.38428,-98.53843,2,2,0.8
43.38475,-98.50111,3,3,0.8
43.38398,-98.55886,4,4,0.8
43.38424,-98.58552,5,5,0.8
43.2694,-98.34564,1,1,1.0
43.38491,-98.40694,4,2,1.0
43.35511,-98.34576,5,3,0.8
43.34114,-98.40341,3,4,0.8
43.3841,-98.35229,2,5,1.0
43.3116,-98.15009,2,1,0.8
43.38381,-98.15085,3,2,1.0
43.34029,-98.14979,1,3,0.8
43.29729,-98.14982,5,4,0.8
43.32614,-98.15041,4,5,0.8
43.34124,-97.99404,1,1,0.8
43.32638,-97.99373,3,2,0.8
43.35564,-97.99453,2,3,0.8
43.31188,-97.99283,4,4,0.8
43.3842,-98.03442,5,5,0.8
43.32852,-97.83725,1,1,1.0
43.32868,-97.79731,2,2,0.8
43.29958,-97.83676,3,3,1.0
43.3857,-97.77794,4,4,1.0
43.34175,-97.8366,5,5,0.8
43.34311,-97.67539,1,1,1.0
43.34938,-97.60265,2,2,0.8
43.34286,-97.65861,3,3,0.8
43.29891,-97.5792,4,4,1.0
43.35692,-97.58018,5,5,1.0
43.40059,-97.46054,1,1,1.0
43.40087,-97.42082,2,2,1.0
43.38636,-97.42081,3,3,0.8
43.38609,-97.46045,4,4,0.8
43.32837,-97.37886,5,5,0.8
43.3279,-97.26001,1,1,1.0
43.37219,-97.26077,3,2,1.0
43.34322,-97.26061,2,3,0.8
43.32844,-97.20089,4,4,1.0
43.35766,-97.26068,5,5,0.8
43.32954,-97.08223,1,1,1.0
43.37302,-97.08236,2,2,1.0
43.34403,-97.08229,4,3,0.8
43.32962,-97.06255,3,4,0.8
43.35854,-97.08232,5,5,0.8
43.35944,-96.82618,1,1,1.0
43.3304,-96.82625,3,2,1.0
43.3886,-96.88593,2,3,1.0
43.40311,-96.88587,4,4,1.0
43.35929,-96.79655,5,5,1.0
43.3881,-96.72749,1,1,1.0
43.388,-96.64855,2,2,1.0
43.35911,-96.72748,4,3,0.8
43.30106,-96.68762,3,4,1.0
43.30107,-96.72685,5,5,1.0
43.3515,-96.48661,1,1,0.8
43.36116,-96.48671,2,2,0.8
43.37417,-96.4868,3,3,0.8
43.39009,-96.46693,4,4,1.0
43.38997,-96.44914,5,5,0.8
43.37336,-96.32967,1,1,0.8
43.34578,-96.36129,2,2,0.8
43.34622,-96.23396,3,3,1.0
43.39138,-96.32976,4,4,0.8
43.34587,-96.3788,5,5,0.8
43.34607,-96.13625,1,1,1.0
43.36055,-96.13594,3,2,0.8
43.34608,-96.09662,2,3,1.0
43.38286,-96.09644,4,4,0.8
43.33002,-96.13689,5,5,0.8
43.24607,-103.82058,1,1,0.8
43.22692,-103.82583,2,2,0.2
43.23573,-103.81764,3,3,0.2
43.21821,-103.82934,4,4,0.2
43.20041,-103.87402,5,5,0.2
43.30766,-103.34204,1,1,1.0
43.29984,-103.38172,2,2,0.8
43.24912,-103.34687,4,3,0.2
43.2919,-103.32468,3,4,0.2
43.30032,-103.33374,5,5,0.2
43.2886,-101.99783,1,1,0.2
43.28925,-102.01216,2,2,0.2
43.29819,-102.02262,3,3,0.2
43.43253,-101.07834,1,1,0.8
43.4044,-101.07836,2,2,0.2
43.41369,-101.07836,3,3,0.2
43.43309,-100.74062,1,1,0.8
43.40286,-100.73023,2,2,0.2
43.36273,-100.71252,5,3,0.2
43.35337,-100.71091,4,4,0.2
43.41375,-100.73035,3,5,0.2
43.41683,-100.02784,4,1,0.2
43.38639,-99.99559,1,2,0.2
43.45341,-100.02783,3,3,0.2
43.43122,-100.02786,2,4,0.2
43.38602,-99.79952,2,1,0.8
43.42982,-99.85054,3,2,0.8
43.38589,-99.71218,1,3,0.8
43.44433,-99.85053,4,4,0.8
43.38594,-99.7255,5,5,0.2
43.38578,-99.57352,2,1,0.8
43.38571,-99.59329,1,2,0.8
43.3859,-99.51456,4,3,0.8
43.38564,-99.61317,5,4,0.8
43.38586,-99.53386,3,5,0.8
43.38599,-99.43525,2,1,1.0
43.38577,-99.41543,1,2,0.8
43.44365,-99.43529,4,3,0.8
43.41476,-99.43529,3,4,0.8
43.42918,-99.43529,5,5,0.8
43.36964,-99.18428,1,1,0.2
43.45578,-99.04249,1,1,1.0
43.45555,-99.00242,3,2,0.8
43.45537,-99.02247,2,3,0.8
43.38435,-99.00299,5,4,1.0
43.3839,-99.02287,4,5,0.8
43.4567,-98.84509,1,1,1.0
43.44231,-98.84423,2,2,0.8
43.45655,-98.86475,3,3,0.8
43.45676,-98.88473,4,4,0.8
43.45683,-98.90408,5,5,0.8
43.42761,-98.64853,3,1,0.8
43.42753,-98.66827,1,2,0.8
43.38428,-98.60565,2,3,1.0
43.47079,-98.60889,4,4,0.8
43.45631,-98.60892,5,5,0.8
43.42782,-98.46994,2,1,0.8
43.42784,-98.45025,3,2,0.8
43.38423,-98.48571,5,3,0.8
43.48501,-98.41207,4,4,0.8
43.42774,-98.4896,1,5,0.8
43.47082,-98.27211,1,1,1.0
43.42787,-98.31145,3,2,0.8
43.45654,-98.27177,4,3,0.8
43.47078,-98.2522,2,4,0.8
43.49995,-98.26145,5,5,0.8
43.4704,-98.09665,1,1,0.8
43.42765,-98.07591,4,2,0.8
43.47008,-98.11306,5,3,0.8
43.42768,-98.05617,3,4,0.8
43.4705,-98.07686,2,5,0.8
43.47108,-97.89809,1,1,0.8
43.47112,-97.91786,2,2,0.8
43.47115,-97.87812,3,3,0.8
43.47112,-97.93779,4,4,0.8
43.39872,-97.93669,5,5,0.8
43.44365,-97.65803,2,1,1.0
43.44357,-97.69932,3,2,0.8
43.44346,-97.71968,1,3,0.8
43.44363,-97.67885,5,4,0.8
43.4434,-97.7394,4,5,0.8
43.44393,-97.50035,1,1,1.0
43.44389,-97.52021,2,2,0.8
43.44389,-97.54004,4,3,0.8
43.4585,-97.50046,3,4,0.8
43.47284,-97.5009,5,5,0.8
43.42983,-97.34,1,1,1.0
43.45869,-97.34002,2,2,0.8
43.42973,-97.37969,4,3,1.0
43.47318,-97.33992,3,4,0.8
43.44427,-97.34001,5,5,0.8
43.44515,-97.12214,5,1,1.0
43.4741,-97.12173,1,2,0.8
43.47373,-97.18176,4,3,0.8
43.44539,-97.10237,2,4,0.8
43.45927,-97.18165,3,5,0.8
43.44609,-96.98431,2,1,1.0
43.44631,-96.96451,5,2,0.8
43.51445,-96.93021,1,3,1.0
43.44556,-97.04292,4,4,1.0
43.44662,-96.88602,3,5,1.0
43.43028,-96.78478,1,1,1.0
43.43179,-96.76734,2,2,1.0
43.41723,-96.7672,3,3,0.8
43.41746,-96.8263,4,4,0.8
43.40273,-96.76705,5,5,0.8
43.43138,-96.609,1,1,1.0
43.42852,-96.63585,2,2,1.0
43.4314,-96.64877,5,3,1.0
43.44774,-96.57154,4,4,0.8
43.44769,-96.55614,3,5,1.0
43.4888,-96.43015,2,1,0.8
43.45487,-96.39187,1,2,0.8
43.42382,-96.429,3,3,0.8
43.50035,-96.43762,4,4,0.8
43.52938,-96.43193,5,5,1.0
43.43298,-96.27341,1,1,1.0
43.50024,-96.20875,5,2,0.8
43.48137,-96.27406,3,3,0.8
43.43301,-96.23361,4,4,0.8
43.46224,-96.19527,2,5,1.0
43.46178,-96.01809,1,1,1.0
43.43274,-96.01808,2,2,1.0
43.4327,-95.9982,3,3,1.0
43.48546,-96.01816,4,4,0.8
43.4731,-96.01806,5,5,0.8
43.30017,-103.96931,4,1,0.2
43.29358,-103.95428,3,2,0.2
43.28724,-103.92754,1,3,0.2
43.28949,-103.91484,2,4,0.2
43.28956,-103.9018,5,5,0.2
43.31079,-103.38227,1,1,0.8
43.31819,-103.35446,2,2,0.8
43.32518,-103.36239,3,3,0.2
43.32427,-103.34259,4,4,0.2
43.4827,-102.84825,1,1,0.8
43.39744,-102.84883,2,2,0.2
43.40685,-102.85177,3,3,0.2
43.46943,-102.87376,4,4,0.2
43.39178,-102.29669,1,1,0.2
43.46682,-102.02073,1,1,0.8
43.45336,-102.02316,2,2,0.2
43.53061,-101.50097,1,1,0.2
43.46165,-101.42786,3,1,0.2
43.4616,-101.27586,2,2,0.2
43.45726,-101.2876,1,3,0.2
43.46154,-101.08163,1,1,0.8
43.44702,-101.07835,2,2,0.8
43.46159,-101.1009,3,3,0.2
43.53619,-100.71887,1,1,0.2
43.50772,-100.61996,1,1,0.8
43.50778,-100.60707,2,2,0.2
43.50076,-100.58154,3,3,0.2
43.50655,-100.59373,4,4,0.2
43.51861,-100.6401,5,5,0.2
43.49278,-100.33022,1,1,0.8
43.49294,-100.35427,2,2,0.2
43.47811,-100.27064,2,1,0.8
43.4777,-100.21505,3,2,0.2
43.47808,-100.25419,1,3,0.8
43.47485,-100.29405,4,4,0.2
43.51449,-100.04104,1,1,0.8
43.50005,-100.04057,2,2,0.8
43.57236,-100.04109,5,3,0.8
43.52899,-100.04103,3,4,0.8
43.54347,-100.04102,4,5,0.8
43.4588,-99.85054,2,1,1.0
43.49997,-99.88201,1,2,0.8
43.49999,-99.89498,3,3,0.2
43.60443,-99.49146,1,1,0.2
43.59137,-99.49176,3,2,0.2
43.61533,-99.49121,2,3,0.2
43.58744,-99.0324,1,1,0.2
43.55723,-98.85142,1,1,0.8
43.54273,-98.85204,2,2,0.8
43.57169,-98.8508,5,3,0.8
43.61472,-98.95351,3,4,0.8
43.58592,-98.85365,4,5,0.8
43.58525,-98.71358,1,1,0.8
43.59969,-98.71376,2,2,0.8
43.61409,-98.71381,3,3,0.8
43.5851,-98.55553,1,1,0.8
43.5423,-98.55621,3,2,0.8
43.54176,-98.53573,2,3,0.8
43.58517,-98.59511,5,4,0.8
43.58512,-98.57516,4,5,0.8
43.58619,-98.38506,1,1,0.8
43.58642,-98.36511,3,2,0.8
43.54163,-98.43984,4,3,1.0
43.54195,-98.40194,2,4,0.8
43.54212,-98.32292,5,5,0.8
43.54205,-98.16458,4,1,0.8
43.55637,-98.14482,1,2,0.8
43.57086,-98.14548,2,3,0.8
43.54205,-98.12432,5,4,0.8
43.58588,-98.14598,3,5,0.8
43.57173,-98.00585,1,1,0.8
43.58627,-98.00616,2,2,0.8
43.54242,-98.02512,3,3,0.8
43.54263,-97.94576,5,4,0.8
43.60072,-98.0063,4,5,0.8
43.54333,-97.78628,1,1,1.0
43.57231,-97.78709,3,2,0.8
43.58668,-97.78739,2,3,0.8
43.54308,-97.88606,5,4,1.0
43.54343,-97.76641,4,5,0.8
43.57231,-97.62735,3,1,0.8
43.54327,-97.58753,2,2,1.0
43.54333,-97.62686,1,3,1.0
43.61531,-97.66643,4,4,1.0
43.55781,-97.62713,5,5,0.8
43.60116,-97.3883,1,1,1.0
43.54324,-97.38785,4,2,1.0
43.60113,-97.50759,2,3,1.0
43.60108,-97.4083,5,4,0.8
43.60118,-97.42815,3,5,0.8
43.54351,-97.28797,1,1,1.0
43.54344,-97.26801,2,2,1.0
43.55791,-97.28786,3,3,0.8
43.57241,-97.18903,4,4,0.8
43.55783,-97.18944,5,5,0.8
43.61003,-97.02966,1,1,1.0
43.54321,-97.08912,2,2,1.0
43.54319,-97.10925,4,3,1.0
43.587,-97.08943,3,4,0.8
43.57211,-97.02965,5,5,0.8
43.60897,-96.89281,3,1,1.0
43.60182,-96.86492,1,2,0.8
43.5723,-96.95031,2,3,1.0
43.51467,-96.89032,4,4,1.0
43.57244,-96.91053,5,5,0.8
43.63758,-96.65162,1,1,0.2
43.62804,-96.65163,2,2,0.2
43.64525,-96.65986,3,3,0.2
43.60951,-96.49222,5,1,1.0
43.52951,-96.45334,3,2,1.0
43.64532,-96.49183,1,3,1.0
43.52939,-96.53195,2,4,1.0
43.52916,-96.54927,4,5,1.0
43.58745,-96.31241,3,1,0.8
43.58744,-96.27254,1,2,1.0
43.58725,-96.35223,2,3,1.0
43.5584,-96.27306,4,4,0.8
43.57299,-96.27304,5,5,0.8
43.57268,-96.17314,1,1,1.0
43.61628,-96.09356,2,2,1.0
43.60172,-96.09337,3,3,0.8
43.64838,-96.13329,5,4,1.0
43.57692,-96.09333,4,5,0.8
43.52122,-102.89204,1,1,0.2
43.53355,-102.88349,2,2,0.2
43.54895,-102.88354,3,3,0.2
43.55928,-102.88653,4,4,0.2
43.57054,-102.89326,5,5,0.2
43.54608,-101.94581,1,1,0.8
43.54878,-101.92361,2,2,0.8
43.54497,-101.96383,3,3,0.2
43.60662,-101.90078,1,1,0.8
43.54862,-101.77378,2,2,0.2
43.59531,-101.90077,4,3,0.2
43.61658,-101.9008,3,4,0.2
43.54867,-101.75996,5,5,0.2
43.57789,-101.56159,1,1,0.8
43.57782,-101.60675,2,2,0.2
43.54874,-101.70542,3,3,0.2
43.57788,-101.54858,4,4,0.2
43.57788,-101.5209,1,1,1.0
43.58805,-101.52063,3,2,0.8
43.59788,-101.51349,2,3,0.8
43.56989,-101.44353,5,4,0.2
43.56338,-101.5209,4,5,0.8
43.56338,-101.31575,1,1,0.8
43.56018,-101.2685,4,2,0.2
43.55964,-101.28172,5,3,0.2
43.56333,-101.33207,2,4,0.2
43.56269,-101.29914,3,5,0.2
43.57344,-101.12904,1,1,0.2
43.5779,-101.00123,3,2,0.2
43.57339,-101.14174,2,3,0.2
43.57906,-100.92966,1,1,0.8
43.57869,-100.94543,2,2,0.2
43.57925,-100.87019,3,3,0.2
43.5793,-100.85339,4,4,0.2
43.57915,-100.90045,5,5,0.2
43.66665,-100.71356,2,1,0.8
43.64993,-100.73001,3,2,0.2
43.63767,-100.74294,1,3,0.8
43.659,-100.72089,4,4,0.2
43.62813,-100.74442,5,5,0.2
43.6447,-100.04097,1,1,0.8
43.65917,-100.04094,2,2,0.8
43.60131,-100.04104,3,3,0.8
43.63447,-100.04099,5,4,0.2
43.61133,-100.04103,4,5,0.2
43.65909,-99.60395,1,1,0.8
43.67355,-99.57983,2,2,0.8
43.65242,-99.61306,5,3,0.2
43.62771,-99.64639,4,4,0.2
43.66508,-99.58897,3,5,0.2
43.6579,-99.3116,1,1,0.8
43.64339,-99.31161,2,2,0.8
43.63127,-99.31155,3,3,0.8
43.67323,-99.31158,4,4,0.8
43.68679,-99.17167,2,1,0.8
43.62951,-99.27138,1,2,0.8
43.64416,-99.17227,3,3,0.8
43.67238,-99.17188,4,4,0.8
43.70134,-99.17173,5,5,0.8
43.61451,-99.01254,1,1,0.8
43.61449,-99.03257,3,2,0.8
43.67268,-98.9533,2,3,0.8
43.68724,-98.95349,4,4,0.8
43.6146,-98.99252,5,5,0.8
43.65814,-98.8542,2,1,0.8
43.67293,-98.85419,1,2,0.8
43.73065,-98.85466,5,3,1.0
43.64372,-98.85422,3,4,0.8
43.70171,-98.8543,4,5,0.8
43.70858,-98.63059,1,1,1.0
43.70879,-98.61119,2,2,1.0
43.70862,-98.65492,3,3,0.8
43.67251,-98.71418,4,4,0.8
43.72326,-98.65491,5,5,0.8
43.69628,-98.44424,1,1,1.0
43.71149,-98.43042,2,2,1.0
43.6726,-98.44331,3,3,0.8
43.65806,-98.44295,4,4,0.8
43.6435,-98.44259,5,5,0.8
43.69591,-98.30497,1,1,1.0
43.69522,-98.22568,2,2,1.0
43.69535,-98.36557,4,3,1.0
43.7094,-98.30541,5,4,0.8
43.65842,-98.26597,3,5,0.8
43.69553,-98.15213,2,1,1.0
43.69404,-98.08661,1,2,1.0
43.73119,-98.10667,3,3,1.0
43.69518,-98.18614,5,4,1.0
43.70211,-98.10655,4,5,0.8
43.69511,-97.92417,2,1,1.0
43.69484,-97.88735,1,2,1.0
43.67355,-97.88664,4,3,0.8
43.7027,-97.90748,5,4,0.8
43.69508,-97.94187,3,5,1.0
43.70221,-97.66642,2,1,1.0
43.66591,-97.72675,1,2,1.0
43.66574,-97.66644,3,3,1.0
43.70235,-97.7064,4,4,0.8
43.70235,-97.78761,5,5,1.0
43.71729,-97.50916,1,1,1.0
43.66444,-97.51501,2,2,1.0
43.66438,-97.5016,3,3,1.0
43.66662,-97.58831,4,4,1.0
43.68815,-97.50875,5,5,0.8
43.66629,-97.38057,1,1,1.0
43.66806,-97.3079,3,2,1.0
43.71701,-97.30871,2,3,1.0
43.66661,-97.4099,4,4,1.0
43.66652,-97.42671,5,5,1.0
43.68873,-97.06982,1,1,1.0
43.70781,-97.24877,4,2,1.0
43.70256,-97.23448,2,3,0.8
43.73151,-97.2491,5,4,0.8
43.7032,-97.10951,3,5,0.8
43.68899,-97.00977,4,1,0.8
43.70328,-96.93047,1,2,1.0
43.7033,-96.95036,2,3,0.8
43.68887,-96.99024,3,4,0.8
43.65927,-96.98168,5,5,0.8
43.70322,-96.78154,1,1,1.0
43.64536,-96.76984,3,2,1.0
43.68873,-96.77149,4,3,0.8
43.67427,-96.7715,2,4,0.8
43.70315,-96.81123,5,5,1.0
43.76131,-96.57208,2,1,1.0
43.7032,-96.63133,1,2,0.8
43.70325,-96.67125,4,3,0.8
43.73229,-96.62906,3,4,0.8
43.70322,-96.65118,5,5,1.0
43.6894,-96.43219,1,1,1.0
43.71832,-96.35204,5,2,1.0
43.68923,-96.41228,2,3,0.8
43.71829,-96.39224,4,4,0.8
43.68921,-96.35227,3,5,1.0
43.71815,-96.23249,1,1,0.8
43.68916,-96.25247,3,2,1.0
43.70346,-96.21263,2,3,0.8
43.71823,-96.25232,5,4,1.0
43.71795,-96.21267,4,5,1.0
43.71774,-96.07278,2,1,1.0
43.64539,-96.01315,1,2,1.0
43.68868,-96.07312,4,3,0.8
43.6598,-96.01302,3,4,0.8
43.71797,-96.11249,5,5,0.8
43.64306,-102.89353,1,1,0.2
43.66637,-101.92169,2,1,0.2
43.76049,-101.93752,1,2,0.8
43.75185,-101.93319,3,3,0.2
43.67617,-101.5381,1,1,0.2
43.69977,-101.54171,2,2,0.2
43.68872,-101.5417,3,3,0.2
43.78607,-100.67783,1,1,0.2
43.77681,-100.67799,2,2,0.2
43.74603,-100.041,1,1,0.8
43.76054,-100.04099,2,2,0.8
43.81849,-100.0414,5,3,0.8
43.72048,-100.04992,3,4,0.2
43.73586,-100.04304,4,5,0.2
43.80377,-99.56443,1,1,0.8
43.78409,-99.56436,3,2,0.2
43.7935,-99.56439,4,3,0.2
43.71228,-99.53298,5,4,0.2
43.84622,-99.50865,2,5,1.0
43.75227,-99.23274,1,1,1.0
43.7739,-99.25284,2,2,0.8
43.77402,-99.2322,3,3,0.8
43.83186,-99.28753,5,4,0.8
43.71678,-99.31185,4,5,0.8
43.75256,-99.07283,1,1,0.8
43.8308,-99.18427,3,2,1.0
43.74462,-99.11193,2,3,0.8
43.74465,-99.1827,4,4,1.0
43.74483,-99.09271,5,5,0.8
43.73751,-98.89503,1,1,1.0
43.78811,-98.97299,2,2,0.8
43.80287,-98.85599,4,3,0.8
43.7453,-99.01439,3,4,1.0
43.80259,-98.97288,5,5,0.8
43.73787,-98.78148,1,1,1.0
43.73078,-98.75949,2,2,1.0
43.80322,-98.7144,3,3,0.8
43.77434,-98.71464,5,4,0.8
43.73802,-98.79512,4,5,0.8
43.78944,-98.48315,1,1,0.8
43.77497,-98.48285,2,2,0.8
43.80386,-98.4834,3,3,0.8
43.7598,-98.48583,4,4,0.8
43.71761,-98.56695,5,5,0.2
43.80374,-98.44511,3,1,0.8
43.78912,-98.44535,4,2,0.8
43.81824,-98.44491,1,3,0.8
43.77448,-98.44562,2,4,0.8
43.83235,-98.44472,5,5,0.8
43.80446,-98.26621,2,1,1.0
43.80454,-98.22599,3,2,0.8
43.80498,-98.20567,1,3,0.8
43.78952,-98.14658,4,4,0.8
43.80477,-98.16705,5,5,0.8
43.83323,-98.02863,1,1,1.0
43.80514,-97.96802,2,2,0.8
43.80466,-97.98867,3,3,0.8
43.80487,-97.94869,5,4,0.8
43.81873,-98.02854,4,5,0.8
43.80406,-97.78886,1,1,1.0
43.80408,-97.80887,2,2,0.8
43.80421,-97.82895,3,3,0.8
43.81852,-97.78999,4,4,0.8
43.83299,-97.78814,5,5,0.8
43.80411,-97.58941,1,1,1.0
43.80405,-97.66872,3,2,1.0
43.80374,-97.62871,2,3,0.8
43.78953,-97.66885,4,4,0.8
43.81852,-97.66873,5,5,0.8
43.80436,-97.45667,2,1,0.8
43.80415,-97.42886,3,2,0.8
43.80392,-97.38911,1,3,1.0
43.80472,-97.50935,4,4,1.0
43.78941,-97.38895,5,5,1.0
43.78943,-97.26934,2,1,0.8
43.83299,-97.28901,1,2,0.8
43.78939,-97.28936,3,3,0.8
43.83311,-97.30917,4,4,0.8
43.78942,-97.30957,5,5,0.8
43.79065,-96.99087,4,1,1.0
43.79071,-97.02953,1,2,0.8
43.79075,-97.04944,3,3,0.8
43.83421,-97.02953,5,4,0.8
43.83417,-97.08965,2,5,0.8
43.81932,-96.93068,4,1,1.0
43.83389,-96.93076,1,2,1.0
43.79009,-96.87154,2,3,0.8
43.81911,-96.89073,3,4,0.8
43.79,-96.81111,5,5,1.0
43.8267,-96.65108,1,1,1.0
43.79757,-96.65119,2,2,0.8
43.81907,-96.7821,4,3,1.0
43.82948,-96.63655,3,4,0.8
43.7759,-96.65119,5,5,0.8
43.82586,-96.53459,1,1,1.0
43.79111,-96.51301,2,2,0.8
43.8491,-96.47016,3,3,1.0
43.84822,-96.49131,5,4,1.0
43.80592,-96.51404,4,5,0.8
43.79085,-96.35151,1,1,0.8
43.80544,-96.35151,2,2,0.8
43.84872,-96.27264,3,3,1.0
43.84891,-96.32709,4,4,1.0
43.84899,-96.31208,5,5,0.8
43.835,-96.11296,2,1,1.0
43.80466,-96.14287,1,2,0.8
43.77557,-96.1127,4,3,1.0
43.84877,-96.19263,3,4,1.0
43.84862,-96.22522,5,5,0.8
43.77947,-103.16604,1,1,0.2
43.79167,-103.04914,1,1,0.2
43.81079,-102.56511,1,1,0.8
43.82274,-102.57684,2,2,0.8
43.83066,-102.58461,3,3,0.2
43.81211,-102.15869,1,1,0.8
43.71938,-102.20256,2,2,0.8
43.81839,-102.16959,4,3,0.2
43.79958,-102.12814,3,4,0.2
43.71931,-102.22014,5,5,0.2
43.80126,-102.05915,1,1,0.8
43.79397,-102.03867,3,2,0.2
43.78864,-102.02215,5,3,0.2
43.79434,-102.07149,2,4,0.2
43.79074,-102.08512,4,5,0.2
43.84032,-101.89969,1,1,1.0
43.80683,-101.90195,4,2,0.8
43.83622,-101.77097,2,3,1.0
43.83612,-101.80027,3,4,1.0
43.8357,-101.82043,5,5,0.2
43.83597,-101.66723,1,1,1.0
43.83548,-101.60191,3,2,1.0
43.83588,-101.74118,5,3,1.0
43.83543,-101.70119,4,4,0.8
43.8355,-101.58194,2,5,0.8
43.85163,-101.42272,1,1,1.0
43.85038,-101.39035,2,2,0.8
43.85166,-101.43905,4,3,0.2
43.85019,-101.46294,5,4,0.2
43.83552,-101.56188,3,5,0.8
43.84298,-101.22583,1,1,1.0
43.85135,-101.20697,2,2,1.0
43.84399,-101.34313,3,3,0.8
43.83716,-101.33154,4,4,0.8
43.84021,-101.35636,5,5,0.2
43.86183,-101.18356,1,1,1.0
43.89706,-101.1042,2,2,1.0
43.89492,-101.08937,3,3,0.8
43.87194,-101.15714,4,4,0.2
43.86832,-101.16887,5,5,0.2
43.88682,-100.78276,1,1,1.0
43.88656,-100.79878,2,2,1.0
43.87947,-100.76576,3,3,0.8
43.84475,-100.70588,5,4,0.2
43.83367,-100.70314,4,5,0.2
43.90859,-100.48685,2,1,0.8
43.90856,-100.58651,1,2,0.8
43.90859,-100.50003,3,3,0.2
43.8618,-100.30615,2,1,0.8
43.90975,-100.40717,1,2,1.0
43.84303,-100.30598,3,3,0.2
43.88677,-100.3062,4,4,0.2
43.85245,-100.30612,5,5,0.2
43.89751,-99.9257,1,1,1.0
43.8968,-99.96573,2,2,1.0
43.89723,-99.9451,3,3,0.2
43.83297,-100.04148,4,4,0.8
43.8602,-100.04588,5,5,0.2
43.87698,-99.78567,1,1,0.8
43.87484,-99.73656,2,2,1.0
43.877,-99.76277,3,3,0.2
43.89044,-99.81565,4,4,0.2
43.87795,-99.8069,5,5,0.2
43.85171,-99.56908,1,1,1.0
43.91973,-99.60594,5,2,0.8
43.87186,-99.66571,3,3,0.8
43.84784,-99.54851,2,4,0.8
43.83279,-99.56453,4,5,0.8
43.8394,-99.47922,1,1,0.2
43.84412,-99.49018,2,2,0.2
43.87612,-99.18696,1,1,0.8
43.86178,-99.18689,2,2,0.8
43.91914,-99.2963,3,3,0.8
43.84731,-99.18555,4,4,0.8
43.84721,-99.29663,5,5,0.8
43.92069,-98.98713,1,1,0.8
43.93496,-98.98768,2,2,0.8
43.94945,-98.98746,4,3,0.8
43.8775,-98.9866,3,4,0.8
43.86252,-98.9863,5,5,0.8
43.84837,-98.85705,1,1,0.8
43.83178,-98.85664,2,2,0.8
43.93548,-98.72816,1,1,0.8
43.92096,-98.72818,2,2,0.8
43.90785,-98.45161,2,1,0.8
43.93692,-98.45163,1,2,0.8
43.89332,-98.45145,3,3,0.8
43.95141,-98.45165,4,4,0.8
43.86425,-98.45154,5,5,0.8
43.89466,-98.27139,1,1,1.0
43.92364,-98.27154,2,2,0.8
43.86595,-98.27138,3,3,1.0
43.89472,-98.25152,5,4,0.8
43.90911,-98.27155,4,5,0.8
43.89457,-98.0306,1,1,1.0
43.93825,-98.1313,2,2,0.8
43.89462,-98.09124,3,3,0.8
43.89475,-98.07127,4,4,0.8
43.95271,-98.13125,5,5,0.8
43.92318,-97.93134,1,1,0.8
43.93724,-97.93132,2,2,0.8
43.95179,-97.93134,3,3,0.8
43.96626,-97.93131,4,4,0.8
43.97822,-97.93129,5,5,0.2
43.87838,-97.67055,1,1,1.0
43.92164,-97.67054,2,2,0.8
43.9364,-97.67064,3,3,0.8
43.92216,-97.79082,4,4,0.8
43.90715,-97.6705,5,5,0.8
43.921,-97.51015,1,1,0.8
43.93561,-97.51016,2,2,0.8
43.95008,-97.51018,3,3,0.8
43.87773,-97.55038,4,4,0.8
43.96453,-97.51022,5,5,0.8
43.92109,-97.32916,1,1,0.8
43.89206,-97.32902,2,2,1.0
43.87753,-97.38952,3,3,1.0
43.89201,-97.38963,5,4,1.0
43.90658,-97.32899,4,5,0.8
43.89168,-97.18901,3,1,1.0
43.93517,-97.18921,1,2,0.8
43.92069,-97.18893,2,3,0.8
43.94967,-97.18923,4,4,0.8
43.89164,-97.14901,5,5,0.8
43.89164,-97.02897,1,1,0.8
43.97877,-96.90886,3,2,0.8
43.97888,-96.92912,2,3,1.0
43.90609,-97.06907,5,4,0.8
43.96436,-96.92916,4,5,0.8
43.9026,-96.75875,1,1,1.0
43.89188,-96.75836,2,2,1.0
43.90638,-96.80873,5,3,1.0
43.93536,-96.80903,4,4,0.8
43.92088,-96.80881,3,5,0.8
43.906,-96.58702,1,1,1.0
43.94974,-96.64848,2,2,0.8
43.90565,-96.54663,3,3,0.8
43.89149,-96.58717,5,4,0.8
43.90607,-96.56688,4,5,0.8
43.96561,-96.42832,1,1,1.0
43.98016,-96.42833,4,2,0.8
43.9366,-96.42829,2,3,0.8
43.99477,-96.42825,3,4,1.0
43.90729,-96.42745,5,5,1.0
43.95045,-96.271,1,1,0.8
43.99388,-96.20489,3,2,1.0
43.9359,-96.26805,2,3,0.8
43.8922,-96.18447,5,4,0.8
43.96486,-96.24466,4,5,0.8
43.99348,-96.02404,1,1,1.0
43.93567,-96.10421,4,2,0.8
43.87746,-96.02348,3,3,0.8
43.90804,-96.08423,2,4,0.8
43.95005,-96.06421,5,5,0.8
43.7931,-103.05197,1,1,0.2
43.86497,-102.61837,1,1,0.8
43.85703,-102.61056,3,2,0.2
43.87244,-102.62572,2,3,0.2
43.88122,-102.63282,4,4,0.2
43.96468,-102.33832,1,1,1.0
43.87392,-102.23851,2,2,0.8
43.96565,-102.28365,5,3,0.2
43.86656,-102.23053,3,4,0.2
43.93798,-102.23883,4,5,0.2
43.93375,-102.14901,2,1,1.0
43.90743,-102.05353,1,2,1.0
43.91088,-102.06598,3,3,1.0
43.92728,-102.1373,5,4,0.2
43.9239,-102.12084,4,5,0.2
43.86507,-101.95358,1,1,1.0
43.85535,-101.93084,2,2,1.0
43.88092,-101.98895,3,3,0.2
43.87502,-101.9764,5,4,0.2
43.89644,-102.02398,4,5,0.2
43.90378,-101.66121,1,1,0.8
43.95043,-101.66112,4,2,0.2
43.98073,-101.65424,3,3,0.8
43.93708,-101.66109,2,4,0.8
43.92773,-101.66118,5,5,0.2
43.92289,-101.14422,1,1,0.8
43.94107,-101.14415,2,2,0.8
43.9991,-101.15428,3,3,0.8
43.98827,-101.15169,4,4,0.8
43.96055,-101.14416,5,5,0.2
43.89931,-101.05636,1,1,0.2
43.9012,-101.06908,2,2,0.2
43.8976,-101.0438,3,3,0.2
43.92254,-100.58649,1,1,0.8
43.91024,-100.62658,2,2,0.8
43.91593,-100.60526,3,3,0.2
43.9081,-100.63899,4,4,0.2
43.90882,-100.61337,5,5,0.2
43.91811,-100.4783,3,1,0.2
43.90858,-100.46827,2,2,0.2
43.91773,-100.49404,4,3,0.2
43.90859,-100.43526,1,4,0.2
43.90859,-100.44802,5,5,0.2
43.9657,-100.32587,1,1,0.2
43.98535,-100.3259,2,2,0.2
43.97619,-100.32626,3,3,0.2
43.9487,-100.06597,1,1,0.8
43.96195,-100.06599,2,2,0.2
43.96322,-99.86572,1,1,0.8
43.99219,-99.86577,4,2,0.8
43.93426,-99.86565,3,3,0.8
43.97771,-99.86575,2,4,0.8
43.9515,-99.86569,5,5,0.2
43.99159,-99.48661,1,1,0.8
44.02104,-99.48677,4,2,0.2
43.96286,-99.59086,2,3,0.8
44.0093,-99.47576,5,4,0.2
43.98402,-99.49511,3,5,0.2
44.07757,-99.32572,1,1,1.0
44.07716,-99.34473,3,2,0.2
44.07717,-99.30788,2,3,0.2
43.94514,-99.29728,4,4,0.2
44.07564,-99.29427,5,5,0.2
44.07838,-99.08645,1,1,0.8
44.0772,-99.16705,2,2,0.2
44.07723,-99.1915,3,3,0.2
44.07824,-99.0996,4,4,0.2
43.99276,-98.98729,1,1,0.8
43.97842,-98.98732,2,2,0.8
43.9639,-98.98737,3,3,0.8
44.00466,-98.98703,4,4,0.2
44.05864,-98.98643,5,5,0.2
43.97879,-98.72844,1,1,0.8
44.0795,-98.78908,2,2,0.8
44.04723,-98.72861,5,3,0.2
43.98776,-98.72849,3,4,0.2
44.07968,-98.77254,4,5,0.2
44.08096,-98.63018,1,1,0.8
44.08083,-98.64991,2,2,0.8
44.08035,-98.61767,3,3,0.2
44.06679,-98.37199,1,1,0.8
43.99501,-98.45166,3,2,0.8
44.00956,-98.45166,2,3,0.8
44.06509,-98.35194,4,4,0.8
43.98048,-98.4517,5,5,0.8
44.05427,-98.21074,1,1,1.0
44.06905,-98.21039,2,2,0.8
44.08361,-98.21071,5,3,0.8
44.05425,-98.19157,3,4,0.8
44.05418,-98.17167,4,5,0.8
44.00979,-98.03089,1,1,1.0
44.01012,-98.05114,2,2,1.0
44.00978,-98.01124,3,3,0.8
44.05405,-98.0515,4,4,0.8
44.02495,-98.05108,5,5,0.8
44.00915,-97.85089,1,1,0.8
44.00929,-97.87102,2,2,0.8
44.03805,-97.71131,1,1,0.8
44.0671,-97.71124,2,2,0.8
44.05256,-97.71125,5,3,0.8
44.05175,-97.55065,4,4,0.8
44.08162,-97.71123,3,5,0.8
44.00802,-97.47043,1,1,1.0
44.05154,-97.47071,2,2,0.8
44.03708,-97.47064,3,3,0.8
44.02243,-97.47054,4,4,0.8
44.00793,-97.45035,5,5,0.8
44.05137,-97.28934,3,1,0.8
44.06596,-97.26927,4,2,0.8
44.02237,-97.28896,5,3,0.8
44.06591,-97.28944,2,4,1.0
44.06602,-97.24921,1,5,0.8
44.08022,-97.06911,1,1,1.0
44.06539,-97.12945,5,2,1.0
44.05118,-97.06929,2,3,0.8
44.08035,-97.04902,3,4,0.8
44.0799,-97.12936,4,5,1.0
44.08014,-96.82902,2,1,1.0
44.08052,-96.94932,3,2,1.0
44.05109,-96.82958,1,3,1.0
44.08032,-96.84903,4,4,0.8
44.03662,-96.82947,5,5,0.8
44.05143,-96.68845,3,1,0.8
44.05141,-96.72898,4,2,0.8
44.05504,-96.75877,2,3,1.0
44.05119,-96.66873,1,4,0.8
44.05191,-96.7887,5,5,1.0
44.05118,-96.48585,1,1,1.0
44.00697,-96.48563,2,2,1.0
44.03666,-96.48576,3,3,0.8
44.0074,-96.58674,4,4,1.0
44.00925,-96.42819,5,5,1.0
44.06692,-96.36798,3,1,1.0
44.06656,-96.34785,1,2,1.0
44.0521,-96.34783,4,3,0.8
44.09573,-96.30764,2,4,1.0
44.06654,-96.26497,5,5,0.8
44.06641,-96.10433,5,1,1.0
44.06642,-96.16462,2,2,0.8
44.0375,-96.20482,4,3,1.0
44.03742,-96.16477,1,4,0.8
44.03745,-96.18475,3,5,1.0
